,vehicle_count,average_speed,lane_occupancy,flow_rate,time_of_day,waiting_time
0,54,10.21610043,59.92021794,1467,evening,12.52445765
1,75,63.64215981,87.6348213,1098,afternoon,44.82814244
2,95,37.38076004,0.765823053,1411,night,80.4384258
3,87,59.81208648,75.96124577,892,evening,11.2636874
4,38,48.43182061,43.52847751,949,night,18.1415487
5,36,62.27968757,12.40601639,1223,evening,2.7474296
6,96,49.78069794,58.24577392,712,morning,10.47995171
7,87,25.05420155,53.26149236,779,morning,23.70577739
8,69,17.80728789,84.23080381,714,evening,5.960409563
9,110,23.06913055,52.15627431,831,evening,23.10101339
10,111,27.73434101,82.73518701,1452,night,11.25744586
11,113,58.76765275,54.44892462,938,night,138.2997854
12,98,69.20409835,44.69455833,1389,evening,14.13431018
13,117,43.77437406,37.11839007,904,evening,1.195181422
14,95,32.07551206,17.36974382,609,night,19.21404437
15,33,50.60977629,58.40308804,941,evening,12.19496153
16,71,10.52806537,54.42502855,892,morning,13.86241981
17,106,62.3855238,97.57396516,1237,night,13.88648293
18,99,48.56982857,41.24088008,1420,morning,63.90187873
19,39,51.47436948,42.15232631,1216,night,20.69046981
20,73,39.26742605,16.3871385,602,evening,8.744318623
21,104,37.52275903,59.75715546,748,afternoon,47.1792334
22,37,17.01234834,84.7852269,1440,night,17.5797577
23,119,67.35718396,24.79231646,902,night,4.71209245
24,106,24.79368334,0.907790065,1121,afternoon,195.0351553
25,99,35.58340461,69.14736233,883,afternoon,0.832169688
26,63,31.04324124,3.137379165,578,morning,37.05708224
27,68,66.65677472,40.92762993,891,evening,56.42883399
28,121,38.31368241,61.27103377,1255,afternoon,13.10000467
29,54,69.26811894,38.60117171,746,night,5.135872411
30,54,61.65861015,26.05782162,521,afternoon,17.21072578
31,44,31.1135833,79.9266508,917,afternoon,19.76104896
32,35,47.97702801,30.09331981,573,evening,243.7055853
33,100,16.0685348,18.00467933,1106,evening,0.589728696
34,44,57.98997972,38.8396705,517,morning,32.00328918
35,79,36.89195656,13.16649001,1412,evening,48.95797243
36,112,28.87689187,69.0396978,1276,morning,28.86251033
37,64,44.5247688,71.00804155,1454,afternoon,29.82200905
38,102,40.71895162,1.477859313,884,morning,62.45794608
39,87,55.65315578,69.48664925,521,morning,24.9840345
40,129,87.99839187,29.89873396,650,evening,64.00688527
41,127,76.45067913,65.62035939,829,afternoon,7.07872914
42,106,26.12585656,70.64840359,515,morning,21.7777137
43,120,80.70510299,27.77814269,719,afternoon,1.025200564
44,56,50.93596283,18.53856066,1139,night,48.81026494
45,84,0,82.63589218,1166,night,45.05581084
46,40,45.45642279,73.91842794,765,night,23.23331398
47,76,18.83897219,83.71423399,825,afternoon,15.11664852
48,51,41.23842537,43.57198732,550,night,13.8664022
49,66,88.1716641,45.63687849,761,evening,6.735929143
50,70,23.79057517,34.41671683,866,afternoon,16.75268314
51,80,23.20227936,49.90624639,1268,night,10.86825783
52,78,48.03175505,64.65700551,1380,night,25.85916317
53,60,33.64683547,81.45449345,1468,morning,46.32120848
54,56,44.88835719,18.31706355,1486,afternoon,35.53850669
55,52,52.17397295,40.54176305,743,night,21.643638
56,30,20.38696882,46.12016364,939,afternoon,89.04567001
57,105,54.56748611,48.79945501,958,afternoon,6.594121157
58,118,34.77676815,54.19729095,655,evening,30.64729361
59,89,71.44331698,80.17472543,720,night,2.764844276
60,85,32.52893136,88.62505787,1425,evening,33.53505524
61,98,35.77498471,15.91576694,1272,night,38.76618379
62,42,31.37574977,71.26818415,1319,afternoon,45.78282814
63,40,41.71399296,47.91082459,627,afternoon,32.69788821
64,74,21.17546725,41.77167127,698,afternoon,3.92451527
65,74,60.44254652,11.33431591,703,afternoon,1.359100687
66,50,39.45509962,6.413575155,901,night,37.58035817
67,40,66.23768325,97.78109773,810,morning,48.0191957
68,104,51.17163163,64.23685226,513,afternoon,0.995570487
69,57,84.24418512,45.24258829,1185,night,4.873180031
70,39,44.83731381,76.17635053,1036,afternoon,46.86038979
71,119,42.84475757,9.113273252,1290,morning,103.099973
72,41,61.77121861,60.74463919,540,night,22.05263057
73,73,8.471950716,66.06115908,1097,afternoon,4.992683055
74,38,40.40571434,45.20549039,531,evening,11.62566238
75,45,48.26199907,25.25986184,912,morning,45.61853109
76,116,64.48844496,95.45848894,772,evening,23.5069688
77,115,68.60762631,30.11349,554,evening,1.785978106
78,128,72.38211833,12.47969324,797,afternoon,11.0632625
79,37,44.09883121,63.04735776,1085,evening,41.92564527
80,119,35.26536594,57.4322972,642,night,11.82601801
81,96,51.17727182,75.47725383,1223,morning,16.98633429
82,33,44.67759072,75.37831323,586,night,70.63191565
83,104,16.5018782,62.02359429,682,evening,125.2854846
84,103,53.27994992,20.75352949,881,night,42.46582521
85,57,31.70167686,88.71455422,900,morning,8.238071008
86,111,45.44451529,24.8283005,1368,evening,8.35755177
87,107,44.22857035,9.398428844,1350,morning,10.88363387
88,37,92.83095354,30.1499124,716,afternoon,5.250437649
89,74,67.98933261,48.32321992,878,afternoon,5.91084621
90,40,62.81921381,20.71826472,1089,night,8.871008723
91,117,69.43939665,33.36716687,707,night,32.35425735
92,118,43.07962418,51.36931921,1383,evening,28.43880331
93,78,25.1218298,32.29394285,1185,evening,12.5064795
94,97,6.781908176,8.931735148,543,afternoon,6.569598326
95,131,60.81823715,19.72135168,916,afternoon,29.34673149
96,78,61.07952161,79.42068788,861,morning,4.207998954
97,94,34.80141517,95.43316189,1088,afternoon,4.743378007
98,112,37.25746545,14.84368892,545,afternoon,14.50442647
99,76,33.97814347,68.10190525,1142,morning,25.13618229
100,53,34.01778914,90.55797754,779,afternoon,39.09046437
101,65,39.91224421,29.91428593,812,night,34.84467452
102,37,56.72187607,82.94617348,671,morning,14.26625746
103,114,71.24137482,90.49357714,1278,afternoon,31.89610995
104,86,49.52555889,29.94978904,547,morning,7.122859505
105,113,75.32709514,5.674081008,856,afternoon,20.42144236
106,123,97.42821426,91.67930885,1028,afternoon,28.65702447
107,30,57.98866084,33.04826745,1127,evening,40.92493458
108,125,48.76878443,1.373805698,1475,morning,2.488054514
109,76,3.474742636,47.49197752,1201,night,3.198882008
110,137,62.08116012,11.58765808,1161,afternoon,2.301653142
111,76,51.24969384,90.17018747,1210,night,23.72075143
112,37,51.75121889,15.49954284,849,evening,25.32291775
113,31,45.54540451,30.44188048,865,night,0.332295222
114,119,41.30428142,79.04501709,535,evening,32.07459494
115,13,30.0196137,80.63469703,1297,morning,43.23195979
116,86,66.15088657,90.12799887,545,evening,3.719654125
117,120,0,49.73961569,917,afternoon,12.34421402
118,72,58.86798357,98.6720629,1359,evening,56.90802579
119,74,19.68520535,51.61890058,684,morning,34.86574515
120,72,75.58138382,79.07077916,913,morning,10.89992862
121,87,43.34610379,36.19024159,804,afternoon,40.67212457
122,82,61.18922636,94.12913163,570,afternoon,65.48213519
123,134,53.8273689,68.50162267,1453,night,11.10236223
124,61,73.89365887,7.709825166,1457,afternoon,34.58733733
125,115,86.89957379,10.85198288,1324,evening,2.942261412
126,89,73.18787029,89.08105511,856,afternoon,1.814256377
127,33,62.37259726,80.95585125,1300,night,26.47533138
128,102,44.3244647,33.00942398,1312,afternoon,20.34326689
129,84,59.7074803,52.15959637,583,night,49.8358788
130,31,70.57171467,85.27484378,529,afternoon,45.4624833
131,42,42.2795806,10.34311041,1477,morning,10.13541124
132,121,51.3655748,13.81394216,1223,afternoon,21.5393321
133,101,34.7510205,71.55269387,705,evening,42.29015149
134,57,67.33881357,8.220548244,522,morning,9.480501456
135,63,60.0263424,35.25664964,1171,afternoon,13.48069207
136,119,24.59090234,25.18083222,596,afternoon,1.851905423
137,37,56.75812697,76.02858946,1482,morning,4.194714855
138,67,46.09071267,0.24478736,1174,morning,28.26521121
139,66,52.54352457,11.5384717,1191,morning,20.6001187
140,69,35.99626618,9.9007541,1305,evening,5.538990474
141,111,76.35098966,31.80770519,837,afternoon,0.2192352
142,52,36.89882577,23.2479499,1288,night,5.554960931
143,79,92.51073356,22.82827851,1449,afternoon,41.54565647
144,49,52.99508929,37.03932613,1086,afternoon,2.950961429
145,60,44.12891916,21.40489775,879,morning,15.44748779
146,77,58.97894733,10.62141887,1334,night,8.185341928
147,108,56.18232649,58.32512643,1352,afternoon,23.91503501
148,27,89.59260649,95.1737697,1279,afternoon,21.49568841
149,69,59.29281226,60.7164927,614,morning,122.1543792
150,36,12.91263301,75.70206706,1439,afternoon,44.46831284
151,66,37.31273141,97.21768392,1323,evening,83.57851915
152,61,66.20644568,15.31626452,992,afternoon,25.87953252
153,105,46.52453906,45.98099721,905,evening,40.15729913
154,58,39.95827699,58.18473575,971,morning,67.63573418
155,53,36.59126645,32.21128266,1411,afternoon,1.258147288
156,40,31.60017978,61.31294785,785,evening,74.11242897
157,67,55.09198947,62.38204902,1211,afternoon,7.138972164
158,63,36.69786462,84.22292363,666,morning,36.62503554
159,101,76.89590692,83.25153827,1049,morning,44.52924396
160,105,33.42198362,14.25219388,562,afternoon,3.473303994
161,42,23.95248503,16.88918902,524,morning,91.79206962
162,57,49.61954973,22.23719878,530,evening,78.33825544
163,87,9.287471467,26.1230231,1228,morning,31.88746238
164,69,1.877786449,56.44934072,1231,morning,5.064247378
165,41,62.49266688,32.74903409,1134,evening,25.04481752
166,80,51.09365827,95.29626866,1071,afternoon,12.65445934
167,123,8.273517328,11.83014213,573,morning,80.10717512
168,108,51.81655972,24.64849765,1064,afternoon,15.65941544
169,46,44.16525345,86.83175421,736,evening,35.50054215
170,120,19.53467946,58.43311351,1133,afternoon,30.40182153
171,61,64.62446064,54.74284463,1430,morning,9.483075009
172,106,80.36998353,59.43452517,1371,morning,23.00360765
173,80,88.49953257,25.22645596,1116,morning,15.8279736
174,43,56.53744698,76.14472232,824,evening,14.08224737
175,106,50.44853182,49.65321136,594,morning,59.85421554
176,73,85.48391554,4.259594126,530,afternoon,4.516258396
177,36,55.0466878,17.71582623,1523,night,15.8490202
178,76,43.18687013,81.66241554,757,night,0.203260627
179,101,36.88131903,34.50447656,1279,morning,9.10988558
180,97,61.07481841,77.3444127,920,evening,29.16574272
181,117,17.26724047,66.33767354,534,afternoon,2.747748082
182,59,73.19176824,30.14597807,1075,afternoon,9.489903834
183,70,22.18515784,12.7035544,643,evening,63.66516593
184,49,33.04443373,80.69452866,1317,afternoon,35.31363163
185,94,56.18369783,64.30873608,500,morning,2.186436835
186,36,84.91215877,30.07975086,1388,afternoon,146.3086258
187,99,44.62785639,52.32749682,819,night,87.08999505
188,41,28.98356493,61.19030715,983,evening,4.583693336
189,83,71.34899209,0.211852168,835,afternoon,76.48083653
190,49,41.18134551,67.05132748,614,afternoon,23.95148137
191,104,16.41610115,65.60780671,1196,evening,79.51369637
192,36,62.12241834,8.25784216,1373,afternoon,103.3082153
193,57,45.55553184,78.77533337,1028,evening,35.48234844
194,50,45.12010001,82.508885,880,morning,10.32959343
195,103,64.74123022,29.01624707,929,evening,77.57131652
196,80,66.55356815,16.22126572,727,afternoon,25.56277081
197,104,34.96956722,68.64814991,1091,afternoon,12.53561293
198,111,52.44681587,12.33501584,1214,morning,18.4876924
199,86,18.83411356,85.8042417,954,afternoon,15.63648353
200,117,44.85758696,48.0129485,759,night,82.13519182
201,69,32.44907641,90.9808982,1053,night,51.41614154
202,104,45.79399521,64.2169372,725,afternoon,0.956327267
203,120,41.80698617,28.5092266,692,afternoon,0.297136499
204,113,46.36274685,46.80377157,754,afternoon,2.156955264
205,121,16.57158987,52.93471476,1472,evening,28.27803098
206,135,23.64083142,81.51586649,818,afternoon,50.53773975
207,44,45.66415394,86.18551642,810,evening,21.70500595
208,123,79.88840815,68.30117762,505,afternoon,22.95355548
209,116,64.64047999,29.41981052,784,afternoon,8.249787269
210,84,58.67989703,52.8568508,878,afternoon,18.44629251
211,101,38.09099213,13.06218524,871,morning,8.905561903
212,103,31.10907458,23.01094755,1487,evening,9.606690003
213,117,62.49347296,30.30586342,1049,morning,14.88598826
214,118,26.70049051,7.275993158,1299,afternoon,1.461373136
215,117,82.63859133,88.49886057,1402,morning,93.00503691
216,98,49.13179254,12.26441772,633,morning,73.69399394
217,62,90.2918766,69.68387261,753,night,47.72808985
218,75,84.06718723,50.56618688,1335,morning,25.21540465
219,116,58.42606029,83.17678286,531,evening,50.30348918
220,117,57.63367483,74.10357482,1072,afternoon,109.6490515
221,91,37.09985727,75.97380053,1370,afternoon,10.00482454
222,104,76.44051337,41.83462777,623,night,13.58968269
223,44,42.37232986,83.39761359,928,night,39.17417141
224,132,16.23198835,9.474187559,910,evening,30.88927774
225,48,73.07845266,44.44190159,947,evening,52.25803937
226,98,60.91515706,99.46140608,1373,afternoon,12.78444881
227,119,39.70125237,94.8114545,929,afternoon,11.15594625
228,120,55.29899188,8.221258498,1441,morning,26.41447085
229,42,50.65432067,57.29855892,1056,evening,4.729728292
230,63,79.56441822,31.56506118,1453,night,1.211377525
231,93,29.86081447,72.8472535,1195,afternoon,8.396803957
232,80,79.80007421,73.57874336,938,afternoon,5.170821451
233,107,76.60289011,0.009326802,540,morning,0.200927959
234,41,37.19027373,84.58191808,693,night,45.15352362
235,82,58.41152154,22.35827077,904,afternoon,23.50604497
236,24,60.95561752,96.59066142,635,evening,33.16485329
237,79,109.5729237,90.54313079,1487,evening,5.339748808
238,77,34.38534581,19.0659049,1196,evening,8.899341931
239,60,11.49016208,63.6335424,622,morning,1.859848584
240,100,9.797445364,29.6351306,726,morning,179.43106
241,120,54.2232707,10.29841354,1115,evening,3.263893437
242,26,70.49505223,87.40023281,1219,night,2.84135604
243,84,32.20852506,18.08264722,914,afternoon,28.57063347
244,122,46.17497977,42.09675604,1203,afternoon,12.09875042
245,52,41.1432093,92.4189126,1226,afternoon,65.56520826
246,86,27.13914574,7.53543414,1275,evening,53.42788209
247,50,62.0660781,55.05844957,584,evening,60.78331092
248,118,15.06595212,57.21443723,596,evening,39.85551844
249,51,62.76197208,76.30667107,990,morning,4.239640229
250,35,41.39537509,82.71308698,1206,morning,1.971751932
251,34,69.69179079,42.41437948,1484,evening,2.00437911
252,122,53.45068413,74.36830407,1353,evening,48.55127209
253,118,18.99548837,91.04393171,1047,night,32.11103035
254,74,56.25367612,88.62661991,849,afternoon,118.8748121
255,123,42.3408943,50.18190686,1254,morning,30.94332668
256,54,71.86069996,60.70295495,566,afternoon,8.601013465
257,118,64.54866556,67.28088619,1304,evening,2.813312247
258,128,72.87588973,81.91087999,841,evening,13.65224949
259,123,43.09484305,50.77330898,501,night,6.682919483
260,101,31.6785008,11.19000193,1321,night,29.69774367
261,89,49.70834533,38.53017371,1406,morning,3.026543679
262,52,64.66156499,72.02020794,1201,morning,44.41954534
263,63,30.82866908,62.37989452,744,afternoon,35.77621963
264,59,56.1750597,75.34918015,721,afternoon,39.99488263
265,124,57.52014366,49.99537383,1483,morning,100.9838577
266,93,77.50718596,17.44047725,925,evening,31.54270619
267,121,29.15433109,11.52075386,1023,morning,46.61334388
268,76,59.84921081,48.1261939,1015,afternoon,2.674923014
269,30,40.16162053,20.57248362,964,morning,85.98885424
270,42,34.89642201,98.22668881,1208,afternoon,7.399002245
271,67,88.84842375,19.87529719,705,afternoon,20.38033516
272,125,58.90644187,56.67842947,1391,afternoon,94.46257346
273,101,80.73867734,0.176793419,935,night,5.930252096
274,67,35.05899598,25.36450822,1332,evening,1.084580865
275,54,83.53177015,25.91384872,1097,afternoon,10.57469109
276,41,41.84777875,73.79874356,1134,evening,5.10143559
277,126,65.90039698,49.56261385,495,evening,33.08135666
278,108,31.09679289,1.209185101,596,morning,9.787474091
279,70,28.54183753,37.91709389,1223,night,1.947015717
280,28,49.46837167,64.47810971,1370,night,67.05439022
281,24,80.97945419,63.67069549,1001,evening,1.522219882
282,36,75.27626226,5.388871421,1256,evening,9.493609603
283,106,52.82636245,92.89129324,826,morning,8.244729462
284,47,43.53771126,24.69910687,709,morning,0.713623415
285,34,56.36874707,89.15261141,1026,afternoon,5.418068536
286,45,28.9581946,21.34144459,505,night,50.5974976
287,121,52.80014083,56.78502843,783,night,1.147511815
288,46,50.94645478,40.60803082,722,evening,0.705038473
289,73,51.03498407,58.13492831,695,afternoon,30.15539737
290,97,59.28907772,49.78628142,1327,evening,2.793795893
291,73,65.84083009,0.204731085,1269,evening,13.93634767
292,104,2.197773282,35.13323748,1256,afternoon,0.064315513
293,29,33.38204339,1.121715633,1139,night,13.50037841
294,102,36.88906105,68.33665347,804,evening,11.4836067
295,103,46.83322996,85.34958052,856,evening,28.45670658
296,116,48.59498208,38.47144617,658,morning,20.74020842
297,41,62.68334085,52.48020376,856,night,34.04507695
298,64,56.4401926,6.583734718,1491,evening,82.39860665
299,63,73.96490671,38.51974088,1347,afternoon,47.56773842
300,83,43.99701995,13.88604064,744,evening,81.339492
301,115,36.41676554,6.470183895,596,morning,1.672541209
302,117,47.20184055,17.20331475,1260,night,139.1897267
303,42,50.59573362,87.08439436,1146,night,11.66086933
304,46,51.98848523,98.22044033,857,morning,9.718681651
305,106,44.88092784,87.92141328,934,morning,15.5013669
306,81,71.7163375,96.96704717,1098,afternoon,45.87747359
307,73,69.70621072,73.08068015,1108,morning,92.55970164
308,42,71.75139814,15.97054998,1397,evening,24.23894662
309,96,30.26647459,56.31704531,1008,night,5.030817275
310,106,64.4929846,73.15960696,1433,night,7.22602723
311,30,82.11545459,51.34627941,493,evening,15.59455516
312,113,72.38825827,55.46672341,740,evening,13.659703
313,120,39.72695895,58.6190095,862,evening,8.164893519
314,107,43.36383847,46.68464394,730,afternoon,56.95927804
315,60,18.60386893,29.05884664,1465,afternoon,9.85980777
316,104,75.71791746,63.70251388,1171,evening,26.95007305
317,42,30.46663068,5.350839589,776,night,19.57759536
318,71,40.41664639,17.09272467,1353,night,77.09833501
319,104,61.17785325,92.5261538,1075,evening,29.74016049
320,66,52.89031877,48.88162525,794,night,12.10821081
321,127,57.29022271,82.16838114,1182,morning,30.54071808
322,95,38.47398347,72.65406917,701,afternoon,11.5216718
323,123,24.82514486,32.0709054,968,evening,2.858002246
324,91,54.32287489,80.36490631,1140,morning,19.91964434
325,49,32.39154262,9.132244005,661,afternoon,59.0258832
326,106,60.40892052,87.49782543,542,evening,71.96658647
327,102,32.16707106,68.05600013,1383,morning,23.540908
328,73,47.01062754,92.70723169,1189,afternoon,36.07160955
329,41,84.31950865,89.55104002,881,night,28.30148341
330,107,54.3667851,38.02620356,775,afternoon,49.95245613
331,53,34.00231047,85.68325219,1117,afternoon,3.26849746
332,78,59.98193235,56.3016072,736,evening,15.3934495
333,48,47.16302524,15.71143164,1251,afternoon,8.753945176
334,120,34.22750823,82.95508634,870,evening,0.197928362
335,65,50.48695435,90.79197586,731,night,53.14457333
336,47,74.80360372,8.454720766,1302,evening,4.322543547
337,34,62.07969508,93.05528441,1288,afternoon,11.71916089
338,87,46.36026744,60.12649096,709,evening,60.49438848
339,115,25.74371718,2.58974154,1465,night,38.33046799
340,51,64.68667768,54.17946313,855,evening,25.15998539
341,43,59.55956196,79.67490343,763,morning,11.14354472
342,122,17.47130236,53.31814471,463,afternoon,21.72812662
343,112,20.37027381,70.7246254,1217,morning,1.736432923
344,115,81.45436536,87.95827319,1235,morning,38.98120888
345,53,56.40120017,86.97615102,738,afternoon,8.127331274
346,109,22.15314839,17.88699179,623,evening,19.57168975
347,81,72.73722438,42.71300251,1366,night,2.977037252
348,41,74.33067345,11.11650659,922,morning,37.21785559
349,85,35.80403601,59.50978171,933,night,67.85231632
350,63,31.54719264,95.47267511,601,evening,18.26067075
351,46,51.59027435,18.1846973,907,evening,2.60681168
352,43,53.20206382,40.36303638,668,morning,87.05352463
353,56,46.83609694,95.40268,944,night,17.77459441
354,29,28.54897566,75.01182264,895,evening,2.512519505
355,60,42.96590107,7.116947907,751,afternoon,6.263432372
356,94,41.51350168,42.84155666,962,morning,3.829706645
357,73,20.24192811,98.78857215,1022,evening,6.601649886
358,45,69.83114606,45.32425985,1513,morning,5.080487029
359,118,28.77223016,62.94014099,1279,morning,76.87085244
360,63,76.11987695,70.09767011,817,afternoon,7.036537881
361,46,53.06742651,66.39313898,789,evening,17.50009728
362,39,37.16005026,51.8718459,672,afternoon,39.26654749
363,127,57.75179727,13.27956875,802,morning,33.90059306
364,120,47.34068583,70.84148601,618,evening,94.02652134
365,102,76.48409829,93.33278727,550,night,101.4679388
366,79,92.42018441,94.16966473,959,morning,25.36759432
367,122,57.85007819,59.33894062,754,evening,41.86658529
368,50,46.42458123,49.21974891,1144,afternoon,14.63502256
369,82,82.05667215,33.39611003,725,morning,16.82412449
370,84,45.90489953,10.35689887,1309,evening,3.306884897
371,123,39.46397669,88.31178243,1109,afternoon,33.57236738
372,73,74.61120257,13.70534206,811,night,9.46634768
373,111,66.79144621,28.79457295,1516,afternoon,2.496926192
374,91,39.71816436,74.03984708,1115,morning,3.101903191
375,122,56.29853853,70.47636837,1162,afternoon,38.44473026
376,46,43.12228501,68.1012754,1022,evening,7.799173328
377,102,62.08459308,74.17069955,1132,morning,44.08836215
378,124,60.08698231,54.19774139,1024,morning,70.90829425
379,115,24.43485909,15.49509761,745,evening,12.5040693
380,117,50.82778378,99.8358013,1490,afternoon,47.37833123
381,68,20.32694212,89.21395872,923,evening,16.79781449
382,91,21.5462991,43.11522471,952,evening,44.3808175
383,58,40.12803192,53.03261098,1079,morning,10.98977255
384,81,38.06254912,39.35509502,699,morning,80.42196251
385,118,15.80543808,63.79781757,585,evening,130.7647256
386,119,26.26810758,73.11400398,659,night,14.64028345
387,56,19.17094961,23.15631988,820,night,6.654103657
388,119,35.17698487,43.27965335,1196,night,34.68700674
389,119,60.52364164,64.02347867,1225,night,26.28285636
390,101,79.5332617,98.80197206,1039,afternoon,142.917456
391,129,71.15536705,32.48741358,1382,morning,50.07471025
392,70,58.67896782,74.50004469,1172,night,54.073325
393,76,57.54851316,34.66717635,1184,evening,38.89146098
394,65,47.88220428,9.233975304,978,morning,12.95992604
395,42,48.0016637,77.014582,1514,afternoon,82.39240518
396,91,77.6908514,64.9306883,1215,morning,18.8022579
397,115,62.37019204,51.43397155,1088,night,15.29694771
398,125,53.9857382,67.50358888,694,afternoon,6.47888846
399,52,14.8918626,87.9300054,1194,afternoon,10.87031657
400,109,64.56878394,75.6510601,647,evening,0.067716588
401,132,64.82673405,85.78174229,1207,evening,32.35587398
402,100,37.60215983,29.00188365,833,afternoon,27.90154314
403,118,54.52749793,80.04835173,1131,morning,15.47681243
404,39,47.32758491,36.00093471,576,evening,102.4350815
405,127,39.23518027,2.065185639,936,night,35.43760618
406,39,58.20468483,4.318423646,1487,afternoon,8.34051616
407,107,28.38144679,73.03545627,858,morning,14.27832086
408,56,90.77752736,27.19093046,1057,morning,21.75770199
409,72,60.62452522,30.75842536,871,evening,23.64702414
410,70,47.80453431,62.25780461,1269,morning,9.673811011
411,121,69.17765596,74.15092599,1285,evening,8.608081688
412,84,65.67472113,55.88842511,932,morning,10.67554883
413,122,35.10416376,70.63722413,899,morning,99.19267769
414,43,39.897724,94.10528365,1166,afternoon,13.3663596
415,22,4.253091877,85.41599451,1290,morning,14.0589728
416,86,28.55797919,24.08036512,1185,morning,38.21514751
417,53,63.33728399,90.67916477,784,morning,5.329300417
418,59,53.66531738,29.72642552,1372,night,30.91430012
419,101,40.13512269,66.05882591,982,evening,32.91010203
420,107,56.94059515,87.47163235,1186,night,2.000702733
421,107,39.36215764,62.34461273,1302,afternoon,6.319601316
422,81,20.9833261,80.61961361,1097,afternoon,18.84838026
423,63,31.06504024,92.73471089,1429,night,54.13028717
424,109,95.9008837,96.69370651,1002,morning,39.54149882
425,124,46.96100093,41.06329302,914,afternoon,62.01379366
426,64,48.11239639,99.27682066,860,morning,57.11555503
427,53,60.46556727,27.16811638,1325,evening,21.49259795
428,45,69.57654986,46.21865773,1449,morning,29.20836278
429,59,45.48175982,76.07055595,675,night,76.07302643
430,104,72.18865441,97.01535679,619,morning,40.5362425
431,103,45.59651768,5.294136124,1252,morning,13.28924688
432,45,49.7884875,94.56416967,1233,morning,12.9401568
433,75,40.36053138,99.86754976,1009,evening,13.70064224
434,91,65.37716012,90.95794412,1407,afternoon,20.50797829
435,45,22.36556887,10.83842154,1301,morning,13.50546567
436,55,54.57896331,84.07002586,627,afternoon,6.229514047
437,113,61.84466397,63.97618036,587,morning,27.11005279
438,54,70.50421551,0.952653936,447,afternoon,61.0249319
439,45,60.92595679,98.43762115,532,evening,20.35062197
440,69,31.60103084,15.05237233,674,afternoon,7.421119325
441,121,61.54188056,39.68213969,1221,afternoon,50.30748043
442,72,64.80162623,3.027250404,729,evening,42.2861791
443,90,62.98122667,30.95191148,1237,afternoon,36.14091432
444,107,45.21177655,56.83257233,1129,morning,33.69247473
445,46,46.94941957,93.08531224,1059,night,45.73556581
446,72,69.9157394,99.03645262,1244,morning,53.20514328
447,56,50.04189999,42.33582751,1429,evening,68.54323552
448,92,30.91953442,42.81838869,561,evening,28.24296414
449,57,41.81168698,16.03434318,752,evening,15.0061073
450,101,79.82980532,49.83588967,685,morning,2.825900487
451,88,23.12677663,94.00810158,642,night,38.44899498
452,119,76.00559223,16.53961574,1195,afternoon,4.566841391
453,113,50.4825945,26.64732431,811,night,60.86697669
454,58,23.48814831,89.13178737,1372,evening,15.61994795
455,70,65.84292055,62.64306138,548,night,62.65727296
456,119,35.76793744,33.0507238,1012,night,21.92389078
457,44,51.87573431,81.27449652,1021,morning,18.125702
458,72,13.25324093,10.89641417,1470,night,13.55642542
459,100,76.90678187,85.83513658,884,afternoon,1.899284206
460,41,44.11798733,51.8001666,1124,morning,0.347847501
461,62,37.73099793,75.69344304,1203,afternoon,21.32035542
462,98,53.82695066,51.83915916,1016,night,69.41170705
463,61,67.70682967,24.62729219,1124,evening,26.46465934
464,91,46.2233139,64.08486228,1484,evening,59.49730784
465,94,67.07480745,15.4791136,1159,morning,249.3325033
466,90,49.48473352,22.98704345,1393,afternoon,5.902963772
467,40,51.76285097,54.9325669,1069,night,32.32694913
468,100,33.98594332,38.99835813,755,morning,16.18229745
469,124,71.13334444,74.52022853,900,afternoon,7.026329844
470,108,63.40754649,58.35724775,1217,morning,8.268799387
471,108,60.9802097,38.13351276,954,afternoon,8.417365534
472,71,71.33757201,32.67299348,549,evening,39.24132141
473,77,29.01405166,91.3242782,830,morning,13.15524138
474,49,51.42341593,4.008266196,1152,night,8.860715331
475,47,72.17450203,69.10310392,825,afternoon,65.13635158
476,46,49.29805556,39.18985789,1005,night,1.048447733
477,34,52.95307115,37.73576746,852,morning,39.91077324
478,43,52.38191708,65.18767733,610,morning,96.98675774
479,112,59.45819139,85.04647532,1241,afternoon,29.47638398
480,72,11.52958658,72.44122453,756,afternoon,23.83301059
481,82,52.38112082,67.01112682,1093,morning,1.902465273
482,114,57.93925893,49.620245,1467,morning,20.97247143
483,95,57.85430158,46.91784639,1393,afternoon,13.45450488
484,54,82.0042533,46.07152755,592,evening,45.165934
485,33,38.30317417,14.54474633,936,night,50.10371471
486,109,82.95629971,55.95029884,690,night,5.503353758
487,78,42.7445234,31.54642781,814,morning,22.15965824
488,45,23.01839097,61.82278962,1036,morning,58.97004974
489,114,80.110637,53.43352476,684,afternoon,29.38703217
490,99,71.0538272,93.99241954,1142,night,19.67386962
491,67,52.72194025,43.49301321,616,night,68.50158863
492,58,38.29033448,66.4397208,1045,morning,101.8754613
493,87,45.82603658,59.28025587,1407,evening,8.047134463
494,40,55.10850588,68.43947579,1239,morning,6.056000656
495,103,77.75331919,26.69748588,629,morning,60.03660979
496,87,23.6760403,25.72489444,973,morning,8.349759374
497,60,45.79379087,55.96779562,755,night,56.48440223
498,125,44.7329225,84.90615814,792,evening,10.75116476
499,71,40.3080847,72.00086837,840,evening,0.581192952
500,101,37.04412906,48.89346997,892,night,16.44228462
501,127,82.14468135,25.50944332,705,evening,1.236134567
502,105,33.96126917,75.93472261,820,night,6.995482348
503,111,52.69493812,92.62461976,949,afternoon,19.58099527
504,104,26.40172075,21.3020321,675,afternoon,1.177675147
505,106,67.36061714,79.90937212,948,night,1.013366392
506,39,40.14055006,17.24455285,1438,night,5.057796026
507,41,5.927771533,90.07829783,1385,night,18.63894916
508,93,69.46757666,64.20498939,1249,night,109.509323
509,92,38.908595,18.10100043,825,night,2.942092507
510,44,76.20757697,3.62595288,514,night,29.18268133
511,96,71.78163255,69.46162936,1370,evening,20.61932103
512,95,47.77480731,60.61018241,791,afternoon,1.861217896
513,61,57.9224761,61.13178165,1202,afternoon,1.042149927
514,34,51.89249691,48.2261919,1313,morning,7.524543292
515,126,21.97999269,61.44431434,783,afternoon,34.63175306
516,71,78.46760585,87.32230925,1473,afternoon,98.41321068
517,92,44.88240291,95.20015816,562,morning,24.36317447
518,28,50.47227056,34.45079568,1100,morning,1.405588152
519,72,50.75784871,48.78719681,1029,night,8.951190354
520,52,45.47914246,27.30278767,1045,night,85.58652957
521,35,62.79254654,41.15853493,1183,afternoon,0.377987408
522,79,48.05431929,79.58885541,1135,morning,27.65807259
523,25,39.74002303,42.49891384,1073,night,5.913965705
524,73,41.71071216,39.16404125,529,evening,2.055146566
525,55,83.25332427,85.0111104,1173,night,8.808438517
526,35,51.18516145,0.127236169,1496,night,82.93307593
527,79,82.49770693,85.21880763,1042,morning,43.03419178
528,48,30.87495346,18.14079661,981,afternoon,5.634017411
529,63,37.08810329,27.4511975,798,afternoon,2.038826188
530,60,40.33567038,36.16090685,1333,evening,20.38597406
531,46,48.35741183,88.06522309,605,afternoon,1.622950313
532,102,35.70939029,90.86815408,1058,morning,15.5284418
533,81,47.43406029,66.11785573,1229,evening,48.32085196
534,39,54.02481567,43.94428646,552,afternoon,20.83425154
535,93,70.1027254,51.61278103,894,morning,68.14442914
536,81,23.14086306,58.04016092,953,morning,46.99959264
537,85,68.57848857,95.39908045,1144,night,24.30854282
538,101,64.77456009,96.91672002,1485,afternoon,46.87722239
539,50,30.51577343,84.73329279,1300,night,2.990188668
540,106,34.23090222,58.37287067,652,afternoon,6.745413775
541,57,57.17009914,39.07344742,863,afternoon,36.16126106
542,49,37.39961493,23.02799167,880,night,0.172091811
543,43,77.41969856,53.44558603,723,night,0.140707129
544,132,49.86781422,34.5630893,878,night,14.35759972
545,29,25.8062406,7.274449764,747,afternoon,60.53946075
546,101,27.65898265,47.62207584,856,morning,118.6633893
547,102,20.1997204,57.10861833,535,afternoon,31.48055223
548,91,47.90291571,61.1315144,989,night,90.03779977
549,75,48.85338458,7.381388098,905,morning,56.45185979
550,55,60.2552982,48.31101822,1402,morning,6.749935882
551,124,75.25718469,65.59130502,1018,morning,15.52321626
552,107,50.2425165,96.10640698,1108,night,29.32676638
553,108,75.34513152,2.504580849,1242,afternoon,4.921925996
554,57,35.41910635,67.62823014,1230,morning,11.26717406
555,62,20.55821865,6.233741,596,evening,42.36538951
556,63,65.86405936,15.88434872,1029,afternoon,12.67790243
557,65,64.49366215,17.33079717,992,evening,78.08366902
558,76,55.06380014,32.8872437,986,afternoon,15.66553872
559,60,63.62540857,83.12990345,790,afternoon,7.4446091
560,74,3.828442213,85.62372549,559,evening,7.0761783
561,128,40.61121535,37.49519127,492,afternoon,34.86715653
562,28,72.3768572,43.13028273,509,night,13.77318441
563,62,44.83874593,21.70307121,1198,afternoon,8.124825131
564,105,63.0086752,43.25137911,945,morning,35.51201121
565,51,102.0533665,27.48344324,1142,night,16.41418829
566,46,70.4454456,17.48826452,1389,afternoon,56.12264564
567,113,42.79722395,15.84680696,1015,evening,23.88718684
568,44,14.67392189,77.56471514,1348,evening,107.4562386
569,117,64.31746229,11.69463905,771,afternoon,14.07392886
570,100,9.532193853,61.60344716,1069,morning,9.942933257
571,106,34.20360939,16.74820133,1105,evening,31.03137979
572,79,35.19431604,83.78394191,773,night,36.96752155
573,117,47.58561278,27.44670681,1211,night,0.51342262
574,53,55.49988961,4.489348352,724,afternoon,33.20385345
575,56,32.74402842,45.20731587,597,afternoon,5.990909
576,105,71.05325469,99.97971128,540,evening,95.72541122
577,34,78.36500256,81.31371023,1253,morning,25.74113348
578,100,45.15575734,57.02624926,1463,night,4.062219756
579,92,71.43715264,18.94388085,821,morning,1.624764485
580,33,36.19646837,11.75050377,1258,evening,63.50893932
581,103,29.27744845,83.85505394,1279,evening,57.03866083
582,36,71.61213416,78.77074054,1117,evening,17.07987152
583,36,55.32351611,46.21885652,815,evening,2.747015256
584,115,57.84939784,42.14096868,962,night,14.82802498
585,39,86.8123368,74.86727893,1189,morning,42.87975579
586,80,63.32793647,53.60376492,642,evening,32.49641075
587,55,98.04564718,40.41692517,1486,night,60.11115746
588,42,51.86249306,25.1720856,695,morning,41.73222854
589,123,80.23124582,12.25635049,957,morning,12.02036513
590,73,48.97805881,59.47934717,1209,morning,12.51701678
591,101,26.92535046,82.60488477,741,night,31.302875
592,44,66.64195735,74.61831126,1280,afternoon,11.13941962
593,117,49.26299924,69.63184525,891,afternoon,60.67144936
594,65,91.48279981,92.88521092,1443,afternoon,11.91159961
595,106,61.27694462,39.45167427,694,evening,20.13763818
596,123,69.03539169,13.72175671,1007,afternoon,1.325691837
597,110,18.6321673,10.19491032,1267,afternoon,3.769973003
598,77,64.50066549,95.50120761,623,night,4.243310111
599,114,48.58782589,58.89642158,899,evening,12.65380351
600,132,34.47835633,81.07932416,926,night,3.720204614
601,66,78.09054049,53.55598542,1245,night,18.32535057
602,130,24.14541007,39.84943965,1318,afternoon,9.406614622
603,67,57.10113152,20.02696509,1058,morning,9.542435833
604,85,37.71553812,85.64083449,579,morning,17.69072773
605,32,55.47003545,6.351523729,1116,evening,57.69152935
606,57,44.40624636,90.02328726,675,night,43.03055843
607,67,46.38821578,20.50127789,606,evening,64.55410499
608,50,51.15401764,0.953104592,674,morning,138.686477
609,63,30.81591034,10.38971151,1462,night,0.334924627
610,114,70.54355743,88.35087122,1164,night,35.37919408
611,32,63.31604271,7.370717719,650,evening,3.829190889
612,28,30.24360847,35.52405867,1246,night,82.85487737
613,130,78.22931189,25.0316571,642,night,7.71830256
614,72,65.21997223,3.685465208,1240,evening,12.92143614
615,127,52.03879302,53.1466854,1276,evening,115.9730304
616,90,21.57537074,99.83329122,1341,night,60.56561552
617,62,37.09349997,85.30074801,1091,night,1.450764015
618,36,12.25474594,16.88926219,1330,evening,1.440010618
619,103,53.59812867,88.43160087,1472,morning,51.25141113
620,40,66.93557995,45.17934811,742,night,2.189123964
621,47,35.53185582,27.32505467,1229,evening,57.26251945
622,121,50.11766824,64.03058729,829,afternoon,77.55670387
623,90,69.85121488,21.66948165,1276,evening,0.723774669
624,45,37.5279388,87.96517867,1387,evening,7.454102885
625,81,61.15165009,62.4184192,659,morning,0.703891458
626,78,92.09092034,13.60218818,1290,afternoon,2.268654422
627,76,64.72348833,57.06488729,1014,night,22.91176919
628,53,29.37745842,51.03710424,812,evening,39.29822765
629,49,49.49747156,47.14555309,1484,evening,19.58744658
630,112,64.47928933,36.49759215,1407,morning,14.63011221
631,122,59.99652946,47.42055222,601,evening,6.947365205
632,135,28.54605686,58.60114837,1100,evening,8.098254939
633,96,58.76902783,73.35693162,738,night,26.19667353
634,97,45.75399799,91.78755811,873,evening,58.08919481
635,86,40.89472389,4.438409532,539,morning,15.55415248
636,83,61.06366773,56.93440188,521,evening,84.21670808
637,133,85.2746188,75.19739777,1160,afternoon,1.605785372
638,91,35.08280049,11.55541334,1255,evening,53.01972548
639,54,59.05328369,91.14977935,718,morning,12.40555155
640,33,48.38865209,24.49897619,1055,afternoon,60.92352589
641,80,62.19846666,83.33319192,1440,morning,75.55389064
642,89,52.14162319,66.20066651,555,evening,36.16005528
643,112,38.45118265,55.95465937,856,evening,13.15762464
644,92,37.67418265,86.92423729,1373,morning,18.31575421
645,50,59.22768882,96.92344897,539,night,24.07387828
646,89,52.60509566,99.7130866,598,evening,18.60135799
647,59,62.42156487,68.32810151,922,afternoon,46.98485516
648,87,18.07778164,33.91310906,1362,morning,44.29028627
649,120,71.85722615,87.46992479,1256,evening,0.382085549
650,101,78.31135934,65.4348309,962,afternoon,4.934279842
651,89,53.03832009,32.33291984,989,evening,13.55542736
652,33,63.21072192,93.23646345,640,evening,33.48114441
653,24,69.52391312,74.7650398,1154,night,7.82917672
654,119,46.38657277,45.2827804,1033,night,11.69318804
655,132,54.64004241,45.44905932,998,morning,18.60136338
656,123,59.70728652,99.59285706,1013,afternoon,26.71543237
657,126,39.53360812,37.37091045,585,afternoon,69.6213879
658,92,52.7471508,9.40806779,1174,afternoon,48.98620609
659,29,9.610302902,53.85615202,662,evening,13.35195496
660,86,37.50245521,88.48540506,1416,evening,43.82845053
661,91,79.29635845,58.4519786,1194,morning,53.63146803
662,40,57.72737997,79.30874727,894,morning,22.16552005
663,76,34.07488579,5.486469926,735,evening,10.53111068
664,117,25.3240076,67.33947415,1407,evening,85.97906648
665,133,100.450734,7.919411657,1466,afternoon,98.30513053
666,69,35.96776173,55.63566807,748,evening,7.630947163
667,124,40.04811087,49.77674357,1115,afternoon,46.1227436
668,98,61.98385551,94.56044253,735,morning,1.27954309
669,94,33.38239378,13.24644007,1251,evening,0.071684897
670,110,57.5257569,0.949140858,1077,evening,12.99618811
671,73,50.56612969,13.73547537,535,afternoon,18.62694148
672,87,26.54454469,17.07061415,1069,morning,23.71198969
673,78,51.00120905,25.09114675,1340,night,14.25721623
674,33,56.52457421,81.50887568,1182,evening,4.136439102
675,105,28.85673361,37.68808345,851,afternoon,12.68405457
676,80,60.41925206,84.0757588,1107,evening,51.74980552
677,85,63.9403168,27.19338599,1418,night,12.27109233
678,79,29.54731481,86.05411182,1385,night,26.91697604
679,44,59.70745749,0.809044305,902,morning,34.26532906
680,109,54.59760526,93.45354705,1324,afternoon,39.55199507
681,101,43.12678621,74.60492211,1018,night,20.08216115
682,70,44.81613571,41.27304798,869,afternoon,4.03036924
683,35,57.89107557,57.73350193,1346,afternoon,69.23041017
684,114,38.18829782,93.30167742,1019,morning,9.045676522
685,70,61.56629143,58.25603187,826,night,12.41804125
686,34,33.95983989,22.85685236,1162,afternoon,44.58719465
687,43,35.42019084,57.28739026,1351,morning,43.25723332
688,60,24.28650294,87.14472937,1062,evening,68.01245385
689,104,15.60210466,98.74499784,718,evening,1.02992351
690,122,53.02274763,58.40832689,655,night,62.26603137
691,87,10.88802891,15.56451748,1238,afternoon,47.13905395
692,105,56.54162256,77.17524412,771,evening,22.33920137
693,82,48.30325361,99.69113439,1185,evening,5.212244771
694,37,87.72257341,47.36359447,1349,evening,23.6233208
695,114,62.14700406,38.3732767,630,night,6.468038161
696,61,60.20680833,55.25006459,798,afternoon,100.535448
697,49,36.54128939,16.47661798,531,afternoon,37.01362766
698,82,38.7137389,97.12833845,670,night,27.20774982
699,92,41.58617723,83.83346857,783,morning,50.35779092
700,131,49.29194156,11.29907109,553,night,22.80729076
701,96,38.31857152,94.50814973,781,night,1.864555753
702,76,61.41094888,94.28194575,595,evening,8.993837067
703,122,42.21203022,31.63547498,1005,morning,120.0052266
704,36,72.30628271,61.91420631,574,morning,57.07663899
705,90,33.56432206,11.07542854,682,night,78.7022401
706,124,64.92320599,8.41914004,1124,evening,3.088602829
707,41,88.60808606,50.17945609,887,night,8.550503607
708,109,85.36287237,4.967806903,1127,morning,1.959859256
709,127,32.80991971,87.489161,1278,afternoon,51.80686641
710,31,73.04893752,92.80953809,1260,evening,5.731196683
711,60,5.569124723,6.730641142,679,evening,15.83166387
712,25,18.87598954,4.728472267,981,evening,9.42086381
713,54,62.01398199,22.14178211,810,night,79.93139318
714,98,58.75022273,92.99583589,939,afternoon,28.1239142
715,94,62.03778334,76.9014627,519,morning,48.20887415
716,102,40.27224658,67.64977873,1311,afternoon,27.64973727
717,32,27.6839208,77.63472101,1329,morning,28.44511112
718,33,13.84458377,19.94767819,1083,afternoon,14.4823664
719,125,32.76933246,25.65883629,592,afternoon,8.193669885
720,101,63.00532474,31.76286359,1362,evening,12.84913201
721,28,67.20669151,60.50659135,668,afternoon,10.4807722
722,66,55.9304221,60.82200656,1170,afternoon,35.25439413
723,125,53.92043114,20.86077271,1256,morning,16.47474125
724,20,83.86285605,43.67271731,831,morning,23.96615468
725,30,78.1321182,69.00198889,1041,afternoon,44.21333452
726,42,68.87814274,30.96192906,1188,evening,9.300084009
727,99,73.11782821,7.547707888,562,evening,16.5311854
728,103,56.98940551,19.73899791,1467,morning,21.98704252
729,69,59.56621137,16.47356195,748,night,1.659266865
730,50,34.54027194,63.19427891,613,morning,4.952843391
731,57,57.59188495,6.854898722,1126,evening,1.968512913
732,66,37.08382052,88.47495753,1078,night,41.86086972
733,111,74.81053992,8.438713866,1443,morning,10.6963267
734,97,62.49957398,59.79097383,1121,morning,16.47626109
735,65,41.44019103,92.95326352,1221,night,33.47193984
736,98,64.04058041,6.242292871,1419,morning,101.8590263
737,77,72.43749543,38.31048772,612,evening,49.98748779
738,64,32.57023864,32.7945793,1041,night,1.786118496
739,97,44.85872195,34.42087739,756,evening,10.94699993
740,109,30.56047524,60.03114654,548,afternoon,1.509672001
741,127,49.20615896,26.21030955,630,morning,1.909553555
742,71,76.69444441,2.732295728,1363,afternoon,4.090267144
743,100,50.01227044,96.22750364,817,afternoon,11.61763933
744,104,61.61368987,74.87759858,1340,afternoon,7.899409382
745,26,39.08643292,13.51275922,1332,morning,13.02402642
746,99,67.00030239,45.51568535,1262,night,51.78083782
747,107,48.7349524,6.272173321,697,evening,47.93780249
748,102,65.25470625,2.78563314,1054,morning,12.95760936
749,71,67.35607741,4.751173143,1036,evening,32.34852142
750,116,28.90828355,75.57777325,572,night,13.98817451
751,51,36.32909713,44.49239573,930,morning,14.63071083
752,102,41.76087161,84.43969152,1284,evening,33.78466171
753,98,85.50583317,30.52151041,876,afternoon,14.55092006
754,101,77.15338962,77.5321738,545,morning,23.90592248
755,61,52.00324969,7.793455795,510,evening,3.672690119
756,58,104.7994496,63.51081576,943,afternoon,23.21856398
757,79,23.78081297,36.06019136,1006,night,40.64380792
758,25,45.2856367,27.67249266,819,afternoon,65.7773843
759,57,73.50311108,81.51090942,1508,afternoon,4.778973428
760,114,50.88356217,5.192211961,1145,afternoon,15.86515006
761,53,33.0301813,94.95314607,862,evening,19.97673233
762,64,57.95524379,78.55455659,725,evening,70.55704428
763,113,103.5180146,35.56092739,1176,night,8.928271773
764,92,33.28499933,99.13329915,701,afternoon,5.433536473
765,98,35.36352836,20.24892391,581,afternoon,4.576735991
766,72,28.48750533,40.24140133,739,afternoon,5.048284794
767,59,41.60543259,88.48795363,1345,afternoon,61.09700857
768,55,71.65533425,99.68070848,536,afternoon,29.01230566
769,73,81.35209386,23.91128213,564,morning,16.37947837
770,113,24.690712,74.31134064,1305,night,60.46312353
771,54,62.17590205,30.57293306,991,evening,10.61588406
772,107,65.47374998,76.64726707,1060,evening,78.87450815
773,74,36.35254141,12.52840148,1103,morning,42.67094105
774,103,64.83779974,33.61699338,850,evening,0.623822965
775,91,57.51863517,7.499958555,1084,afternoon,18.63223061
776,101,71.83990047,49.18969202,678,evening,55.44359921
777,52,5.471750429,70.15005528,1160,afternoon,15.13260403
778,48,55.82343119,37.86160883,996,night,130.6176936
779,116,66.28493207,61.4716925,976,evening,56.23835195
780,77,70.93697575,56.90867623,1208,morning,41.95721579
781,112,66.12605232,29.45965174,848,evening,4.368383908
782,126,25.86339761,48.67781879,1259,afternoon,3.424182543
783,42,78.540886,6.9019043,644,morning,30.74882654
784,43,64.91166404,45.99132798,517,afternoon,32.49031568
785,42,50.37726336,45.81894943,1116,night,4.788095472
786,57,50.71962981,2.871791086,690,evening,57.71732274
787,68,85.27469246,51.38732481,598,night,62.08015502
788,33,64.24636801,73.7693666,1095,night,16.16604118
789,129,53.11284093,45.22521748,667,morning,28.07420088
790,40,33.00400057,64.60255214,1069,afternoon,21.44557678
791,76,45.46592064,53.24209687,973,evening,1.089421397
792,23,32.9498427,78.51787746,1362,morning,2.842957086
793,88,14.97998234,51.44552653,672,evening,45.39335748
794,58,54.47594504,33.16090141,731,night,20.10132254
795,39,14.92520277,82.75687696,813,morning,28.31768717
796,59,37.41997795,6.762141469,599,night,28.46960893
797,107,43.8135939,28.94562459,475,evening,14.32267972
798,105,20.8063944,59.14844316,499,night,0.895615332
799,88,70.37448143,85.60265169,866,night,46.38117591
800,83,47.71578608,7.21418372,746,morning,18.95817905
801,85,4.058359952,9.605293274,698,night,4.486579617
802,78,66.79698892,28.23850213,1084,night,0.639015073
803,122,85.38655578,34.45719542,1070,afternoon,0.530288671
804,104,53.60037348,84.35382453,1384,evening,1.017476193
805,70,62.38878244,95.89032172,616,evening,5.05339745
806,115,56.47301323,1.722868779,714,night,7.898116081
807,115,61.4156631,1.535611138,759,evening,8.516416528
808,61,39.21059554,86.48103289,1559,morning,30.00063409
809,48,35.07424104,13.56169733,547,morning,8.294913271
810,79,28.93132346,33.93361613,1208,evening,33.62179858
811,31,52.40480347,27.52135274,1140,morning,52.00712309
812,72,62.90557225,28.18682161,909,afternoon,14.57373237
813,62,62.64825331,32.85918982,943,night,38.01305128
814,116,41.61155449,33.6046184,896,evening,3.298738835
815,117,46.11856214,62.01558394,1062,afternoon,11.92153164
816,108,46.03763528,62.87841089,651,evening,34.43133191
817,49,39.92272217,52.28919967,710,evening,80.55274183
818,82,11.4513749,85.85415758,1034,evening,28.6784671
819,45,46.10554078,84.56718464,1452,afternoon,13.56899706
820,95,44.02454995,21.72174007,1291,morning,11.29278505
821,80,49.05046017,54.36395575,1108,afternoon,14.90519951
822,82,39.34689453,78.38370915,1314,afternoon,31.74421817
823,38,55.8106419,86.68743368,1302,afternoon,11.87988844
824,56,104.1680568,25.51857731,747,night,19.04623229
825,21,65.66144304,49.41001494,1395,evening,42.68883786
826,56,40.50149311,52.50272835,1265,night,8.145547697
827,125,45.55465582,69.96383182,1435,morning,37.8173575
828,43,47.72530392,33.0259237,605,morning,42.99642053
829,98,52.31613934,29.34517993,1302,morning,59.78133833
830,94,49.89891139,70.55974857,643,morning,0.724785435
831,69,40.95522168,39.93354836,917,afternoon,3.623071309
832,108,39.92231133,0.402394749,1047,night,92.92468031
833,105,62.9058749,93.7846579,1386,night,4.032744347
834,30,44.75044745,14.96454957,1353,morning,20.07528036
835,72,61.44056484,14.8634116,1418,night,5.479831244
836,75,45.64096453,81.83658015,1037,night,50.12152263
837,118,13.92014788,33.5502831,855,night,3.044483551
838,125,28.8619625,32.81753066,1356,night,2.685166967
839,107,17.99106798,62.23954074,780,night,21.07794554
840,36,54.13710136,5.903865294,1056,afternoon,8.161323069
841,58,16.01617803,23.69617258,807,afternoon,32.50191165
842,110,40.01557396,5.327116341,536,night,34.63620687
843,123,42.62121114,29.15096617,997,night,26.46020047
844,49,45.06645714,86.99301585,516,night,53.98789893
845,61,67.60951914,90.93325444,848,morning,35.85547176
846,67,71.08327678,30.94366947,967,morning,6.229802739
847,77,35.1396986,18.75866963,1482,night,2.449561347
848,79,49.61625025,13.52759882,584,afternoon,41.32154515
849,52,41.57103352,39.44191208,798,morning,40.41469371
850,111,58.43853303,82.64062848,676,evening,56.97824239
851,105,48.33702104,85.26634336,1479,morning,6.782400722
852,50,59.05974751,4.592798415,1192,morning,7.575161101
853,57,27.33305156,20.92288563,849,evening,25.78818559
854,54,54.56255849,20.31702552,1332,night,5.074555267
855,27,21.93956031,82.843018,1156,morning,10.54370619
856,89,34.38281162,45.62923159,1409,morning,50.20820485
857,63,52.02502356,36.8395232,859,night,12.20352921
858,29,10.97654865,95.66058911,659,morning,0.341801367
859,88,6.249986476,92.53572974,575,morning,31.56557533
860,82,26.85988419,44.01066867,1522,night,5.974981458
861,98,31.2189412,12.8331826,1098,morning,6.53842714
862,49,33.30268976,17.10034868,1135,night,0.500032959
863,113,39.51558917,11.20839173,530,morning,25.88477663
864,99,56.13242417,68.05038837,943,night,24.75952544
865,71,89.1936175,55.46870884,1071,evening,3.042247884
866,114,37.43768488,55.66444774,820,morning,1.552401036
867,97,57.6274931,9.837785475,1307,evening,20.24955778
868,90,74.90572207,79.3274956,1403,afternoon,45.6003161
869,70,71.33056178,53.55728924,822,afternoon,92.20573694
870,118,34.2928251,9.096919634,612,evening,2.343841467
871,123,67.46214636,74.71307905,820,morning,36.94772623
872,69,75.81307027,98.12981046,862,evening,6.375269933
873,83,80.61850292,44.11805112,1406,evening,1.036992431
874,57,81.37047739,11.56546224,1460,night,12.22873535
875,62,27.99556642,10.13991546,1351,evening,25.59112177
876,49,54.79399589,2.58795288,991,evening,27.59029481
877,54,36.1929585,77.03981465,1133,night,1.513607033
878,115,23.87274125,69.40009972,867,night,78.84826141
879,43,59.57197728,58.42392898,817,night,1.684048709
880,45,54.02140085,76.56293234,777,evening,7.346029785
881,53,53.41777957,99.92976684,950,morning,16.99568237
882,109,40.50289738,40.18479375,1327,afternoon,87.37061238
883,104,98.98135831,70.58102251,531,evening,142.1009924
884,57,80.1777449,37.71616053,1119,morning,0.010554908
885,62,41.62845539,35.20578858,1335,night,7.628027421
886,122,49.52890978,85.09200969,706,evening,20.87555723
887,61,59.90556488,57.47631415,1118,evening,35.56391514
888,110,70.54656711,12.06132732,588,evening,32.07856085
889,59,59.64418774,40.35159979,580,night,8.690957272
890,121,52.29435719,79.65543195,1102,night,6.601211486
891,126,21.65084911,93.99981191,1463,afternoon,0.43130259
892,113,89.25922559,61.44281287,838,night,55.51852298
893,127,37.37794617,39.42137094,585,night,14.28292192
894,98,71.22482251,25.19823916,1002,night,59.92828087
895,47,50.62807794,42.20236981,1464,night,11.73381926
896,116,75.00332706,56.56544778,1008,morning,42.32188916
897,72,23.98029169,0.441673629,1301,morning,2.166189238
898,121,37.29481442,26.86778214,1170,evening,50.05029025
899,123,47.19456483,67.15159399,992,morning,66.49562117
900,35,31.66523495,67.32296216,818,night,9.231659745
901,70,39.26564517,65.30067221,1249,night,4.58981379
902,40,75.82291183,94.99423597,792,afternoon,6.550085672
903,67,61.05018928,56.85456603,762,night,60.69969239
904,47,78.95353821,26.97280508,1348,night,10.11481534
905,80,51.30787508,81.1612693,987,evening,7.893762066
906,112,46.82341617,38.93773431,1101,night,115.7303938
907,94,23.84514822,23.92905283,1179,evening,33.2608891
908,74,70.95395303,55.67490244,1124,night,53.55395217
909,78,46.77598692,28.90344311,1305,evening,41.23744974
910,132,53.89244377,39.61600381,1271,evening,14.05280202
911,125,38.81344696,69.31575584,742,evening,59.57774573
912,70,106.9169642,99.59481166,634,morning,26.61427119
913,23,52.4606533,64.47315938,1350,night,32.13545282
914,81,35.70091987,27.64799036,1166,night,11.8392299
915,126,26.81433826,9.04655405,735,afternoon,119.1593732
916,84,60.56614267,36.19676318,1252,evening,57.84838837
917,63,34.93307698,1.931068555,1123,night,4.809092188
918,67,40.9765298,46.47547352,985,afternoon,6.840052731
919,56,19.44285991,65.99837671,1500,night,41.41935479
920,115,51.34139,51.17959765,1035,evening,0.782674413
921,82,51.12568039,86.52823021,694,morning,12.25937402
922,73,87.15837126,49.40500869,695,afternoon,22.81186714
923,80,39.28225213,46.23800607,854,afternoon,6.879040227
924,61,6.057256947,30.96771801,858,evening,61.94276641
925,68,45.55390774,83.7613704,883,evening,66.01931408
926,80,76.05860141,90.35986711,1027,afternoon,94.28950731
927,52,62.20942003,97.79187363,978,night,4.746348598
928,140,71.72553841,98.12089961,960,morning,2.47822488
929,101,59.04076342,98.04236261,1416,night,24.36430788
930,123,41.22426448,71.19589144,659,evening,47.16902305
931,67,27.51444876,56.26529021,1418,evening,10.31945976
932,70,30.34613238,17.23444638,668,night,8.271481256
933,35,37.95769712,76.7063179,1182,evening,21.87696047
934,30,62.68043029,73.48801467,983,evening,19.73664154
935,107,48.39111939,84.24021577,797,afternoon,19.5918447
936,77,14.01528197,46.24510755,912,afternoon,15.58978571
937,64,56.40331876,89.24214582,985,night,38.95482874
938,111,74.45393043,71.86743449,770,evening,28.6112692
939,80,18.43892085,17.11253377,724,evening,20.07209842
940,116,60.99472375,20.69035169,1397,morning,38.26411731
941,61,7.779732624,81.4265521,1263,evening,9.101992153
942,72,32.4849335,42.56934086,737,night,66.72341569
943,49,24.32571485,24.90129466,1316,morning,14.54341624
944,82,63.69329159,42.25765007,870,morning,11.90672942
945,92,83.29173288,16.13777337,1085,evening,23.4445983
946,42,71.24229601,89.17366796,613,night,9.458151972
947,92,70.56504337,7.153941548,780,evening,9.389593312
948,44,31.37189431,35.32415152,1472,evening,2.432222964
949,45,61.65765693,55.69287593,637,morning,31.66133031
950,52,54.7900676,87.36456258,1005,afternoon,73.16258089
951,69,26.49085498,78.15488889,1242,morning,34.68059009
952,94,71.52063962,2.242358405,659,evening,25.16166343
953,44,58.67476433,82.52481427,949,night,37.32183354
954,74,45.62354573,63.81200659,591,morning,101.8423073
955,37,66.42479885,13.33483983,1410,afternoon,12.30650981
956,65,52.95897009,61.74775594,553,night,16.89993472
957,59,74.02397139,81.78942174,1127,afternoon,10.11534829
958,96,87.76047128,60.21118707,1096,morning,0.505872982
959,59,44.41710495,99.91467456,1137,night,12.8049473
960,80,44.19653887,50.70034216,779,morning,2.229280771
961,111,40.18452615,67.313108,519,evening,58.64221112
962,111,50.34792539,7.037351298,780,afternoon,37.72217726
963,61,77.01989421,81.31981727,961,morning,10.87352244
964,65,28.78118686,62.41030237,1026,night,11.92243773
965,115,22.59151429,56.1242804,1124,morning,25.29143631
966,108,54.71917407,70.8808711,806,morning,47.98936803
967,101,49.25086026,56.05097618,707,morning,38.05078501
968,105,53.86095543,76.64514152,1320,evening,0.877245729
969,90,10.87115416,58.35155935,1238,evening,46.1548542
970,37,80.82605495,52.00538328,1035,morning,63.9432258
971,129,54.10614873,13.50194847,1210,night,2.825687906
972,115,98.93787559,47.18307642,945,night,44.0980709
973,58,58.27021096,53.82346617,1319,night,8.699705427
974,52,41.97134598,62.45737984,1487,evening,5.724226015
975,45,55.09913881,45.58921633,508,morning,23.5497524
976,133,79.59114269,14.66434411,644,night,24.13388688
977,109,35.59066544,15.03626209,1311,morning,19.09602272
978,71,61.68994201,72.09877495,492,afternoon,69.62344152
979,116,58.75544995,66.14472489,781,afternoon,8.296946495
980,50,61.88130011,25.94993215,1094,night,27.68011303
981,53,31.82056308,44.58575946,1164,night,15.82223113
982,129,62.75126699,30.69576825,1295,night,62.09162769
983,59,61.24654868,18.10228566,606,evening,4.27509321
984,107,81.33511225,32.61635782,564,night,2.596662595
985,91,85.45904462,26.26890675,676,morning,147.8448475
986,29,57.45905355,8.242762008,864,night,25.82593703
987,106,54.5830797,50.44865727,891,night,72.89270857
988,125,30.78829535,45.0884053,1421,night,15.73846448
989,64,46.0654332,71.460833,906,evening,27.8126104
990,118,40.88465446,62.03056686,994,night,35.53391507
991,101,69.51362359,34.33781745,527,afternoon,128.3040045
992,78,56.14650063,49.63042011,973,evening,3.58846603
993,83,30.3611353,53.60831132,579,morning,3.99842759
994,91,33.16635563,91.75486076,1266,evening,22.21996425
995,63,101.0385792,98.16943423,588,morning,1.722524117
996,80,41.42689482,81.55428015,523,afternoon,39.00127468
997,103,63.54227167,56.21045521,782,night,140.511815
998,112,50.44337548,92.81068426,923,afternoon,50.04949891
999,124,45.01311498,17.81127185,884,evening,9.269575203
1000,46,73.44888366,69.64960796,659,evening,48.21741071
1001,82,40.90617095,46.04677164,654,morning,29.65586819
1002,28,43.9605707,14.47489232,1180,evening,3.815226912
1003,103,77.49700534,7.520998717,858,evening,25.03607975
1004,72,42.30598975,48.07418371,589,morning,68.12579189
1005,108,21.87880056,23.8969204,902,afternoon,10.27145324
1006,68,27.443142,25.05062588,895,evening,32.28564445
1007,103,60.28968875,32.02168873,735,night,1.273597599
1008,97,35.9766104,71.83642189,813,evening,53.91196008
1009,91,72.59822843,16.40896016,1161,afternoon,6.917787743
1010,38,50.41877491,71.75558857,987,morning,28.14269109
1011,30,65.24657101,78.2709927,572,evening,22.28231694
1012,64,57.07640595,59.44800963,774,morning,23.83084331
1013,71,71.19556114,24.75575286,771,evening,8.780307293
1014,84,87.67485545,5.153252823,810,night,24.56893247
1015,83,61.29476233,40.79451116,667,morning,27.69578669
1016,102,60.31904764,84.74452209,915,night,16.62539434
1017,132,72.24307836,10.18702671,1220,evening,30.09249508
1018,129,38.72143175,74.48307712,763,morning,6.379977474
1019,115,60.83060448,46.7889808,1071,morning,21.55981237
1020,87,31.56129013,89.88330745,480,evening,37.84822428
1021,107,34.82184849,35.61980987,699,evening,13.76578298
1022,41,40.48484731,70.47488323,1297,night,15.88732767
1023,57,75.37168213,74.01193765,1254,evening,5.38112066
1024,102,47.19383691,19.8741713,560,evening,28.74848939
1025,52,34.38648791,15.81469257,932,afternoon,3.955214594
1026,102,65.1850805,9.273114721,639,evening,20.84294663
1027,56,17.05473938,70.15823433,1355,morning,7.08766211
1028,127,12.57798395,54.81504547,744,evening,6.474927569
1029,53,44.94097245,8.671877254,728,night,3.02212204
1030,33,44.63232805,30.83341509,1229,evening,13.26688587
1031,129,70.86879675,14.23464194,845,afternoon,60.61495048
1032,46,74.00722011,9.268102309,538,afternoon,27.85947901
1033,64,47.97001179,29.87711646,563,afternoon,45.302624
1034,106,45.83986974,9.629601202,864,morning,3.650482474
1035,120,34.47346454,26.01860013,732,afternoon,11.27635694
1036,94,47.80251842,55.27191665,1054,night,14.76080775
1037,47,0,56.09042067,1359,afternoon,58.98533588
1038,113,40.97194573,16.80023009,755,night,32.75490605
1039,57,48.38405104,19.10135192,1233,evening,20.22849502
1040,85,34.29906756,85.4971568,1007,morning,10.72091737
1041,82,37.12625583,16.69348987,765,evening,42.8071936
1042,68,44.02327462,4.574146677,756,night,65.76450875
1043,105,49.87023291,24.48208502,1440,morning,23.08870132
1044,38,67.25654019,57.64264019,575,night,1.33193064
1045,65,58.52828908,0.722446469,1121,morning,9.517513534
1046,34,67.62323778,98.49870694,1007,afternoon,41.08982186
1047,84,61.45458974,23.03896105,1143,evening,14.71119685
1048,67,52.29420245,23.81175284,899,afternoon,29.49836321
1049,34,94.63082796,73.86174997,1011,morning,22.30302431
1050,82,35.67774203,24.81790868,621,night,71.48686996
1051,84,31.73899137,39.61513757,1008,morning,11.00183203
1052,64,46.94780335,54.39186886,1228,morning,17.72088126
1053,103,48.79564437,2.187247185,1075,afternoon,2.009196841
1054,32,52.75884735,83.72926262,1083,morning,49.03686356
1055,63,30.91351229,51.20507785,1496,evening,11.82783306
1056,114,89.14540948,31.2918979,742,evening,38.39689829
1057,43,43.09379432,39.97866279,937,afternoon,0.091085548
1058,72,30.72655167,5.582472225,1374,afternoon,60.6200752
1059,108,55.28512318,71.79811032,784,evening,107.2237129
1060,33,71.91232643,53.95043989,867,afternoon,19.04412682
1061,77,82.21823626,91.39914413,1109,evening,19.7684214
1062,46,2.035196104,46.41868399,842,evening,28.74195685
1063,119,65.34561308,82.84015317,1423,afternoon,110.8004985
1064,90,85.13808827,18.83285443,1359,night,24.53272262
1065,65,38.09492493,5.650936535,957,afternoon,2.301749169
1066,103,45.36725608,94.84401238,1175,night,24.98394894
1067,124,31.02760264,25.69580872,522,afternoon,16.29260277
1068,131,38.81418168,83.35837249,837,evening,42.92109686
1069,120,28.69535847,25.73337201,1470,night,10.84367181
1070,51,68.6952497,15.58416951,1494,afternoon,77.49476235
1071,62,47.87580765,73.25308947,1363,afternoon,48.29453338
1072,57,0,77.84061301,881,evening,11.8610019
1073,125,37.94200711,84.36127356,826,night,13.01549037
1074,126,36.18683011,86.48686826,1352,afternoon,21.88294467
1075,139,67.10921392,48.31311942,947,morning,3.14725734
1076,77,48.64532621,40.02168915,1210,morning,35.14693849
1077,56,48.11123265,75.09689663,712,afternoon,28.18266138
1078,105,62.85819139,56.93863118,812,evening,11.51283141
1079,120,71.1558645,96.5284148,1412,evening,30.48714953
1080,102,55.35090802,37.58360113,641,afternoon,3.1023317
1081,98,36.91946237,4.287553086,757,afternoon,91.12873827
1082,35,19.89985281,58.93045727,1054,evening,2.079592432
1083,48,78.9997877,35.3469599,1410,evening,11.96239612
1084,69,117.7822478,34.26736736,1160,evening,105.7348559
1085,66,52.48110533,56.45190783,815,afternoon,15.24262032
1086,56,56.32789838,92.17812916,725,evening,65.04198558
1087,93,80.08378105,26.69582805,1278,afternoon,4.907326393
1088,118,15.74607503,37.95933745,728,night,2.072047542
1089,100,69.08302894,89.12496502,851,morning,3.434468875
1090,115,57.51489825,89.52191357,625,night,107.3228307
1091,94,34.61693684,23.45890698,725,morning,2.789025245
1092,50,39.59880148,70.63305872,636,afternoon,31.6439007
1093,114,23.6900392,41.55609432,1375,afternoon,17.42669051
1094,104,72.50149952,93.60005533,1458,night,59.15473047
1095,105,29.20471489,73.22453114,1085,afternoon,10.45748884
1096,126,58.24069075,49.43532753,937,afternoon,0.880154449
1097,121,17.47232033,81.74113488,1195,evening,41.42131594
1098,76,77.8894131,99.78785389,1261,night,26.65723155
1099,83,45.90265406,44.70433058,919,morning,17.1015128
1100,103,71.44448816,37.35124071,805,night,11.7032291
1101,74,45.76223916,60.70360988,539,afternoon,68.90907665
1102,93,37.86107674,68.30824701,673,afternoon,3.896414769
1103,59,23.18955022,70.44485241,1073,night,4.571979736
1104,49,71.07549427,47.35828996,661,afternoon,0.448200075
1105,109,42.72611024,33.22927819,737,afternoon,2.259931829
1106,67,55.93918914,82.19247472,853,afternoon,58.40654956
1107,131,35.84008692,95.82603084,791,evening,47.34541271
1108,38,49.65942288,86.39818533,894,afternoon,3.241646595
1109,53,54.10761631,68.23542266,1476,afternoon,45.39866093
1110,52,14.89201467,36.01501171,1106,afternoon,30.73711462
1111,100,36.35799911,62.24831258,636,afternoon,14.70546006
1112,87,81.50005745,10.11600635,694,afternoon,2.638869651
1113,93,33.65226758,53.39129728,635,afternoon,27.66562133
1114,35,68.0478348,78.12172004,762,afternoon,54.91671402
1115,78,56.52625167,25.10591468,976,morning,16.37853576
1116,108,60.22624083,50.1534269,632,night,16.56962383
1117,72,62.67510293,7.327424641,1046,morning,52.57900887
1118,102,50.4067279,83.84969703,929,afternoon,7.094208482
1119,47,38.61906992,35.02319704,660,night,5.679246742
1120,70,35.10204867,58.22078684,640,morning,35.68042237
1121,73,43.38544081,37.853484,953,night,32.05398416
1122,105,75.00989463,59.76003664,719,afternoon,72.95566464
1123,52,22.88179539,74.41979604,1195,night,12.20537951
1124,46,43.76941967,32.68146024,863,night,6.769437082
1125,88,19.70730662,51.92613744,624,night,16.80203156
1126,84,38.35709494,79.48745365,1399,night,14.52503867
1127,38,47.51536887,68.78513994,531,afternoon,83.46458007
1128,113,77.89756683,5.707296117,1014,evening,74.8874145
1129,123,80.0654948,56.87588284,1124,evening,16.76633714
1130,46,14.05228656,37.63336732,788,night,15.95612358
1131,71,19.76490962,70.87801468,907,afternoon,17.66322512
1132,100,46.68556355,1.666784059,505,afternoon,39.37966589
1133,94,65.22938215,33.05968061,1239,evening,23.95923724
1134,107,17.94384033,8.649307579,1415,afternoon,10.18713486
1135,122,42.59147491,92.04919079,1452,night,43.92503306
1136,104,70.71265008,87.64995684,1233,night,70.24882698
1137,107,73.14074861,96.80886802,1133,evening,37.94968102
1138,82,43.91216808,64.34682951,1406,afternoon,6.494435067
1139,58,9.975803552,80.70488637,590,night,47.07387974
1140,104,70.98352413,61.1868752,1402,evening,135.1628527
1141,114,31.58764132,49.20438056,609,morning,34.6702575
1142,37,60.75488586,83.38204532,803,evening,8.386901818
1143,106,32.01448408,77.61662163,605,afternoon,0.166891612
1144,122,52.01728428,73.32768083,825,morning,14.60380904
1145,100,56.20145733,89.39109224,1369,night,19.06050772
1146,116,75.6840388,92.87441756,561,afternoon,72.12341085
1147,35,21.84488268,44.52873015,912,night,29.00224778
1148,61,32.36678058,28.28213068,1033,evening,9.922686067
1149,77,82.27266425,51.17855494,1369,afternoon,35.30341362
1150,58,54.63074964,9.306619832,1165,morning,2.901579079
1151,116,32.80685317,93.81604615,1028,morning,7.202245046
1152,122,64.45984061,98.38533219,1340,night,40.93488667
1153,57,30.01620221,65.27048609,788,night,10.58176146
1154,71,53.90855185,74.6161695,1157,evening,0.949100682
1155,38,36.31330392,32.36720556,931,night,20.60112161
1156,113,74.85866832,86.62674577,1433,afternoon,32.19272561
1157,123,32.87218163,90.03025372,620,morning,46.67979892
1158,60,0,7.690225163,1265,afternoon,10.95987881
1159,48,41.02914946,13.14438681,579,evening,16.57939471
1160,64,36.656295,26.0852936,1210,morning,24.39587389
1161,73,45.11598067,70.36744729,837,night,2.328187277
1162,94,61.13930388,18.33646728,1147,morning,6.606074285
1163,53,26.36242666,22.00800991,1377,evening,13.8255666
1164,122,34.45683309,38.18635595,1145,night,9.325539694
1165,56,49.88255846,61.16363573,667,morning,18.81115587
1166,136,36.811081,97.63093648,984,morning,31.55757304
1167,126,51.30013705,78.38946939,563,morning,23.27538619
1168,67,60.75469497,55.83035167,676,night,44.64426176
1169,88,50.27124774,4.938621741,1394,evening,29.53315814
1170,79,72.00239257,51.68399138,1063,morning,10.35560824
1171,74,31.0343569,20.40851896,1195,afternoon,3.833947313
1172,33,38.42836214,30.00690507,518,night,30.62379
1173,118,79.86572791,25.08606875,768,night,7.145907589
1174,86,35.31535413,34.74481254,810,morning,11.51104802
1175,61,99.00789303,6.225978056,516,morning,47.57197633
1176,115,69.32616706,57.6837805,1297,morning,7.450531494
1177,100,33.56470111,4.575304459,725,evening,23.15501931
1178,121,61.70806575,66.05835424,1418,night,2.988791785
1179,40,55.92863334,73.08023318,1281,afternoon,16.16335521
1180,25,20.90512057,48.60640415,1023,evening,117.7792264
1181,67,80.8848968,78.12571142,523,evening,92.62412701
1182,124,66.42744168,96.7390699,1519,night,87.89513471
1183,85,79.53383766,34.00526108,556,morning,27.1280141
1184,96,70.93840547,61.89069241,596,evening,10.4736801
1185,68,56.97956468,32.37317431,1275,morning,13.15289996
1186,51,71.59740068,44.3385585,1034,night,6.921833321
1187,90,23.28090825,2.082552304,810,afternoon,3.080854134
1188,88,89.67389529,7.434988156,588,afternoon,5.548414687
1189,111,64.90347484,79.75287295,1255,afternoon,18.89173107
1190,93,10.9362936,13.99077812,630,morning,0.822071724
1191,83,20.11570865,69.91514277,1391,evening,84.00310054
1192,105,55.75393874,70.88670326,1272,afternoon,24.74028158
1193,125,32.20762379,99.6225966,1457,evening,5.717396466
1194,69,60.39850912,69.5596006,1006,afternoon,16.15313252
1195,69,30.28701677,12.87456893,700,morning,14.16193958
1196,57,24.54762212,62.65416529,880,morning,54.11795746
1197,122,39.19321741,52.41428203,761,morning,3.851876003
1198,44,115.3740597,91.73907575,575,afternoon,16.85676007
1199,63,28.10491466,69.01500663,780,evening,37.27206298
1200,70,75.13744622,51.84786017,1369,morning,14.01330324
1201,74,34.84425202,62.42138922,919,evening,13.27598172
1202,79,48.22305078,44.34599527,701,evening,12.48539335
1203,99,52.49351297,50.84072894,1073,afternoon,43.0658338
1204,140,48.75789753,72.23449637,1406,evening,3.811275102
1205,74,51.13259922,7.834627243,1071,morning,58.28534837
1206,58,56.76298765,61.53355753,756,night,2.205680222
1207,104,20.12516038,8.821746795,666,night,11.52597053
1208,72,47.35612853,85.5076786,1211,morning,14.78201491
1209,84,48.88416818,94.24633807,1086,evening,15.00590325
1210,126,61.10146387,78.02025519,721,night,6.235619711
1211,92,44.37543298,71.80317222,754,night,27.72657566
1212,110,60.56984433,94.37473365,819,morning,18.13058976
1213,76,36.94445885,21.85283148,718,night,25.15026643
1214,50,38.95588523,22.88329456,760,afternoon,28.62872033
1215,116,56.23428821,48.10153654,567,morning,6.371159373
1216,77,29.42850501,0.746301903,556,evening,75.88130263
1217,47,38.7053461,96.50698911,775,night,53.17536979
1218,70,40.10628131,3.225244876,995,evening,52.87845138
1219,88,41.16069073,59.61119735,700,evening,22.7564246
1220,105,51.1457287,35.3973898,1291,evening,51.4529299
1221,105,32.1901042,10.29659458,784,afternoon,29.62433773
1222,102,62.51048533,2.461493598,1386,night,17.96539339
1223,123,44.56491087,26.24185457,676,night,41.88556422
1224,129,58.07652838,10.66840349,977,night,27.48446266
1225,106,25.44074753,94.0328582,925,evening,0.060470038
1226,100,0,24.47612877,1473,morning,174.3022543
1227,66,68.86072679,9.413193019,1375,night,16.85572719
1228,97,54.17518227,76.96820347,700,night,25.43990138
1229,58,60.931709,41.4252093,1161,afternoon,15.62304119
1230,45,76.35172223,84.36660071,808,morning,3.170896859
1231,126,31.20823691,83.84309686,1003,night,53.87483581
1232,99,13.82711073,99.23807524,1268,evening,34.42355359
1233,61,69.56312729,80.38279316,852,afternoon,52.897932
1234,63,63.04084147,21.41518426,1091,afternoon,19.8463242
1235,100,72.11980793,58.64483879,711,morning,47.06430912
1236,108,83.16950636,52.62500786,1207,night,47.94297731
1237,51,26.53167564,50.81896294,1035,night,12.29758244
1238,65,68.73707927,29.68074468,1193,night,0.12244484
1239,54,44.92802133,21.01408303,823,morning,58.93786993
1240,49,69.32610899,71.68949347,911,evening,6.123517754
1241,94,86.72000849,10.17617299,1052,afternoon,60.91113819
1242,114,50.54916766,4.961599601,1500,night,28.89352203
1243,53,35.08795576,38.12436315,935,night,30.2145822
1244,108,22.88145834,74.39254753,1139,night,8.519402768
1245,85,4.921729347,86.85330048,551,evening,15.45545782
1246,32,79.03523157,54.01269262,1071,afternoon,11.22300162
1247,122,80.29206233,83.99324227,734,night,6.334540562
1248,104,70.22918009,2.529121657,658,morning,38.6757157
1249,58,43.99409478,45.53694785,968,night,3.022580103
1250,100,65.74948401,13.33885368,875,evening,21.52116293
1251,96,56.11777872,58.27175204,1272,night,23.03666622
1252,63,26.7844747,92.09882494,892,afternoon,93.29154546
1253,126,72.97047271,0.719046327,1160,morning,61.06666578
1254,121,60.19387568,66.82210879,1247,morning,20.29983958
1255,96,64.72833451,79.23497183,705,evening,55.77208994
1256,31,56.52636055,74.44812736,1077,evening,46.90207475
1257,41,52.66910789,1.97690912,1330,afternoon,0.848788144
1258,112,57.06549141,17.38835744,750,night,76.58416266
1259,107,44.30317817,9.439932258,541,evening,34.93340693
1260,134,62.14081375,8.545419893,977,morning,33.43789225
1261,101,89.02608033,73.01841327,1094,evening,37.49856371
1262,85,59.25913872,42.47893561,1306,night,7.637551121
1263,114,72.33619286,72.48214199,1394,night,0.888191261
1264,94,26.38119961,36.0752417,1220,night,7.912849457
1265,78,66.26177014,11.70493083,818,night,47.48065797
1266,36,60.19723198,71.84521017,502,evening,27.28803222
1267,41,71.51039179,62.60572037,1106,night,13.44860752
1268,47,41.50751406,11.29761567,994,night,8.293136365
1269,116,69.69866292,92.43644116,1470,afternoon,48.25788247
1270,59,35.61409519,30.89208148,746,afternoon,18.36744076
1271,74,72.77229398,65.47300562,1423,morning,28.38272688
1272,113,74.14704746,3.198091823,1265,night,0.379517364
1273,98,27.8873611,44.30424325,727,morning,16.85998937
1274,66,57.28220221,96.43641995,540,evening,0.466644498
1275,136,45.60007838,88.65085865,762,afternoon,46.45428338
1276,119,59.74243754,22.13472542,1400,afternoon,8.600536901
1277,88,50.78993296,87.91303358,1046,night,5.486057018
1278,35,45.51493145,29.30701679,1480,morning,78.27091031
1279,66,38.36418858,85.22344336,878,afternoon,0.545152925
1280,39,78.83825798,72.92269301,1438,evening,6.61270502
1281,57,35.16544513,35.20526026,1411,afternoon,8.252236045
1282,73,39.09275812,91.07908935,508,morning,51.91495436
1283,50,24.88418824,48.52792946,732,afternoon,37.14490871
1284,43,67.12343673,31.76940714,478,afternoon,102.7110867
1285,73,70.74616731,27.96858573,888,morning,35.60926496
1286,95,57.85652922,93.9067115,1030,evening,8.088150703
1287,98,34.59898628,75.85809906,522,night,5.47574593
1288,126,15.91259228,34.98990968,1502,evening,42.24463235
1289,119,61.19528729,25.41684447,1250,morning,69.34979437
1290,35,67.97996297,21.16170424,580,night,72.8012284
1291,34,39.80254327,24.4492631,1352,afternoon,44.23366396
1292,44,51.49339597,11.09793914,1281,afternoon,47.44973575
1293,60,18.56928831,48.47349586,967,morning,32.57406021
1294,117,34.19793562,4.107216153,891,evening,39.93454409
1295,24,57.73453909,1.151464639,1413,evening,3.700621858
1296,20,47.90579518,61.80725931,987,evening,11.9788698
1297,70,53.78265398,8.847931865,1057,night,18.38014842
1298,30,72.78034839,84.52096129,980,evening,32.74818293
1299,113,25.15585449,10.67287785,1260,evening,16.2221419
1300,67,54.11591841,54.26689999,1007,evening,14.10001389
1301,31,36.3953282,67.55036423,896,night,24.87567304
1302,78,46.49804735,22.91555067,602,evening,15.04749744
1303,61,55.80654595,88.82641563,793,night,2.259197992
1304,32,24.69166403,48.13869019,1461,night,104.6191674
1305,113,36.9431116,31.53190951,1316,morning,78.17647613
1306,78,41.72259206,90.11286081,745,afternoon,1.193699862
1307,119,57.93815005,85.83402435,616,evening,22.59881275
1308,99,72.0199729,70.96274016,626,afternoon,37.42457424
1309,66,16.56918227,29.04824507,1192,night,28.2377067
1310,75,36.64893444,39.02063397,892,night,13.08020246
1311,110,47.06741073,68.97333626,819,morning,48.77849266
1312,70,46.99031366,18.52843244,638,night,28.6156634
1313,105,58.312785,49.51124719,618,morning,8.190910256
1314,126,25.1923164,73.77222627,1096,afternoon,28.34323079
1315,121,45.94450714,65.77129271,693,night,9.633909652
1316,29,41.7586093,71.99330837,1286,morning,27.17906423
1317,73,64.43628788,89.19192299,840,night,43.35820762
1318,98,51.48180803,96.82866515,1162,morning,10.80947761
1319,87,41.11400482,45.83835127,1245,morning,9.960379739
1320,106,74.35888968,5.998184601,1243,afternoon,38.91582618
1321,63,39.4022976,83.43503234,542,evening,21.30086929
1322,54,34.01795184,11.79659332,614,afternoon,4.482875622
1323,51,61.78088232,21.94443789,1065,night,23.66962287
1324,90,40.48976731,65.31674537,1253,evening,32.64878649
1325,104,51.31461847,74.57352441,1019,night,20.27783236
1326,48,84.64042148,69.46472487,701,afternoon,29.35785231
1327,108,40.20570834,43.84921942,866,night,13.61702805
1328,49,30.67844073,91.80670585,1149,evening,63.06631157
1329,49,45.69913211,83.21962692,1392,morning,8.231701752
1330,55,43.85274232,66.36825902,857,morning,9.911227755
1331,76,65.3312453,44.10756824,1250,night,44.57148759
1332,39,22.63941841,46.38259332,779,afternoon,1.787991469
1333,114,103.7529531,17.59666424,1317,evening,131.1746368
1334,112,35.59684977,77.97049971,642,night,29.74782726
1335,57,60.50918292,86.59633825,1378,morning,49.42118256
1336,39,68.68835218,82.72816609,983,night,26.308052
1337,64,53.83142068,54.7097948,1171,morning,46.29966987
1338,96,62.38520147,83.79411415,871,night,17.08541804
1339,125,51.41281043,79.04088335,1502,afternoon,25.79323491
1340,115,62.64437293,83.23593131,616,afternoon,32.53457733
1341,105,41.49853139,98.19333308,1201,morning,69.66175796
1342,113,36.92747486,81.00000344,1029,afternoon,1.061745976
1343,102,14.39739762,27.06899657,1132,night,3.459298755
1344,35,58.70457282,82.08629163,1247,morning,35.19808244
1345,71,43.13594351,37.5635106,656,morning,12.66441393
1346,109,57.48036001,51.61922177,696,morning,33.97105896
1347,32,43.65358515,79.63995271,568,afternoon,7.752921893
1348,121,74.81205223,31.67188327,1229,afternoon,29.68674039
1349,127,46.71330723,2.608314427,1036,evening,19.50925112
1350,109,37.56919999,71.8144523,1352,night,3.934660482
1351,102,42.02876154,90.21741198,1157,evening,79.53327798
1352,68,60.02524263,92.78884483,828,morning,47.13509217
1353,37,108.3867862,79.89101833,498,night,45.57077197
1354,81,77.42857584,93.51428581,634,afternoon,35.81325633
1355,71,25.84436101,82.06560924,943,evening,0.647382614
1356,130,54.72501728,3.009904861,1426,evening,21.0730432
1357,45,34.32016167,34.96554255,729,morning,41.7043291
1358,49,42.12225344,33.61063274,1197,night,7.329062817
1359,53,43.8802309,21.91643485,728,night,28.6558466
1360,63,48.27627778,79.79370301,1182,morning,79.55698762
1361,130,67.56159902,52.00898455,728,afternoon,41.94272707
1362,104,44.76727605,83.62893841,742,night,23.79824836
1363,52,53.35469594,60.13492901,1170,evening,11.12861952
1364,126,49.83747505,59.06093456,717,morning,30.36245069
1365,27,36.02836568,38.41484533,1308,evening,37.59528853
1366,49,39.18057314,78.96029209,1352,afternoon,30.4642866
1367,86,37.81553309,68.30916631,598,afternoon,42.24622675
1368,74,63.26439889,33.87518482,1473,night,9.823772374
1369,109,42.56934645,99.35733094,940,evening,21.26678213
1370,86,85.37773099,46.27891984,1107,afternoon,23.86680089
1371,110,34.34562295,31.65901949,1396,morning,2.825529554
1372,130,34.29787164,68.77930561,1096,afternoon,5.827370676
1373,41,28.64802094,22.28074301,1054,afternoon,10.98542657
1374,77,47.85864427,83.06440725,1101,night,1.468023477
1375,83,39.21715117,68.03635783,578,morning,7.981669224
1376,70,42.95268978,87.00653537,1155,afternoon,22.15417073
1377,82,70.48985851,32.90513629,1402,evening,23.40987984
1378,47,46.66480575,85.44255629,1024,morning,8.607557658
1379,41,42.49750976,50.09311428,1231,morning,87.8356036
1380,47,55.71635269,5.915627664,1339,evening,18.88639165
1381,134,53.73855635,19.41692674,1317,evening,30.42341508
1382,41,65.07901525,21.76491653,1061,night,0.924986177
1383,62,66.72889422,76.79909763,1376,morning,15.28390372
1384,43,59.05516162,20.31254138,1286,evening,23.43368162
1385,56,68.7535453,56.19172546,956,morning,11.23008429
1386,71,36.41674873,65.25420321,534,morning,5.639518374
1387,113,47.6109387,77.38573718,815,morning,6.73733117
1388,48,52.46627042,78.3880218,995,morning,18.85170346
1389,113,51.75249652,71.76038561,700,morning,2.209913596
1390,123,111.604963,21.31837955,1166,night,8.015252469
1391,57,71.95549425,54.34693129,816,morning,38.13960601
1392,119,71.20841388,29.01695816,813,morning,7.252217888
1393,52,44.2526489,77.50975578,1400,night,3.730691164
1394,52,48.66616945,74.80928109,1387,evening,2.624345873
1395,117,65.30589848,22.96475667,1307,evening,134.5636596
1396,94,80.05905748,64.13427217,1179,night,2.726073303
1397,92,32.91891203,5.842790234,1171,evening,17.04826509
1398,109,40.54446459,76.85484171,1027,morning,21.46621226
1399,119,46.02836131,78.02020644,555,evening,100.2109207
1400,74,55.19194856,34.70119108,829,afternoon,66.51954926
1401,32,65.45472428,80.62565462,1128,evening,8.141617472
1402,40,64.33473507,85.82975499,1102,night,2.655140826
1403,96,59.08175417,19.00578045,654,evening,17.2837111
1404,119,34.79724072,35.08951033,1001,evening,3.191314222
1405,32,46.5774014,26.10806766,692,night,61.46283102
1406,58,23.25376686,37.43583299,536,night,36.4990723
1407,54,69.57472655,44.69041588,658,morning,86.3579275
1408,38,50.67985193,50.9968746,1122,night,25.28089701
1409,120,26.71695093,3.510370196,696,afternoon,13.59675273
1410,96,97.06486097,5.516634912,1298,afternoon,20.8332962
1411,47,0,65.52346332,1400,night,5.258367952
1412,31,48.74579517,44.27413891,997,afternoon,18.65625071
1413,50,76.28927118,8.973760107,531,morning,199.540493
1414,56,40.29582887,38.62299146,718,night,35.18451234
1415,104,53.30917563,47.54948947,1178,evening,1.931565734
1416,70,59.57434656,63.5590103,656,morning,38.80242118
1417,126,4.253860778,11.83300648,1007,afternoon,3.182847709
1418,47,28.20360132,99.48043146,1207,morning,14.86060685
1419,92,48.79157236,47.47055356,874,afternoon,46.28848058
1420,35,48.35977368,68.07905741,1105,afternoon,4.112068162
1421,118,23.0720062,90.82181722,843,afternoon,10.39085159
1422,39,49.6013178,3.182336407,619,morning,6.517164108
1423,114,60.70560762,60.13589782,882,evening,61.228743
1424,115,75.79871466,54.03557415,1061,evening,4.802123485
1425,55,54.16546227,5.740680131,835,evening,23.02223913
1426,62,31.82652873,69.30277448,1499,evening,9.660541501
1427,43,61.44076894,22.07823805,697,evening,21.2330701
1428,130,63.78189705,70.18815868,1481,afternoon,5.494764116
1429,100,46.73001352,36.2629175,805,evening,42.51206773
1430,92,42.47343252,77.0126201,585,night,30.9099509
1431,116,40.83603528,94.17614432,633,afternoon,1.331921419
1432,97,62.53710873,86.0512618,1258,evening,88.44554082
1433,121,47.16865402,48.25735708,1096,morning,67.0403875
1434,129,56.67915516,22.52729041,843,morning,10.60515805
1435,109,35.08538653,99.24235197,702,night,10.35426877
1436,98,51.46715954,65.94986704,1194,afternoon,20.7451226
1437,72,27.97093318,39.59526375,724,afternoon,28.95805654
1438,66,38.31232727,48.15237475,1445,afternoon,10.31851315
1439,121,50.93433924,12.80552915,875,afternoon,47.59402809
1440,84,35.13413101,50.52920299,788,evening,2.45242193
1441,70,42.06568394,17.31645074,546,afternoon,15.21676457
1442,81,65.18654381,36.57454945,761,afternoon,24.34502751
1443,39,44.05392812,49.17669572,1169,morning,48.23547241
1444,68,42.70956266,94.77987391,1322,evening,61.62895923
1445,60,32.22826087,62.46930868,1349,evening,8.40757339
1446,61,39.57336303,37.18901811,783,evening,8.275144
1447,80,49.87286726,11.30892944,1499,night,13.77853224
1448,27,62.66003843,74.71885881,1369,evening,16.73518872
1449,103,19.29224564,46.68528953,1265,morning,56.59593169
1450,73,66.0735976,6.815515565,1066,morning,0.227998616
1451,86,42.36348661,65.687462,993,night,34.65167647
1452,40,48.11394357,35.0105382,1377,morning,7.456102073
1453,78,64.0917654,40.38912812,841,morning,64.21450165
1454,102,94.49930406,83.8853823,861,evening,11.4530832
1455,60,60.89295723,13.73082394,564,evening,23.13689768
1456,38,40.17413046,34.03748706,1196,morning,11.97116889
1457,37,53.70172529,36.36681463,768,evening,16.6162385
1458,69,58.42271724,0.332935866,1300,morning,22.15883375
1459,51,21.94668057,84.53289164,1007,afternoon,41.29476098
1460,77,28.32330283,83.53125682,1372,afternoon,3.860804701
1461,101,58.05420403,66.1836309,724,morning,13.02644685
1462,96,60.58113758,89.89409248,1361,evening,30.61930773
1463,80,57.56393781,27.28866083,1050,afternoon,26.66027001
1464,126,63.02847036,22.06302806,1005,afternoon,45.5372909
1465,85,42.5995152,6.852080042,942,afternoon,65.96684971
1466,54,71.61052126,59.20128126,1104,night,2.963914597
1467,100,86.43179477,49.63554551,514,morning,37.53629891
1468,63,37.10702464,81.03963157,923,afternoon,10.02251097
1469,77,24.8158854,48.12870375,918,evening,19.69791171
1470,50,48.53316034,20.32362198,663,morning,29.64760313
1471,48,67.56771254,80.95969175,957,morning,4.897112797
1472,73,63.22244109,45.54545721,1024,afternoon,12.76649654
1473,45,52.86321146,95.58302206,527,afternoon,111.9941884
1474,83,3.777545295,53.44714174,1015,morning,4.39579147
1475,70,36.13643613,11.67389343,700,evening,2.610323355
1476,123,72.09470932,85.10244441,988,night,54.38305102
1477,25,15.08602576,87.84103861,1026,morning,16.89702015
1478,62,50.41318173,44.5431542,1075,morning,33.69867089
1479,75,38.53200269,2.599300934,863,morning,10.94702146
1480,90,63.07516611,2.972346984,622,evening,6.635592178
1481,85,16.6515133,35.11492532,1204,night,7.165818106
1482,70,43.97825633,71.62322201,1436,night,6.529348552
1483,97,53.13429726,33.10518144,929,morning,8.509578006
1484,70,42.9669606,0.772992274,1261,afternoon,7.500816276
1485,53,62.05311002,84.85710293,966,afternoon,50.41154202
1486,65,19.17960712,96.87324315,1313,evening,22.86165414
1487,53,27.55986543,34.63694551,1030,afternoon,10.55071662
1488,121,43.4713947,7.307472269,741,evening,12.6961686
1489,84,56.73648847,29.1411719,543,afternoon,94.95874198
1490,64,60.25467646,79.90057756,1268,morning,6.095442044
1491,103,53.45729469,54.22586075,1333,evening,65.34582438
1492,125,31.60248768,38.39856394,767,afternoon,40.0456793
1493,115,38.0589657,33.42269004,685,morning,28.51501321
1494,46,72.11387469,11.53949214,747,evening,29.35236609
1495,59,90.42125915,33.95137581,801,evening,16.49426616
1496,83,62.17996304,47.01084363,492,afternoon,17.33304696
1497,110,56.88610075,67.31410658,1458,afternoon,47.70103573
1498,89,26.92375511,26.20783547,1229,morning,49.95849862
1499,100,53.93997457,89.7378881,1487,night,25.39997838
1500,52,16.28865275,48.47997304,471,evening,43.90727367
1501,41,76.27561613,40.51612602,1441,morning,49.83050436
1502,84,61.20075786,59.39537432,1011,morning,12.10900092
1503,64,48.84783137,16.76237464,594,afternoon,29.29385912
1504,54,26.83895682,10.65854061,1043,afternoon,17.17009065
1505,78,53.63242693,34.65403709,859,night,3.097816862
1506,26,19.95382631,3.993339167,562,afternoon,31.3634356
1507,64,43.71112596,37.75832008,1166,afternoon,26.56441098
1508,121,58.30014996,67.14852575,1335,evening,3.247530882
1509,101,35.74428057,81.21223041,938,morning,2.203353551
1510,94,49.19846377,57.97631088,693,evening,8.615839344
1511,76,96.60630745,69.13291571,575,morning,53.7675657
1512,115,14.23362048,83.31297869,744,evening,1.973837082
1513,57,34.55701877,77.31300982,897,morning,18.50605338
1514,65,44.82919568,31.99819153,957,evening,5.918299966
1515,72,39.38712404,57.34226793,1315,afternoon,8.772922921
1516,115,59.05890809,26.48531547,1287,afternoon,44.08035445
1517,76,60.80631541,57.63337834,978,morning,57.03474326
1518,40,50.90012724,42.60013761,910,morning,26.04563014
1519,45,52.72412326,37.27991816,931,morning,59.68665966
1520,95,14.05740653,18.35639441,1033,afternoon,58.32072823
1521,117,59.45280633,56.17530452,1419,night,7.512323144
1522,105,53.8664022,72.93159812,852,morning,31.07060943
1523,114,36.13750615,57.12797043,962,morning,45.19675718
1524,78,82.37485112,6.922666823,819,afternoon,24.70138406
1525,74,48.52070635,92.4326963,541,evening,49.16268076
1526,72,54.50667808,0.549104954,1071,morning,29.73298039
1527,78,49.18190335,88.50579137,912,morning,10.04140717
1528,76,16.98789417,76.60733264,857,morning,34.71232276
1529,98,29.75154385,9.655728405,794,afternoon,26.6019502
1530,104,44.46744313,23.65643818,1474,evening,29.4209216
1531,48,69.64238651,34.89671896,984,afternoon,3.005227508
1532,104,40.84353926,91.03009091,1281,night,4.03116894
1533,120,54.11884837,97.99262136,954,night,50.56582295
1534,43,59.09469115,8.716826767,1236,afternoon,16.93052627
1535,114,34.00991235,39.69321351,1421,evening,7.272745292
1536,68,31.28172116,14.92818572,1232,afternoon,2.917663724
1537,30,36.40721288,27.84365604,638,morning,9.151105144
1538,71,35.14391507,98.10703008,913,morning,10.49508598
1539,49,28.25116046,98.44261121,709,afternoon,122.1730694
1540,95,67.24479875,47.21379402,1483,evening,53.96443478
1541,127,61.70864116,18.31387339,1354,morning,2.451177168
1542,90,28.3414114,54.70185933,764,evening,41.40338687
1543,26,53.35066171,32.06852076,1481,night,24.89858905
1544,31,43.55850469,92.88308401,812,night,7.781608397
1545,57,47.60534636,81.82143073,1212,evening,41.18087584
1546,91,50.66966208,30.88406658,544,night,0.919303075
1547,114,20.41388108,1.830909632,663,morning,39.45056075
1548,118,10.16032925,99.80486356,962,morning,67.69623795
1549,110,50.40004638,68.33439855,546,night,64.26825509
1550,70,42.23403678,42.57275225,803,morning,44.39714801
1551,62,45.54771405,28.8455724,981,morning,81.87703166
1552,110,37.01008855,0.442443849,714,morning,36.86103922
1553,41,49.75771698,15.39594096,1106,night,34.82050919
1554,96,16.45948195,0.587133488,1229,night,0.796288425
1555,52,50.52010739,59.75844302,1291,afternoon,5.741642659
1556,132,0,66.33432715,1077,night,45.61928886
1557,47,35.22542751,76.67961424,585,night,179.7767701
1558,104,40.28307397,18.69993555,1185,afternoon,38.18170422
1559,40,13.13034484,9.597087018,995,afternoon,26.01285226
1560,113,75.26519318,65.04591031,1186,morning,6.078885024
1561,40,48.0339976,49.9894119,1106,evening,88.64482397
1562,71,34.82970785,87.56859001,1502,afternoon,31.47177118
1563,29,87.62498117,53.32660236,1260,evening,20.14382004
1564,50,54.4013569,44.48212198,1150,night,59.28208959
1565,63,56.97430586,48.80278048,1161,morning,91.90881174
1566,31,45.16833088,78.23217183,969,morning,13.91753626
1567,85,38.84133896,1.830519909,1210,afternoon,21.75680031
1568,57,53.76866423,91.82114435,612,evening,3.668485618
1569,76,0,71.41890425,563,evening,96.45773274
1570,74,12.16121759,88.52897404,1444,evening,3.858051657
1571,49,19.5120244,95.95989944,674,evening,79.36406589
1572,64,1.734332578,22.60036878,707,evening,6.360016282
1573,122,58.91141988,57.83407932,1153,morning,71.83279743
1574,117,34.18394067,48.60437261,1502,evening,18.06116953
1575,30,72.73260561,53.76191062,1376,evening,26.89946565
1576,90,44.16546653,4.728918225,1255,evening,1.088100472
1577,45,30.81162639,91.39857786,628,afternoon,15.04541035
1578,121,45.33729527,95.46841825,1264,night,20.40061524
1579,91,68.90459222,68.51243117,1262,morning,0.284200292
1580,91,41.67489412,25.82776397,1252,night,32.43996988
1581,114,71.6197398,78.72064275,1413,afternoon,54.7710386
1582,80,68.60640264,73.08464835,1406,night,0.752766017
1583,54,35.20124171,57.45902971,1486,afternoon,20.34986181
1584,120,36.87242576,17.02394966,1330,afternoon,1.029401738
1585,83,35.76628491,20.11789022,1193,night,61.97655604
1586,33,22.55934099,58.94049348,536,afternoon,5.259747032
1587,114,16.88763495,12.88247944,663,afternoon,1.809216472
1588,109,36.66593378,72.3929646,741,morning,58.49409052
1589,48,0,21.26000832,805,night,17.6370163
1590,119,23.85635937,91.04798124,582,evening,3.008171343
1591,37,56.05338375,89.97251333,881,afternoon,31.31681675
1592,119,18.52513143,29.36038629,1180,morning,36.68443597
1593,114,71.94236064,8.338684601,943,afternoon,25.20314087
1594,126,58.11667503,61.14158042,1211,night,12.10978957
1595,56,83.20351975,44.8414474,1282,evening,16.57474897
1596,80,87.42952575,14.37088984,1173,afternoon,92.92685345
1597,109,60.95089732,53.14814735,1207,morning,22.9303821
1598,70,34.28178508,99.27242429,855,night,15.17808768
1599,93,12.91150983,6.898291514,684,night,36.94977113
1600,37,16.58405752,26.38953858,1442,evening,2.376404927
1601,136,85.31305138,53.8614285,1215,evening,10.28433866
1602,112,16.16952008,79.33612826,589,evening,7.703829612
1603,61,41.71125608,1.876111999,874,night,34.19273734
1604,112,70.09585992,73.27600069,745,evening,27.78362489
1605,68,28.52464609,13.9883543,551,evening,42.74312862
1606,127,72.40315152,83.0679477,636,night,16.69417325
1607,34,44.75428071,69.21760349,770,afternoon,5.732762845
1608,66,50.40278967,45.6511358,519,morning,6.057157487
1609,106,40.28320794,82.15832746,993,morning,66.839668
1610,115,27.6602653,73.30486844,759,morning,2.335414869
1611,47,59.92633596,75.9184001,742,afternoon,27.05092234
1612,43,57.45393039,29.00737379,794,night,7.906202041
1613,53,60.81325411,61.94188521,1429,night,7.234558933
1614,102,66.33052241,14.11060526,1332,morning,3.107780891
1615,126,37.52004896,82.08607625,1039,afternoon,116.3013934
1616,105,57.44390085,52.6742121,665,evening,1.887712221
1617,144,64.16301085,82.48836484,964,evening,4.79631341
1618,43,54.38506161,21.11568814,948,evening,13.63184323
1619,49,37.96391673,13.03415133,1011,morning,18.25301575
1620,49,53.35116155,68.89687694,506,morning,90.35541618
1621,29,6.294180543,5.83975266,728,night,8.303772418
1622,122,53.77144134,24.39859456,1311,morning,38.29395175
1623,86,23.9803509,90.87136474,724,morning,32.04732056
1624,63,46.61246628,13.27579687,872,evening,21.86290661
1625,33,37.86512937,37.55558891,776,afternoon,9.279867193
1626,73,47.21021497,94.55828974,1428,night,5.11072652
1627,64,15.18948922,2.000321591,1494,afternoon,5.826505271
1628,101,60.34548767,44.53151135,1051,morning,12.73918838
1629,95,64.45495132,78.64592216,1028,evening,4.424483158
1630,103,26.68466702,90.89804054,519,night,196.7260982
1631,75,18.99709276,73.5576917,982,evening,17.70776471
1632,128,28.03163048,88.83917331,1104,afternoon,23.23008016
1633,112,61.08243818,3.436823241,1265,evening,28.7491197
1634,117,44.91210023,9.98761793,1446,morning,6.536623618
1635,104,42.1476712,73.77265798,1054,evening,19.71914109
1636,35,43.23642684,75.33282522,707,afternoon,1.948651231
1637,50,32.82017934,60.52714447,750,afternoon,104.3751488
1638,44,52.88944036,73.02765029,584,morning,19.20672269
1639,102,76.54617916,85.80531203,749,morning,0.9033302
1640,101,28.34735653,54.54825101,1260,night,27.4193583
1641,70,58.72248905,94.73243615,1221,afternoon,3.164626135
1642,33,45.15589806,69.42376505,550,morning,46.81665228
1643,59,44.99258249,47.19820852,829,night,91.95608258
1644,36,73.79366456,42.15181237,792,night,74.5088383
1645,53,66.04207533,75.01667956,665,night,16.747144
1646,59,46.41062467,63.04692176,1011,night,37.40472052
1647,115,64.81634119,81.74433684,1425,afternoon,5.081124429
1648,129,11.879906,78.09862626,1454,afternoon,2.361430718
1649,46,2.319308811,52.42026958,622,morning,51.61960814
1650,106,32.18016447,94.57017903,584,evening,35.63983774
1651,103,26.12828259,70.42572672,1188,afternoon,71.27433416
1652,73,41.40804922,20.08395877,600,afternoon,73.80808555
1653,46,69.06772493,61.84871736,972,night,12.79822721
1654,129,42.06422108,20.18130559,650,afternoon,11.51029405
1655,97,65.04149665,55.88492952,912,morning,17.49656112
1656,134,64.59498218,78.99344523,866,evening,32.86989683
1657,114,11.2331023,81.25053423,579,morning,0.15005357
1658,83,60.63595378,65.08250182,1031,afternoon,22.9464756
1659,32,69.98640104,78.3306172,1166,night,0.597844575
1660,74,71.3778357,47.22356462,606,morning,17.97189986
1661,95,44.69408463,55.06558451,781,evening,2.575845348
1662,68,48.48724636,87.96069794,1254,night,24.78094803
1663,70,49.7951964,49.30806503,747,night,11.31833367
1664,61,45.45486163,35.09290886,742,morning,19.5552216
1665,74,26.40509903,79.69925694,1340,morning,94.88490339
1666,72,30.9582339,5.047369771,1210,night,12.50953645
1667,77,59.47995953,95.83570173,1448,evening,38.11230775
1668,75,44.3391903,34.00651912,1327,afternoon,34.49350422
1669,78,49.39632301,62.961616,504,afternoon,60.96010518
1670,30,69.22608461,68.54552523,676,morning,12.21250455
1671,115,48.90742581,13.70781675,645,morning,1.731326286
1672,127,24.53723511,82.28602468,684,morning,105.8341337
1673,99,91.52005804,57.21129587,986,morning,13.49931609
1674,115,41.42901235,32.79286175,1174,evening,6.460477734
1675,35,40.27233991,85.06858723,1000,afternoon,73.63763006
1676,36,53.10212099,62.50803783,864,night,6.344255568
1677,111,44.58062077,78.577817,1073,afternoon,22.57137365
1678,107,46.16482074,99.23097767,1420,morning,42.25632904
1679,43,36.02545759,13.02764087,876,night,39.39298161
1680,69,66.8294469,74.95964838,1367,evening,0.897237671
1681,134,69.75704666,75.76710091,720,evening,6.785841499
1682,104,83.79232187,87.46896641,1083,morning,65.81011378
1683,77,86.74204433,40.80654525,562,morning,24.1680451
1684,61,7.898784962,86.96513142,904,afternoon,34.86774313
1685,39,59.62866654,63.98832377,1126,morning,15.43956666
1686,85,23.75369552,6.877217232,999,morning,41.01864991
1687,122,73.17275009,3.15167503,911,night,10.23650484
1688,113,53.8952816,48.14854138,635,night,7.920167276
1689,54,32.83891613,78.5832072,784,afternoon,175.416506
1690,91,24.7166479,38.42315256,1208,afternoon,5.146852698
1691,107,34.34583948,85.18321519,1340,evening,119.4734328
1692,83,31.3463327,49.21220164,1222,night,78.31817841
1693,131,74.03965802,2.628847348,817,night,37.62387014
1694,51,48.86740383,97.36650601,1467,afternoon,26.16628518
1695,92,27.53164618,48.96117646,602,morning,0.136193424
1696,122,55.92927644,65.0135977,993,evening,30.25924419
1697,73,55.56989999,19.92892156,1294,morning,44.40645634
1698,64,44.89946962,29.73306654,787,night,39.60122824
1699,81,72.53201574,48.42844969,882,afternoon,5.664598194
1700,101,59.41527173,85.61892028,1364,evening,23.59301067
1701,118,57.82119935,10.1954225,903,evening,23.96843309
1702,60,11.14947335,78.03396941,1412,night,31.7427509
1703,55,41.32761479,57.93507862,1364,evening,53.32593793
1704,44,61.35782255,49.96652742,1481,afternoon,35.94278851
1705,50,55.67132695,87.6587909,576,night,4.570269289
1706,65,49.98093732,11.81201331,802,afternoon,0.576431634
1707,116,62.11536355,99.07541439,828,afternoon,4.405805896
1708,46,57.37185614,85.46334426,1297,night,1.233472201
1709,78,64.474563,32.57369301,1240,evening,17.22219422
1710,119,56.25106078,45.15764536,1046,night,10.01191429
1711,53,63.60315622,2.500330971,1333,afternoon,0.220097688
1712,57,62.59718662,52.76049968,1187,afternoon,2.510520586
1713,88,48.32441644,54.77195713,1218,morning,15.20215257
1714,106,49.37801757,92.65757315,1192,afternoon,84.2834484
1715,87,51.55055598,38.79256754,565,afternoon,157.7658322
1716,131,25.1138949,57.06179536,914,afternoon,1.542601008
1717,84,19.10345647,74.06173445,1135,night,53.26125044
1718,55,60.07335708,60.85164381,1182,afternoon,19.63266929
1719,53,61.14593742,15.61738784,1171,night,29.10988896
1720,89,49.48798006,17.18152599,857,night,21.15472265
1721,97,57.11097201,13.83395018,551,morning,77.51142496
1722,41,63.127065,21.77289616,634,afternoon,19.53050898
1723,114,58.71286426,32.83297735,1147,afternoon,5.516710776
1724,81,61.21000038,73.96673991,585,afternoon,45.40382497
1725,107,24.07825629,6.092581008,1217,afternoon,21.6324852
1726,78,82.91645697,82.044496,1403,evening,3.735244448
1727,57,56.46702239,26.24624103,1384,afternoon,18.57417437
1728,51,68.71282583,61.3423692,937,morning,34.88442954
1729,54,61.69148398,55.27683553,643,night,10.52240206
1730,42,29.38341843,15.40222365,658,evening,72.90347675
1731,79,36.27312419,28.72971684,1158,afternoon,56.90523769
1732,39,39.5021861,29.59209293,1019,morning,25.17259522
1733,42,72.97761271,62.38303474,728,afternoon,1.677182987
1734,108,30.74948636,78.85004957,1130,evening,26.2591001
1735,78,24.94005901,99.62886108,1152,evening,16.11533398
1736,86,58.58498949,9.589723388,566,morning,38.62809765
1737,112,85.05517912,93.86667907,1380,night,9.319558675
1738,96,33.16699347,56.15260917,952,morning,27.92413066
1739,48,78.67069182,35.67678136,973,evening,24.25251015
1740,30,64.92730758,28.45747766,1047,afternoon,22.45032009
1741,68,41.56891968,20.90405084,1232,evening,3.695939234
1742,89,23.54704852,55.70746401,1441,afternoon,20.19359961
1743,79,43.25423348,94.60169338,819,morning,23.99674978
1744,59,34.17899678,18.21559042,1493,evening,78.79039555
1745,55,74.00639191,43.61670489,957,afternoon,18.53362268
1746,100,49.33095105,20.38481304,1343,night,30.6382825
1747,79,59.62548707,17.56303778,620,night,25.26652939
1748,29,59.75442563,86.67418558,1416,night,6.516531853
1749,77,37.20242491,26.19625441,601,afternoon,6.115277867
1750,105,51.44468282,24.79718347,682,evening,40.34284296
1751,110,70.0240658,90.97922905,1351,evening,22.21118521
1752,41,48.48033477,38.60402849,1070,afternoon,67.91043356
1753,62,44.68521822,0.871667684,1401,afternoon,71.62966329
1754,95,63.80641092,72.11856515,610,morning,10.57518545
1755,53,23.9962597,51.70120059,1201,afternoon,3.211754855
1756,116,5.931729014,77.41313955,1337,evening,12.65151965
1757,116,55.76051945,57.02945643,1324,evening,2.081748382
1758,112,70.48743631,35.12672049,613,afternoon,45.59542464
1759,65,86.03595202,6.656428978,780,afternoon,4.741103658
1760,114,53.92566096,86.59366231,818,afternoon,60.37805666
1761,113,66.48443951,20.70846545,1339,morning,16.10108732
1762,83,76.36218541,97.13479853,1313,evening,9.797002706
1763,130,50.62811531,24.5835255,1299,evening,20.88567965
1764,129,37.17493083,82.70356011,1488,night,27.90180862
1765,71,35.11715391,78.87482058,1259,afternoon,36.2739245
1766,30,44.10684596,46.27471336,1181,morning,12.3829531
1767,76,78.98780135,40.17038652,1099,night,122.184773
1768,97,68.64502319,70.32596951,1053,morning,16.46035676
1769,36,45.62801385,52.85525116,1363,afternoon,53.9577684
1770,127,74.91169985,63.19581568,1103,evening,1.064701732
1771,89,59.05553134,47.02154591,1510,morning,45.14735499
1772,79,45.65773645,55.71546268,728,afternoon,24.04457361
1773,118,53.54078006,18.91500404,1186,night,30.61835438
1774,123,58.05150787,5.539635563,887,evening,13.9984624
1775,94,52.73478756,35.59237168,822,evening,23.61322808
1776,102,84.82047338,46.58619498,1358,afternoon,80.74484378
1777,33,47.00465618,90.60296066,1262,evening,14.63460717
1778,125,22.35191318,41.3939514,784,morning,3.353635036
1779,118,56.25109892,43.39187535,707,evening,38.24394727
1780,39,44.17083605,67.48314094,1245,morning,21.1058668
1781,42,23.14717838,20.67861911,1194,night,16.59849675
1782,70,63.28769709,87.16396084,1337,morning,45.12779025
1783,65,0,42.76409804,1232,afternoon,24.77820502
1784,37,55.76977313,93.07869906,1282,afternoon,29.93972589
1785,35,2.61476458,27.12683884,1166,evening,78.14152821
1786,58,50.10313704,46.55923887,1093,morning,1.808778609
1787,53,61.06978062,77.81611865,1211,night,9.129879939
1788,106,64.64238813,55.59267966,802,morning,68.54867987
1789,116,66.16946618,66.12454951,1164,morning,47.21169359
1790,27,28.90682572,28.06963032,501,morning,6.269770119
1791,83,53.79509257,32.84591923,1431,morning,5.55803233
1792,35,35.97876901,50.76134888,1321,evening,52.31251848
1793,53,34.82508652,20.24798434,684,morning,24.14676408
1794,120,47.79612918,12.63061714,1143,night,59.05627894
1795,53,41.58206831,84.38023992,708,afternoon,74.91574074
1796,76,29.27514481,77.48543467,927,afternoon,2.162391628
1797,58,56.43847036,93.20569484,736,morning,104.9758454
1798,45,60.97048122,58.65518071,1131,evening,37.81349996
1799,88,32.7765854,42.02652871,904,afternoon,53.95729845
1800,110,46.31239302,10.3021016,1146,evening,29.85467056
1801,72,46.65538112,85.04674655,1457,afternoon,10.92228611
1802,33,46.97857531,45.62591958,540,morning,27.44606299
1803,31,48.86571135,56.11338303,1216,afternoon,21.76207882
1804,52,55.77174379,31.35233308,865,night,80.68041272
1805,47,73.35680706,52.38729394,1071,morning,24.2924772
1806,53,52.60326851,78.17523102,986,morning,0.848733122
1807,48,39.79905745,71.22597511,589,night,34.75996569
1808,61,49.75927812,98.89226421,684,morning,1.555873508
1809,75,28.73901911,49.56489692,1487,afternoon,86.4725295
1810,42,32.05660291,52.96997332,536,night,20.00057108
1811,84,58.64837559,5.272602118,1456,evening,103.2678006
1812,75,0,38.93828059,1087,night,0.786151506
1813,112,45.664823,92.2104323,712,afternoon,22.83314084
1814,58,68.56102255,35.04762048,1024,evening,7.69349172
1815,65,58.07983574,76.61118342,956,morning,30.71138218
1816,46,67.21106406,97.75994142,630,evening,20.68722605
1817,42,56.71827563,12.68486143,1048,night,25.04995075
1818,132,89.84135576,33.39930575,1423,morning,13.37177068
1819,38,25.38165182,47.43741923,1456,night,1.587610548
1820,38,52.31167516,23.73749902,868,night,3.364727195
1821,28,64.54893657,1.243636663,1060,night,58.67650945
1822,128,41.5617358,46.8604143,668,night,36.39770283
1823,85,73.57402563,53.66161764,1439,afternoon,44.01181745
1824,82,62.09139819,62.54344522,1062,evening,3.926141709
1825,112,20.16397039,82.72150972,698,night,1.514845644
1826,98,57.24252887,25.30425481,1104,evening,0.522819855
1827,107,62.16291118,6.10360686,1253,evening,22.13268579
1828,102,82.65276904,8.983487862,1156,afternoon,20.84829195
1829,61,46.41170216,49.7409495,931,night,3.517866575
1830,105,61.17903299,92.22364791,1179,night,12.76798842
1831,97,55.15301772,98.22108174,964,evening,22.66439508
1832,47,38.75573713,20.50512918,723,night,33.79321324
1833,94,43.01627327,15.19673894,1024,morning,49.82170423
1834,60,6.143321828,35.34718097,1090,afternoon,30.76549351
1835,46,40.54517583,46.38896678,762,morning,0.913976197
1836,93,81.42267564,80.8065283,1241,morning,26.46328629
1837,114,46.55004883,77.46068213,701,afternoon,2.760872056
1838,79,66.89106301,92.26660938,1118,night,24.96607964
1839,90,54.55639334,85.81007387,1020,night,14.14754168
1840,74,58.48875949,43.87924756,572,morning,10.1203561
1841,110,89.88672586,1.902283316,1388,night,19.71696368
1842,117,41.82980802,23.65895519,1383,night,14.41268593
1843,99,41.69132914,61.0054434,1433,night,53.20647986
1844,109,71.74603416,50.14943748,848,evening,7.704595111
1845,29,48.38979646,24.01602339,583,morning,4.410102459
1846,65,44.5480507,13.15992313,795,evening,54.41632337
1847,30,69.07512205,21.60121335,1294,night,8.367970882
1848,127,55.17115427,25.97449178,937,afternoon,0.983014198
1849,55,46.97470377,86.729066,1052,night,14.68089116
1850,50,43.16617284,71.02619391,612,morning,51.28519041
1851,70,33.13859222,55.23324581,1194,morning,16.96215777
1852,97,19.03925793,2.094102178,1222,evening,19.05118294
1853,64,72.22980025,82.11963631,579,morning,1.450422883
1854,73,41.5157617,55.24636318,1387,night,37.24506386
1855,29,15.92737221,62.73404354,672,evening,12.63446781
1856,92,85.66542221,6.564668255,1277,night,39.12686393
1857,66,51.73343587,81.48500486,755,night,15.87838568
1858,132,50.44705024,83.20281107,1318,morning,22.45300192
1859,83,18.25267961,88.33420088,1396,afternoon,26.71033977
1860,26,61.62149548,52.8089493,1351,evening,6.577932687
1861,84,39.37782864,39.40444899,625,night,10.44481316
1862,78,39.42314267,7.304633194,784,morning,26.42545136
1863,35,58.27619028,19.38850632,1146,morning,51.93809561
1864,106,52.41488474,22.55688904,929,evening,97.66881528
1865,55,30.55738605,6.268996421,514,night,22.28083764
1866,102,21.51399829,15.43751722,1491,morning,2.303596795
1867,88,53.3071389,88.68035229,921,morning,93.716114
1868,89,51.57189456,54.5402565,841,evening,16.38161475
1869,90,102.1204786,76.4491285,645,night,3.243589878
1870,116,5.041968226,27.50238301,857,evening,107.4837376
1871,51,52.94461356,13.45981318,912,afternoon,9.876538033
1872,60,17.53907776,37.32538313,826,afternoon,32.08657762
1873,99,41.70487858,79.29851904,1335,evening,4.668729422
1874,85,41.44701023,29.73313076,1349,morning,38.14217942
1875,83,60.84006725,20.45348922,836,evening,112.2859092
1876,90,61.39938024,2.239710905,1153,morning,126.1047429
1877,111,77.29595746,62.40111957,995,afternoon,4.047428618
1878,78,54.93122765,43.58217686,689,night,43.92206873
1879,48,69.70464204,25.87567886,1077,evening,32.74524148
1880,83,77.51377183,51.97541541,1084,night,48.50455954
1881,127,55.16088826,70.06239989,897,evening,12.15834641
1882,28,73.4901651,24.74668138,581,afternoon,15.41223061
1883,127,54.26019807,60.87706189,1185,evening,12.54795033
1884,121,49.86132645,26.01528606,661,evening,43.63933847
1885,73,37.11427147,98.66608679,941,evening,49.68091865
1886,128,57.64087771,73.23902708,755,night,8.602525999
1887,95,56.85842897,60.26581453,673,evening,25.51428687
1888,88,57.12525128,17.23307686,1503,afternoon,4.039126315
1889,115,72.8032038,58.63938897,1247,morning,0.397513152
1890,117,68.14244362,80.04560782,695,afternoon,28.25394593
1891,124,20.50974499,73.71073798,684,afternoon,55.01546015
1892,121,20.89046555,77.8025198,709,evening,71.110886
1893,109,52.46820433,31.77995951,950,afternoon,29.05605995
1894,79,30.47561647,32.82635693,931,evening,49.61602572
1895,100,48.08323061,53.8883961,1086,evening,15.53744979
1896,67,31.77410762,27.86580401,1245,morning,62.46429988
1897,55,51.93100699,11.30131314,732,afternoon,44.71201411
1898,128,29.6258244,46.11218844,1040,afternoon,11.06797447
1899,38,58.03607654,0.192417688,1066,evening,27.28069615
1900,33,28.60374911,76.07582987,873,evening,1.578572555
1901,42,52.71641343,74.96869193,1320,morning,4.755354818
1902,40,16.26302374,55.19158817,1119,night,87.92796492
1903,67,27.39242312,74.76189943,1191,evening,0.294062914
1904,120,64.11622588,62.45282597,550,morning,6.815848347
1905,121,75.64118155,69.74553126,1318,evening,4.483151798
1906,96,68.22779302,6.465583416,694,evening,35.99630224
1907,55,65.15667836,88.12654585,1433,evening,3.351230694
1908,121,79.63179118,64.39312606,1282,night,0.610030415
1909,79,69.31188695,61.06308152,1057,night,79.98823165
1910,41,19.38359004,38.72409636,1307,evening,61.8502679
1911,120,69.06621347,2.813541248,686,afternoon,13.3159873
1912,99,68.75011604,90.14617338,583,morning,3.178283723
1913,75,12.5392178,98.56652269,552,afternoon,34.01495265
1914,33,36.53444748,80.77866437,1319,afternoon,64.3972123
1915,101,81.58046284,91.50391636,1258,morning,110.2514897
1916,43,47.40882076,12.09574435,1004,evening,4.182135861
1917,102,27.18464343,12.86752063,795,night,27.50452729
1918,29,67.27176053,87.96062331,724,evening,16.89258302
1919,62,44.4890879,5.750592377,1401,night,5.114766717
1920,88,42.27361713,9.320352415,569,evening,49.49151969
1921,132,67.47364171,81.6847404,815,morning,45.72408412
1922,96,58.07574633,55.69746684,1074,afternoon,100.2723731
1923,56,47.63865265,39.17270734,1256,afternoon,2.682443848
1924,98,56.61893882,55.34484346,837,afternoon,8.188731405
1925,119,46.50263765,87.87476942,1390,afternoon,52.73388243
1926,124,68.27810243,75.71323083,909,morning,15.0969636
1927,40,21.65487049,69.16073412,1053,afternoon,19.38415671
1928,71,46.14967481,97.688559,763,night,28.36581095
1929,105,41.72974337,52.13067652,1458,morning,15.75049601
1930,68,56.11243797,0.632407445,1352,afternoon,1.081164177
1931,102,27.4662606,42.90328772,1157,night,27.78908978
1932,83,79.99690421,9.657194212,570,morning,7.797044772
1933,110,35.1640407,11.64537839,1215,afternoon,104.0885067
1934,66,71.17555474,25.4900912,1389,afternoon,35.1670201
1935,104,62.1035934,38.13672008,1436,afternoon,55.10035054
1936,99,54.29472187,48.15995829,767,morning,92.63636173
1937,69,54.92853253,16.98200656,1409,morning,1.962607442
1938,55,12.86690672,31.17203792,644,afternoon,4.829456579
1939,78,39.91666859,27.65394233,666,evening,49.51144314
1940,31,115.0181664,36.52474519,976,morning,64.83042004
1941,70,54.26155094,10.79905547,1096,night,0.146720319
1942,138,58.21504948,39.73409565,982,night,87.13548573
1943,66,11.63676264,55.43504873,601,evening,18.17488433
1944,112,45.13304262,9.694812311,1176,night,18.63186765
1945,36,42.86635026,52.07702282,907,night,63.29519219
1946,34,35.18917966,75.59128574,1409,night,10.25497463
1947,88,61.48973614,0.823968851,1140,morning,26.27542338
1948,105,41.46114765,4.752821893,1453,night,12.20250049
1949,84,35.50621287,46.64742903,1385,evening,3.616069886
1950,108,20.5942056,87.27775552,1204,afternoon,13.32205781
1951,51,27.88349918,99.77887128,591,morning,5.699695828
1952,33,30.33404121,9.339381733,749,morning,22.08035369
1953,93,43.1516527,1.834195896,1379,evening,22.63754312
1954,116,40.1032249,22.87699221,1228,afternoon,17.25064651
1955,131,37.46424161,46.74702412,1018,morning,5.72803764
1956,68,16.3243876,57.17959118,1310,afternoon,3.791811545
1957,51,29.88750297,97.34849118,1477,morning,3.315144954
1958,55,52.55600822,88.8463692,1037,evening,3.569072592
1959,111,79.18163695,56.20986973,1329,afternoon,10.48154421
1960,39,82.01289333,36.17138434,1001,evening,0.055984583
1961,100,89.9949091,32.12971186,960,afternoon,1.928358642
1962,104,55.26620942,57.26246722,782,morning,19.07151271
1963,105,48.89055095,72.13528412,913,morning,6.052129349
1964,21,62.68296848,48.16658234,530,night,9.1704508
1965,65,42.83705346,30.43987797,817,night,13.07722963
1966,122,66.05514217,61.31653579,868,evening,1.213768526
1967,104,46.78416068,55.79419817,1075,night,7.454675538
1968,66,55.53701434,42.7368342,660,afternoon,44.97549767
1969,106,35.41627053,74.83557882,1100,evening,12.506262
1970,66,69.29087409,28.22211389,1167,afternoon,6.179729817
1971,63,30.29875004,48.49250016,1357,morning,6.609844591
1972,120,37.27742649,94.03395257,1060,night,125.4616829
1973,43,43.27750288,72.28286874,562,morning,4.821099172
1974,33,33.27029578,38.79718927,1432,night,70.74871209
1975,55,61.32903322,54.61777327,1293,morning,2.519219286
1976,45,52.59805159,40.54818972,1233,night,62.2468623
1977,127,30.47773786,11.25480168,553,afternoon,21.21229041
1978,34,39.57295228,33.49372011,1046,morning,28.14883436
1979,88,52.80161028,86.0443135,1056,night,8.468169584
1980,37,54.16447512,46.12019958,1489,morning,68.6630323
1981,59,30.90216539,58.46375005,984,afternoon,26.53979674
1982,61,50.32731226,18.14467593,1363,night,33.78259318
1983,22,62.46429925,35.62313256,1252,morning,24.40938505
1984,66,43.93365309,92.92049849,924,afternoon,4.013988244
1985,97,29.48551808,31.42454954,845,morning,54.27779419
1986,54,76.64445244,25.0561065,1249,afternoon,6.084979388
1987,96,62.57434056,5.589981688,496,night,10.35713339
1988,120,41.69279048,9.723081835,1393,evening,33.21614934
1989,116,51.90763655,58.47893381,1037,afternoon,2.939278466
1990,103,42.88981089,66.00327988,736,afternoon,81.27341987
1991,72,30.20561974,64.15804797,1389,morning,3.976045311
1992,61,63.65855326,53.98293229,1032,night,33.0024361
1993,92,83.31932647,49.09712976,793,night,30.24577329
1994,120,68.11535049,7.214091761,1215,morning,35.92287346
1995,42,54.91893515,84.06953313,858,morning,17.04023434
1996,77,43.66513494,51.30807589,1024,night,14.45185302
1997,94,0,13.19146693,1388,morning,114.0385896
1998,61,81.3936491,13.58494557,878,evening,50.97406598
1999,125,36.67095697,51.29565217,1254,morning,19.93350574
2000,107,66.67039871,24.45766005,710,evening,6.036603622
2001,103,68.82761521,92.19649801,513,morning,66.36960657
2002,54,68.26246835,49.8948931,1086,afternoon,31.38766361
2003,54,22.02184674,97.84185221,1460,night,4.37760826
2004,63,69.65991307,73.41587019,1123,afternoon,6.067318656
2005,34,40.50114212,81.06988896,1225,afternoon,23.34938052
2006,120,48.21083902,38.88787622,1004,morning,21.01625184
2007,81,47.60578082,13.40207796,1356,night,15.7925055
2008,94,37.67964561,68.96963308,1014,evening,16.69949049
2009,66,44.02949249,40.70712009,822,afternoon,5.669597118
2010,76,52.81690221,94.88818487,497,night,8.849900331
2011,81,31.19474765,19.36322422,1423,afternoon,20.36008048
2012,83,17.3374278,62.65034484,951,evening,1.974728915
2013,124,67.87342718,86.60611817,733,evening,13.04754179
2014,73,55.77771858,40.28290494,1403,evening,7.085869715
2015,123,12.73680567,95.36676193,604,afternoon,5.758366587
2016,81,58.12702193,7.661658322,608,night,4.755561788
2017,34,46.36289605,58.69257489,613,evening,4.531295533
2018,92,23.95601237,77.73867204,887,morning,5.246281922
2019,57,39.09034085,20.18069149,955,night,14.05851859
2020,119,57.38530635,5.785745213,1088,morning,3.20935673
2021,101,30.14809861,7.989761189,965,morning,68.20285931
2022,79,29.65220557,31.92292397,814,night,20.66964277
2023,48,38.66646774,22.31717031,913,night,21.08232173
2024,94,31.10802315,22.38901553,894,morning,7.113177953
2025,125,27.95480639,45.85209699,1495,morning,60.55721356
2026,97,27.61334199,8.493377925,1073,morning,52.83069404
2027,54,58.65917826,99.55006293,840,night,1.045385625
2028,40,31.86114845,69.58076286,476,morning,39.54834606
2029,102,71.64228179,3.029335719,949,afternoon,6.110124705
2030,87,93.13239253,69.19041704,962,morning,24.33204377
2031,55,46.7434865,79.18277826,1142,evening,61.3264645
2032,82,90.34135131,19.0762241,564,afternoon,81.56702297
2033,54,60.84667232,84.02767986,1368,night,6.116862387
2034,60,53.24383696,61.17650099,1426,night,84.19107924
2035,92,48.75828814,82.08557314,1242,afternoon,2.163663619
2036,42,10.89180962,71.66936633,966,morning,72.01471868
2037,101,40.99303483,70.46286147,762,morning,44.39521481
2038,83,27.50538928,15.82410427,1156,night,73.54118582
2039,50,67.50485687,31.57968912,785,afternoon,13.67810976
2040,68,84.26322225,52.32454065,863,morning,84.79451996
2041,32,54.29124865,11.25466063,984,evening,51.19776611
2042,99,55.03747655,47.84930466,1441,afternoon,11.93930987
2043,68,69.25043761,44.53201583,886,night,12.41705539
2044,128,52.37001286,23.19233284,1528,morning,13.2583711
2045,57,74.06082022,19.97177918,1013,morning,26.65929965
2046,77,97.2985767,24.73741519,1287,morning,6.023094151
2047,97,78.8848693,60.51067623,1140,night,17.04833988
2048,96,37.54647297,41.49523716,599,night,2.101748581
2049,73,66.7892915,41.39590935,725,afternoon,13.30975478
2050,79,36.64399194,18.1733211,1219,evening,32.96434357
2051,63,45.58140845,78.73660908,1060,evening,26.70913808
2052,108,82.87446759,70.03793886,856,night,11.41742658
2053,112,30.05872654,42.90750627,524,afternoon,8.920016892
2054,59,42.07322155,14.22019192,937,afternoon,11.88460097
2055,117,72.84815195,71.47008705,548,night,2.162528999
2056,93,32.85959497,89.88443421,999,night,8.935102605
2057,42,11.65237049,17.82619284,1328,morning,36.93528555
2058,42,20.16809609,60.26604267,1069,evening,5.907783229
2059,102,37.82531019,42.43088021,1397,morning,4.463025002
2060,93,49.22195389,8.765035951,571,night,56.1352248
2061,53,43.93034543,72.58270093,911,afternoon,8.097326747
2062,112,39.76239708,7.114721706,899,evening,8.674662878
2063,68,51.53836781,70.22314894,1265,afternoon,18.65487928
2064,95,40.06255115,28.11528943,553,night,19.15476967
2065,47,36.0733425,56.56597526,1301,evening,6.181306454
2066,77,54.59713099,16.04538421,1307,night,24.36735269
2067,107,52.30227977,37.08968699,1529,afternoon,35.69630913
2068,70,70.31843016,10.40894884,1376,night,19.87810926
2069,87,90.38131532,46.73036211,1291,morning,67.7383359
2070,27,7.822385229,21.32907024,1259,evening,143.3580733
2071,44,60.38479507,18.79304784,529,night,22.56211698
2072,79,53.18021217,10.71524183,1351,evening,108.0211479
2073,104,75.56454851,76.5434009,573,evening,31.19519734
2074,130,39.85412924,63.95198773,1093,afternoon,22.57455482
2075,77,42.45987452,15.69039677,1153,morning,61.21226317
2076,98,24.17240508,47.24293877,599,morning,101.8818885
2077,98,70.50273236,66.08846154,1341,night,207.5195045
2078,115,52.72003881,87.80686852,1109,evening,42.71070408
2079,75,72.52712689,5.957215444,1118,morning,19.9251537
2080,32,41.38406841,36.23549367,1076,night,10.53086188
2081,48,36.56345741,61.5953245,724,night,24.49205073
2082,112,64.54431488,1.561744036,1329,afternoon,45.08881731
2083,56,43.22831873,24.35264367,944,evening,0.815727673
2084,40,62.6251284,74.4900535,1142,afternoon,9.34493269
2085,70,60.2176469,35.57365653,877,night,13.13671249
2086,78,52.13796131,8.449473958,638,afternoon,45.41670762
2087,118,37.84919142,62.65953244,1050,morning,28.52274561
2088,47,57.15493505,25.00527935,562,evening,16.6384435
2089,56,34.8236231,70.16540932,564,afternoon,75.4981397
2090,83,51.95473777,90.01748717,475,evening,23.17520951
2091,103,83.65607524,52.78590739,964,evening,38.61108244
2092,60,74.8015876,59.91438592,930,afternoon,31.96742075
2093,52,39.83403008,51.44059399,1298,night,58.6654114
2094,65,55.45267022,81.74420901,1040,night,50.19987873
2095,44,39.270645,24.17146377,1327,night,135.3815091
2096,94,55.63484037,40.15438344,597,morning,14.3019639
2097,85,31.66693937,89.5031433,1508,night,5.405113121
2098,51,36.88509943,72.36460228,531,morning,42.79069906
2099,88,87.47560184,32.00858523,1499,evening,62.31469435
2100,121,52.65348301,83.26322735,789,morning,1.677179742
2101,91,41.01522356,23.88242106,687,evening,12.14340983
2102,69,7.448335949,63.41793527,1089,evening,49.38213296
2103,136,53.35229769,95.64569574,629,afternoon,34.50693422
2104,90,93.71728357,57.47109799,648,evening,42.23184343
2105,85,38.59270153,79.94670127,1326,afternoon,23.50526626
2106,106,42.31264112,73.54307446,1361,morning,14.43019494
2107,38,50.95676537,86.57210309,940,night,50.04240117
2108,129,37.33864318,96.87641794,974,afternoon,24.25943985
2109,52,94.17001846,2.231655706,1201,night,21.70919617
2110,97,69.60962057,2.786977138,497,night,39.82313667
2111,58,63.92112112,59.44222989,1252,morning,6.35376229
2112,116,92.2865008,95.42453506,504,night,26.45698832
2113,75,84.11128615,48.56830726,956,afternoon,10.8900521
2114,101,51.57151072,83.97795639,731,night,0.650484124
2115,88,44.41732332,76.79077531,807,morning,41.45328369
2116,80,44.21639281,49.8252274,1243,evening,19.31274535
2117,126,39.15923637,51.31723277,728,afternoon,70.0679512
2118,119,45.61929847,43.60334126,1127,morning,20.80439227
2119,51,39.76737092,25.2198725,1391,afternoon,0.307245147
2120,69,27.47719744,85.87122685,1046,evening,15.76535299
2121,40,1.59751659,20.95701377,1433,night,5.628721996
2122,122,70.91324995,90.692055,683,morning,76.17917619
2123,50,0,35.97276096,1009,evening,17.70683626
2124,68,57.09788212,2.649730648,1037,afternoon,21.44301155
2125,82,69.37625788,16.83780274,644,night,13.64737471
2126,50,58.80107022,88.78247643,570,evening,22.15841351
2127,124,47.03947924,12.84445422,1264,night,2.592635631
2128,46,54.33180853,73.87736707,1198,morning,18.41528352
2129,74,41.30170531,18.28137089,708,evening,32.66966112
2130,81,48.14661413,49.89328964,656,evening,13.96860957
2131,76,43.70478123,20.52070107,1288,night,14.96036182
2132,27,36.25826593,33.31654378,1503,night,54.49747711
2133,64,73.78610038,12.48222244,1465,night,23.07663885
2134,103,67.42524591,55.60022761,986,morning,26.57636115
2135,46,47.00261861,36.58252101,559,morning,10.5641275
2136,88,50.95212512,36.54842009,883,night,19.79019945
2137,89,35.06773003,3.857416483,554,evening,1.664133693
2138,86,57.20892949,13.61283891,611,afternoon,16.87919971
2139,64,47.92095786,70.75304856,1474,evening,48.6902325
2140,105,43.39779913,29.23202796,1431,evening,5.282697136
2141,127,55.13066975,44.20691509,683,morning,43.37848854
2142,104,51.69586668,76.30678613,573,morning,14.06248278
2143,76,33.07193068,44.47574386,792,morning,0.823038698
2144,47,67.9907264,22.56090315,568,morning,91.86119419
2145,44,69.70449574,54.98242431,880,evening,6.00324179
2146,48,36.38264478,80.12060061,1447,morning,12.22860253
2147,64,113.8556907,59.96418835,947,night,19.65981293
2148,49,31.10280133,42.01812489,1321,morning,89.53974666
2149,48,62.31588402,12.56245174,1253,night,26.10853756
2150,114,61.25256923,24.87131748,1251,night,70.72420436
2151,120,64.40560144,94.61188778,1091,night,24.93541741
2152,127,84.18469367,77.18080475,1200,afternoon,6.897335233
2153,85,44.52147091,8.757188763,488,afternoon,24.9289761
2154,64,50.84852851,0.551460591,995,afternoon,3.175632825
2155,118,58.49460782,17.54193412,1065,afternoon,3.734903364
2156,71,16.32404367,94.38907383,1104,evening,3.687585696
2157,117,52.71188509,58.00389177,980,afternoon,0.36985275
2158,44,58.0159534,83.86597542,934,afternoon,4.921015965
2159,70,35.82956422,46.5225013,524,afternoon,13.06129034
2160,45,93.66367716,82.66361527,1105,night,2.245465936
2161,98,55.23553089,3.391641776,964,evening,0.185458243
2162,114,35.25880102,42.6819447,710,night,3.572690617
2163,95,38.56328872,37.75944837,1390,night,82.49338062
2164,53,34.18513547,98.15464057,740,night,22.37351805
2165,83,34.86217532,30.04757323,896,evening,17.12913911
2166,61,56.75555292,41.69168485,1367,evening,20.03358234
2167,113,58.56969154,75.88008486,1479,afternoon,24.27752646
2168,129,59.01608104,88.07130994,1027,night,3.422996638
2169,81,63.54056927,87.83881743,1135,night,26.36670659
2170,36,58.45430611,39.45108707,709,evening,53.91342092
2171,74,93.53837515,94.85549531,1076,evening,24.6734474
2172,103,68.11357406,65.35088763,508,night,64.37966226
2173,39,29.31485622,85.11355482,1097,afternoon,4.463013295
2174,105,50.68689858,92.62772275,998,evening,52.44140901
2175,122,27.4326564,23.35997233,542,evening,32.59585524
2176,94,50.43951927,49.91984852,1214,evening,27.76539602
2177,99,21.85878692,58.77972958,743,night,26.65832097
2178,110,45.32606287,80.2437693,624,night,3.799093336
2179,81,47.8427325,40.11656971,524,night,30.81184587
2180,120,23.11078814,21.04491724,1074,afternoon,15.26383998
2181,57,50.31345664,74.32345336,1133,night,1.960379748
2182,94,42.53401691,59.23344856,690,night,6.892060786
2183,62,28.12227756,89.82989464,1400,night,17.53297924
2184,97,68.45373493,65.50299806,1258,evening,148.7616651
2185,49,43.04949316,1.682700071,940,morning,16.89864452
2186,91,72.51520846,96.66514001,1192,evening,4.867746527
2187,97,54.10448318,59.31106936,1210,afternoon,69.59485367
2188,93,42.18407336,59.58772652,594,morning,1.076203482
2189,34,30.65518367,90.92613947,1418,morning,4.065206302
2190,98,26.5281813,66.38088343,1117,afternoon,19.25793226
2191,43,53.74399494,47.93211832,1199,night,2.921065424
2192,30,57.28998611,10.72853344,678,evening,25.42993539
2193,33,33.2005454,96.21987813,1007,afternoon,5.150960691
2194,66,25.83208524,7.848737788,1269,afternoon,31.56824979
2195,115,63.98520768,17.02997852,1048,afternoon,3.755478574
2196,83,64.8741938,81.95368625,1329,morning,49.83840545
2197,121,33.46348782,49.04053284,638,evening,39.70860427
2198,107,46.3066062,17.82684833,1181,afternoon,77.86971413
2199,57,60.33705146,28.61619116,689,evening,2.12612825
2200,114,27.95808597,99.4014394,1510,morning,24.3104572
2201,123,32.46526432,58.4020134,769,evening,37.01787005
2202,114,66.36254561,40.16134382,823,afternoon,69.88774245
2203,127,32.17872573,87.62174573,821,morning,19.73652524
2204,85,51.37841383,47.96968431,1045,morning,90.67196345
2205,96,51.9655085,30.7935461,1213,morning,3.919641999
2206,99,26.05320294,16.42223852,810,morning,17.03400983
2207,120,69.64417758,74.44692149,545,afternoon,8.757611718
2208,85,18.82874605,59.6223093,1455,afternoon,5.066342981
2209,121,55.56550461,9.235400348,934,night,10.13904724
2210,133,40.81251482,59.16399229,1231,evening,32.78350643
2211,104,52.06573152,15.94508542,1017,morning,19.80312333
2212,93,45.3062757,98.17197798,547,evening,6.010244846
2213,125,27.36508405,25.97091028,963,morning,0.967011351
2214,84,44.01325881,69.60161797,596,evening,77.11384225
2215,124,59.55265285,65.60450698,961,evening,11.3122797
2216,121,45.14636265,69.13514576,1401,afternoon,4.094705083
2217,55,40.47049953,42.99949135,1075,night,4.739909427
2218,67,10.33061494,7.433179867,785,morning,8.767812833
2219,78,32.22388888,98.00073776,944,night,7.872599643
2220,91,35.17355846,19.15258345,1469,evening,9.836384124
2221,121,66.76425058,76.97202901,1332,evening,7.666515296
2222,119,42.2407466,13.75735002,800,morning,16.89762396
2223,122,60.14251255,28.11970145,736,night,43.52225574
2224,120,34.45802126,55.98866487,883,evening,0.826653717
2225,61,8.711916486,41.34693623,1132,morning,6.338773666
2226,101,69.66684147,95.82665064,716,night,37.34238548
2227,35,34.58518148,84.76851947,892,evening,4.836075315
2228,123,68.66067859,92.17903475,492,afternoon,40.56600072
2229,81,45.63876483,64.06965638,521,afternoon,21.69641453
2230,94,77.60019687,21.89157079,1133,night,64.01437292
2231,41,113.6657398,51.84994281,1089,evening,0.306358346
2232,53,58.86729718,76.55333962,1165,afternoon,46.02386727
2233,52,22.69716629,6.471822064,523,evening,25.47374871
2234,99,60.99584444,86.31170694,1140,afternoon,18.9829402
2235,73,57.51200358,63.13509168,653,afternoon,4.724876433
2236,115,25.31278275,72.35714678,634,morning,7.99966942
2237,51,36.80553014,69.42954409,869,morning,46.25757782
2238,61,41.19066837,84.77623856,1357,afternoon,4.840606979
2239,55,57.0742708,8.752094884,695,evening,22.4818124
2240,42,31.68596191,37.70439496,1209,night,6.981792998
2241,91,29.22646432,50.26165965,1116,evening,20.15753332
2242,42,26.54546573,54.65972121,890,morning,8.820678687
2243,72,12.55262041,94.25551623,1460,morning,12.97483598
2244,107,62.56542199,4.246384026,1472,afternoon,48.65202687
2245,108,51.654143,86.63933804,1374,evening,1.134711332
2246,109,65.78804771,55.1901072,704,evening,77.42854398
2247,66,35.71036822,55.46281693,1010,afternoon,11.54261721
2248,105,35.0863662,32.03303212,1294,night,27.19332504
2249,112,56.85146959,64.36201908,1305,morning,7.521394461
2250,120,67.78839493,64.64131276,1425,night,13.32938146
2251,127,69.6958999,18.92939741,1348,evening,18.46699758
2252,34,27.68584087,67.70059461,660,afternoon,35.01444168
2253,80,68.92610109,26.67063213,1066,afternoon,61.92835504
2254,120,80.0805313,68.87866661,1391,evening,60.32645617
2255,85,58.43694725,61.19429959,967,afternoon,12.32981596
2256,47,73.15398344,71.595198,1384,afternoon,2.786889958
2257,65,60.46908224,1.969979934,766,morning,77.71547224
2258,71,27.57150032,12.53656196,1233,morning,0.935318663
2259,131,68.6828529,84.02006559,1455,morning,63.87525017
2260,92,57.76199314,38.07232614,926,night,0.784854925
2261,78,29.59544323,83.67183545,590,morning,112.6770235
2262,85,38.64037729,6.267425882,1027,night,0.33629713
2263,133,58.24978069,76.93713545,486,evening,0.51436065
2264,49,97.94624422,8.376703436,607,night,21.32170051
2265,117,85.99470973,46.83266428,787,morning,32.96765587
2266,44,10.00546962,93.75736417,985,evening,13.05212763
2267,41,50.01647512,7.767806949,544,evening,27.93427456
2268,55,79.77299391,35.06621295,716,evening,56.09624921
2269,37,41.92720197,51.83485986,927,evening,47.62799114
2270,62,39.89523156,89.94573099,881,evening,64.64533738
2271,58,39.22651679,33.2607194,1210,morning,5.200704644
2272,78,66.89682884,80.70416114,1098,night,7.632700279
2273,77,57.68982405,71.81730328,745,evening,26.5810895
2274,54,60.66047094,30.70673712,1531,night,38.58471834
2275,113,46.06816151,34.08132433,847,evening,3.407254462
2276,35,84.98369699,19.1012185,631,night,5.794175414
2277,98,43.73220076,69.29623681,690,afternoon,76.8915912
2278,60,67.59807863,56.31023894,1402,morning,0.785338449
2279,95,8.481575175,15.49521069,600,afternoon,15.41455845
2280,64,49.23909897,62.00702764,1373,morning,7.104186934
2281,41,40.60121623,49.8649645,942,morning,44.65942975
2282,99,52.06507728,9.258995271,893,evening,59.76174743
2283,60,17.52357547,95.37034334,688,afternoon,8.510315042
2284,124,82.70353224,83.47557736,825,afternoon,26.73938449
2285,79,53.3371806,7.102412792,528,night,55.58530249
2286,89,94.98738875,93.12679379,1246,evening,27.37685523
2287,70,65.6855148,91.66778276,639,afternoon,27.5415177
2288,98,55.2982159,4.218301673,529,morning,15.97495781
2289,121,50.32031244,20.14789458,1074,night,31.75489593
2290,73,63.29155763,70.24083867,809,morning,96.81813203
2291,92,65.16194383,93.4573575,1484,morning,10.68430458
2292,87,60.09084502,82.31147218,857,night,6.716742374
2293,77,95.26344182,28.18978539,1466,morning,95.201504
2294,54,73.14839736,3.343855652,879,night,1.861864499
2295,58,37.34496719,47.28874145,1331,night,54.96048982
2296,28,34.12548821,9.196174461,692,evening,72.17039906
2297,112,58.8579459,24.52962321,1431,night,7.431878913
2298,67,53.73245486,64.00970561,1081,evening,16.63858471
2299,84,55.56840144,49.50189489,1336,night,3.938422535
2300,70,17.55565319,37.67192571,1180,evening,13.71697739
2301,81,67.82746677,92.99623263,981,afternoon,18.33720504
2302,127,42.52990273,19.29661751,1031,night,21.37407937
2303,76,94.52443642,48.74782432,707,afternoon,3.918963054
2304,89,54.70084343,57.34951799,1107,afternoon,15.50629357
2305,111,47.794148,32.19420368,1031,night,29.43645779
2306,52,59.84307155,70.52974392,1107,night,20.80297749
2307,93,36.86558754,86.72786758,1366,afternoon,55.24479001
2308,29,83.52047672,54.14789285,1257,night,90.52155874
2309,75,97.49690716,78.13369431,970,evening,50.92414041
2310,103,64.63537423,6.096164473,1275,afternoon,1.456232699
2311,105,63.34460071,15.3782563,1365,night,7.249642959
2312,112,38.24648507,46.20255288,1381,afternoon,2.750544342
2313,104,49.82523027,92.10198558,788,afternoon,17.06594441
2314,60,60.88463174,53.15914567,612,morning,38.5989463
2315,76,27.03176674,43.23021176,541,night,0.986714956
2316,98,81.55777295,60.01075702,1059,evening,9.320304705
2317,56,19.31006137,12.44657949,1209,evening,2.9581425
2318,63,8.6177106,65.36806329,569,evening,15.83447438
2319,129,84.86404597,9.40211446,983,morning,77.84109728
2320,69,65.57336786,57.67933164,775,evening,15.97342988
2321,39,31.13271755,71.43900411,718,evening,30.21392713
2322,33,53.11582835,41.15074638,1253,evening,14.68294195
2323,37,54.72105813,91.09027269,788,night,39.4422443
2324,64,52.06401464,15.20320446,760,afternoon,40.76355822
2325,115,29.33459693,17.09584714,1017,afternoon,4.456675294
2326,50,56.31758986,51.69144095,1163,evening,31.77064822
2327,80,73.28714544,93.16553739,750,night,14.65006445
2328,89,15.46629909,39.0698603,1180,night,58.92921335
2329,112,40.31392357,92.63998778,1034,night,5.152725185
2330,96,26.78760136,69.34748919,509,morning,68.31714909
2331,58,34.73088307,78.25552272,868,night,21.49383778
2332,98,57.57038912,93.78707044,835,afternoon,8.852075414
2333,97,24.07904899,57.23283372,1152,morning,12.22381155
2334,75,84.7270827,64.16529304,771,night,0.150705425
2335,79,51.38782341,57.89904363,769,morning,89.81761326
2336,71,42.26446432,78.48585594,1440,morning,7.645792009
2337,69,12.07445957,27.34062945,1081,evening,72.1507332
2338,86,52.83762131,78.80478364,1226,night,57.51228643
2339,40,51.10489,71.35456313,987,afternoon,12.88095913
2340,31,23.50685506,60.20661771,846,night,7.106317191
2341,133,30.15820445,3.879174428,629,evening,16.68561189
2342,46,84.42115506,77.45439719,657,evening,81.34654764
2343,51,42.20296625,13.2425953,934,night,57.95540665
2344,84,50.87529545,96.1971923,639,afternoon,20.11916635
2345,49,61.05729416,8.149310121,997,night,23.65992359
2346,80,46.91621518,72.02755798,754,morning,15.76023021
2347,39,77.06441616,36.04256837,1444,evening,86.87984808
2348,131,35.36403178,73.56903921,492,morning,135.0731231
2349,100,41.48894235,51.8952711,563,night,10.23895777
2350,82,41.76823126,62.95052309,1098,morning,89.7049489
2351,100,34.12412485,7.543674061,616,morning,90.12640647
2352,109,32.44097154,96.64790924,1087,night,19.24193519
2353,111,50.58968441,0.384647578,531,afternoon,16.07927185
2354,100,76.9945556,94.11594505,933,night,61.04660341
2355,51,26.43894727,56.82501919,1392,morning,85.9717858
2356,101,46.23491747,25.82701487,757,afternoon,15.44397928
2357,70,65.26894472,63.77277697,1154,afternoon,20.33014171
2358,90,89.58627877,67.28971354,1211,evening,12.20444428
2359,113,68.78448409,73.03316449,705,morning,7.031608502
2360,63,45.87813704,1.643775439,1214,night,167.2913158
2361,79,38.78595588,98.27824038,1096,night,6.278320758
2362,109,72.58510384,61.79129347,820,evening,50.48902205
2363,136,67.65839294,37.75361979,1390,night,16.37202338
2364,40,50.32108385,57.06503834,635,evening,2.621169584
2365,78,45.84634268,17.84218226,1050,afternoon,11.7881878
2366,102,90.34207521,24.72665508,902,evening,2.603776219
2367,94,87.27690361,8.577950304,980,morning,120.4378144
2368,125,57.83866113,87.92336472,988,night,9.244723607
2369,50,54.12621272,25.16001151,908,morning,41.11691002
2370,61,27.02140818,73.97104699,1320,afternoon,16.63383452
2371,108,50.89600601,27.41986828,1269,morning,34.12919384
2372,49,74.16331016,14.59886495,932,afternoon,8.834085631
2373,113,11.37400144,10.81344706,1026,afternoon,2.966075182
2374,64,62.04408657,86.02443507,1036,afternoon,49.59353482
2375,113,63.76393423,11.97367847,754,morning,37.83915335
2376,38,63.81932934,8.714918299,604,evening,3.475978328
2377,109,36.93349493,0.935478556,826,night,39.38547984
2378,73,43.55738697,36.64400494,1092,afternoon,27.3122905
2379,100,37.5901751,94.26871905,727,afternoon,5.643739298
2380,71,89.78167407,90.86498591,863,evening,52.39315455
2381,104,81.15593231,11.50527057,1095,afternoon,36.00935945
2382,69,57.45393194,1.24947255,1213,evening,21.20638222
2383,106,50.66634596,75.10075225,651,afternoon,5.903624306
2384,128,49.84067014,30.64772906,798,evening,23.3065935
2385,86,43.7340216,83.46769798,657,night,5.327541086
2386,112,12.41672395,21.54294387,1187,afternoon,6.098471869
2387,122,50.80386641,49.22086006,1144,afternoon,8.286172605
2388,63,90.55267143,3.294603871,1377,afternoon,31.88390475
2389,87,55.86742924,89.47148278,1080,afternoon,34.15072974
2390,56,37.63729259,17.79759955,1121,morning,2.266334775
2391,75,55.18201356,29.47030328,783,morning,31.57159591
2392,130,45.58931464,47.97003966,992,afternoon,1.056281849
2393,90,30.08474861,27.12688424,964,evening,70.61218509
2394,85,27.6078412,4.016344602,1240,afternoon,45.24232783
2395,39,50.72050546,2.908612979,1020,evening,38.66321021
2396,112,20.77491349,95.52132628,639,evening,8.201900763
2397,34,50.33737725,32.54963242,519,morning,131.6002769
2398,66,48.2952094,33.43915941,636,night,77.4359742
2399,40,64.40334158,92.289997,525,evening,20.19586144
2400,31,46.79175036,83.61536798,901,afternoon,1.05912342
2401,51,28.9605426,68.69416053,1127,night,21.4857634
2402,113,53.08141682,65.85057573,1368,morning,5.016282103
2403,131,70.88801243,80.10857362,620,morning,26.94597526
2404,25,39.43002111,16.88754499,1361,night,129.3433447
2405,57,82.12930897,66.42748574,1149,morning,42.43140962
2406,80,52.30011262,9.839859226,1044,afternoon,11.6696898
2407,48,42.84990345,12.65127328,589,evening,15.03414742
2408,66,37.48198994,24.27561008,674,evening,86.7818077
2409,109,53.91400212,70.9803784,741,afternoon,3.501576666
2410,70,48.13672439,89.2545194,1368,afternoon,66.26274387
2411,83,24.28143946,69.07862874,1271,morning,2.323714172
2412,47,81.83347591,41.66230269,674,afternoon,16.06646511
2413,109,43.2702326,51.36612187,647,evening,41.0478382
2414,42,81.66542099,71.2325799,1011,afternoon,15.07912179
2415,46,28.16836985,61.3281891,1106,evening,25.39735373
2416,57,69.23229361,52.94675343,1136,afternoon,20.24624068
2417,60,77.11330275,23.6792479,797,night,27.83904714
2418,101,75.45186228,61.69609236,763,night,5.623804209
2419,70,58.0036213,1.866817557,1262,evening,25.88900643
2420,92,69.92850032,56.005398,1233,afternoon,130.9005606
2421,99,59.3688002,82.07450784,945,afternoon,6.46609076
2422,52,29.38908199,17.97505498,1237,morning,2.078863348
2423,119,58.26097149,11.42104222,1120,morning,14.91707619
2424,51,28.18282822,97.02351552,1241,afternoon,14.06950996
2425,109,25.49370479,84.34633371,813,evening,4.031227569
2426,106,55.59685565,30.20011604,1328,evening,25.42222695
2427,109,38.18139464,20.85727609,1295,afternoon,17.26584493
2428,108,81.79284334,33.40393631,1027,morning,54.39924261
2429,82,83.69011654,43.12249713,660,evening,16.49516915
2430,60,104.7650573,82.10829083,1467,morning,127.3476003
2431,67,22.71857608,23.92037312,525,night,45.403227
2432,46,27.39720937,72.08450634,1243,morning,20.05074292
2433,131,67.3740549,92.92909816,534,morning,24.10191071
2434,71,43.6789563,37.95122096,582,afternoon,60.46598346
2435,116,35.53554484,2.604691438,945,night,44.63706296
2436,104,42.337756,82.76164223,1452,evening,32.16515383
2437,74,48.55101429,70.8413852,890,afternoon,9.310509049
2438,52,63.24555398,14.90698038,1190,morning,15.84663082
2439,41,13.73821044,59.69055576,586,night,46.4199303
2440,76,58.16228332,82.48164646,1428,evening,29.62275096
2441,103,46.1611057,18.10318118,1163,evening,94.04936619
2442,103,34.14721123,22.29018733,1424,night,61.8797185
2443,76,77.77015061,20.17815477,1173,afternoon,16.71097946
2444,44,41.40771873,99.75015533,1283,night,10.43644397
2445,98,43.13523265,22.95216182,863,evening,3.974026225
2446,102,44.41182729,26.69183933,815,evening,15.70861271
2447,96,81.22529122,4.792566881,583,night,7.711961122
2448,111,52.1736782,98.32784519,834,afternoon,0.505410687
2449,58,48.61156063,24.67541649,1257,night,4.462456208
2450,118,67.67638678,72.52331603,626,morning,18.09982566
2451,77,5.332781702,2.636853334,1387,morning,66.88465925
2452,117,54.05967157,78.34029918,772,evening,11.61223379
2453,47,54.35709606,75.06104917,501,morning,17.45462358
2454,80,66.54549662,8.41528207,1033,morning,14.53879607
2455,50,55.87331874,12.26018376,697,night,13.81228559
2456,119,27.40742951,29.51092761,818,afternoon,38.47304547
2457,36,16.82535466,35.46679327,818,morning,21.15849268
2458,44,62.75591968,78.34997178,1371,afternoon,15.74990893
2459,90,40.1727477,6.118897929,967,night,86.11131544
2460,42,43.42931255,65.023956,1273,night,9.700831076
2461,51,32.85309064,22.85339424,967,afternoon,53.66587879
2462,132,50.27991505,38.24692418,1308,morning,21.70855263
2463,38,48.5500422,0.220395178,1150,afternoon,17.48516525
2464,74,25.56982494,29.11236439,715,evening,1.951064703
2465,67,65.4149947,17.13379566,965,afternoon,58.66205056
2466,80,35.7251055,50.39721593,1054,afternoon,9.468559925
2467,63,78.52619836,15.81923364,1294,afternoon,34.1227162
2468,54,54.23036917,83.58176182,786,night,62.25828735
2469,136,48.25385352,88.29056803,810,morning,23.04498481
2470,95,19.8229291,84.52896481,764,night,30.705232
2471,47,60.8061703,98.1802822,1371,afternoon,12.47374078
2472,93,49.2032828,91.46464081,1027,night,38.89789341
2473,52,53.42379811,27.97879126,1296,evening,32.06608403
2474,38,76.33825211,31.44610228,1355,morning,17.65205397
2475,111,67.3933886,53.26594629,1397,morning,30.20305606
2476,107,72.2958439,38.49576442,1477,night,9.14116981
2477,45,1.764049819,96.99110256,674,morning,32.17258844
2478,54,45.81802238,33.95311169,1324,night,33.51014746
2479,83,18.16026757,74.00823815,1129,evening,17.65754647
2480,99,59.44193094,57.53617024,878,afternoon,8.605411373
2481,62,12.35797918,95.6480703,970,afternoon,48.74659361
2482,80,71.06923875,74.45176186,1036,evening,42.08822584
2483,100,81.39734061,30.36458394,777,evening,1.763592219
2484,71,46.32137422,19.70683569,1259,morning,20.45246478
2485,59,56.84561851,85.4618252,1042,night,2.898993226
2486,47,81.04029113,91.10144387,1102,evening,11.55059055
2487,108,91.7698031,83.10942785,1381,night,16.45785744
2488,121,83.72619783,73.74495689,1110,afternoon,5.839825238
2489,124,60.7764989,32.17300413,1210,morning,18.98428358
2490,117,82.27890711,50.53731381,856,night,36.74784502
2491,42,30.68843878,91.57029224,920,evening,17.23243064
2492,81,36.31474245,13.48974652,979,morning,8.002668627
2493,48,68.71424546,49.49192026,986,evening,16.07498458
2494,118,50.54649871,35.5509355,1026,afternoon,26.92456969
2495,44,63.49722335,67.74895754,946,evening,82.65063047
2496,99,68.3122375,63.406982,1058,afternoon,20.76112142
2497,85,68.61923237,56.00573469,936,evening,65.64101714
2498,77,12.96723056,27.96156277,996,evening,125.1159833
2499,84,63.62616252,15.95502448,599,morning,24.56256587
2500,119,37.36587722,78.43383561,982,afternoon,4.772295478
2501,78,55.11038613,99.1749301,960,evening,62.45844679
2502,33,41.10272307,16.90940687,648,evening,59.49260544
2503,43,41.54632784,7.579229062,971,night,60.87627584
2504,53,37.59665998,74.57308512,513,evening,90.20323268
2505,59,65.18730866,34.38557561,901,morning,9.706965879
2506,51,46.64038207,21.30035819,963,night,12.16832857
2507,111,45.01909972,52.51256551,730,afternoon,34.85586039
2508,92,43.3552921,67.52145338,1425,morning,24.89674142
2509,63,61.74717528,21.48490337,714,morning,60.83260539
2510,116,32.9081676,99.45035693,665,night,8.811257649
2511,130,81.79398395,32.82241843,1001,morning,32.22427262
2512,101,36.89841296,31.49530229,487,evening,84.60795169
2513,66,41.24427876,42.30008693,981,night,7.295484341
2514,118,50.4237127,74.50292903,1349,night,10.99654838
2515,126,59.47518228,87.32573091,1152,morning,15.69796922
2516,63,46.32645153,32.39861106,820,afternoon,2.733689997
2517,129,45.30118899,11.87474021,789,afternoon,5.839223381
2518,53,71.64712567,25.61308214,1112,afternoon,14.44255012
2519,129,4.568080528,8.427961788,879,afternoon,2.319178508
2520,71,38.47341152,63.03444918,946,morning,13.51283823
2521,43,33.49858164,74.06961658,1196,evening,8.397044084
2522,73,41.89736455,42.92665418,800,evening,59.96585851
2523,102,77.85765264,95.27950482,1443,night,28.13259801
2524,84,36.34933733,72.75238239,1102,evening,68.62794753
2525,72,48.11720775,37.9658871,1077,afternoon,6.802764004
2526,99,60.95458632,10.22138575,957,night,2.555547295
2527,77,34.32377551,49.37041049,1521,afternoon,13.11086526
2528,58,4.2512829,50.38355374,1364,night,1.742389355
2529,112,0,55.05869675,1389,night,64.49953975
2530,54,76.64174996,68.24494801,924,night,6.253265588
2531,88,59.06943686,26.43827007,1451,morning,4.562122873
2532,64,43.44658856,0.248446637,527,afternoon,46.50422754
2533,117,43.15672039,81.28447398,1175,morning,37.38628658
2534,72,32.99540116,82.35366941,831,morning,1.759271029
2535,25,53.22636148,91.16217669,943,night,21.37389074
2536,48,64.46041095,96.90366398,1275,afternoon,17.87244221
2537,34,32.09327056,15.91714428,1337,evening,14.67474123
2538,47,55.16779031,35.38716721,1111,afternoon,4.064289617
2539,130,32.72995933,85.13592341,533,night,46.44351479
2540,68,48.17141473,93.39993901,1411,night,8.231360481
2541,35,38.77718168,1.452953295,1117,night,18.38770564
2542,92,68.1838249,38.75339757,893,afternoon,63.8751695
2543,51,50.15212174,11.33858938,1038,night,11.49243566
2544,79,26.97631448,78.8458266,959,night,1.091586937
2545,78,48.34403875,74.71304065,1094,afternoon,65.98256899
2546,60,69.74261041,75.43027056,592,evening,20.43007603
2547,123,25.84184858,39.02351687,1092,morning,20.61870587
2548,109,44.49900735,40.62475667,965,morning,24.04976317
2549,101,42.04588798,26.18646694,1326,morning,5.951113076
2550,64,54.19815732,36.08935378,795,evening,37.64599818
2551,112,45.75138399,98.30815423,833,evening,7.894809574
2552,54,57.32403426,4.656876125,545,night,10.74949613
2553,32,35.67375033,32.40075749,1200,evening,29.92412731
2554,84,46.53896614,78.99229612,788,night,41.55958913
2555,93,45.88815047,38.23459819,1360,morning,39.34862015
2556,53,85.80857844,94.9984417,932,morning,2.604320731
2557,124,56.25684179,33.21441377,1403,evening,42.14317303
2558,99,66.89172893,84.97583466,1281,morning,32.60573844
2559,43,86.82587157,81.50948516,708,evening,27.87337564
2560,126,55.0347788,0.920762617,1500,morning,102.2233328
2561,59,45.41343926,40.29890941,1363,afternoon,12.77733663
2562,107,30.255478,28.06373234,528,evening,34.47376561
2563,124,25.33865396,47.96085495,1095,afternoon,25.54557652
2564,97,6.835899053,46.27710651,804,night,14.72872584
2565,117,67.69393941,90.55294988,1027,evening,46.56899686
2566,53,59.15056997,18.35813481,1292,night,15.48256961
2567,25,45.34197909,18.21911222,1351,night,24.53110286
2568,130,44.834471,10.80667398,1058,night,24.6722124
2569,52,29.991741,73.865119,526,morning,21.48189118
2570,109,59.91172266,91.78603228,1359,afternoon,18.34160906
2571,45,37.96094921,36.85039183,585,morning,5.50972152
2572,108,44.7393549,6.182249654,884,evening,8.266509339
2573,81,27.79787753,15.60215073,818,morning,3.954657645
2574,66,31.28978516,10.23842112,766,morning,38.56537601
2575,47,68.6280681,59.23400368,1144,afternoon,40.91188394
2576,51,72.25092326,28.22978284,771,morning,30.52720157
2577,55,25.25427909,89.74476374,1142,morning,74.9008062
2578,103,61.8871104,16.22827286,743,evening,9.235079399
2579,116,35.20207067,93.01559974,826,morning,51.61509092
2580,59,40.02843503,33.2738834,1326,afternoon,6.167718197
2581,39,74.01810748,86.73057654,815,evening,2.106966058
2582,106,44.27694073,94.89958882,759,evening,0.003864991
2583,119,44.11139038,98.6363584,1319,night,26.07029148
2584,78,17.1687001,80.35933688,1083,night,45.25254533
2585,65,43.24126865,10.16865417,861,night,51.94585776
2586,103,37.48882607,5.537872568,871,morning,19.08341947
2587,47,59.18201545,73.97290243,724,afternoon,1.815455188
2588,61,39.15582201,89.70397018,777,afternoon,1.092525008
2589,71,74.47431217,16.60569203,1342,night,74.79478646
2590,42,57.92322451,94.10674453,814,morning,2.926412312
2591,112,53.9415455,61.02277904,1281,afternoon,46.06677832
2592,55,64.05287612,12.40093082,1406,morning,2.163159041
2593,29,54.01308566,16.70336665,1400,night,6.076279172
2594,98,64.54624757,6.595547997,554,morning,5.333158056
2595,73,47.05483529,14.32152853,806,evening,9.734830672
2596,41,48.23573755,73.21239374,1004,night,15.60759521
2597,64,33.90225583,21.87663485,797,morning,3.996548574
2598,89,35.72217453,56.16541454,956,afternoon,108.5345286
2599,127,76.00823173,72.10812763,615,evening,0.060159706
2600,56,59.33130849,89.52776943,1075,morning,44.36788119
2601,123,19.21653805,58.99268688,1497,afternoon,22.42861153
2602,70,71.15113432,56.97173933,531,evening,2.683844112
2603,102,52.50750737,91.2823045,1182,evening,3.836087766
2604,65,34.14605192,29.49048817,812,evening,26.74788673
2605,65,85.7114981,20.37015913,819,evening,11.36119269
2606,44,75.17307531,87.27959651,762,morning,17.9454429
2607,61,65.10883565,7.452296071,766,night,23.90122025
2608,57,53.1783775,18.96821159,1288,night,25.55360697
2609,66,56.80497648,41.1253048,594,morning,26.21207511
2610,112,6.661875322,36.12505794,1265,night,2.178754366
2611,77,64.96887779,70.60920064,1165,afternoon,40.46747577
2612,122,53.62005256,9.18069183,1172,afternoon,10.42313909
2613,105,54.84477333,47.71578172,519,morning,3.645743168
2614,97,54.42303971,80.85549299,999,morning,3.234268452
2615,38,40.62778013,68.33435372,1039,night,8.115531946
2616,122,31.01012276,63.16490624,1188,evening,29.72072466
2617,21,51.8565371,23.93598652,671,evening,19.15539263
2618,128,23.33216746,39.36327237,893,night,3.397550732
2619,36,55.6338192,18.07235006,625,evening,0.986627793
2620,90,29.43514552,50.89250538,535,night,0.749249448
2621,111,69.32154239,58.41682809,969,night,16.39834175
2622,84,21.47176085,63.11811467,774,evening,46.55473625
2623,117,49.12614676,87.59557404,849,afternoon,25.57340129
2624,94,51.49692981,6.182981936,704,afternoon,49.77119523
2625,123,74.38807369,38.83125005,1058,afternoon,11.54291247
2626,97,55.11172135,59.0970721,994,morning,4.536586599
2627,35,33.73003642,57.01228415,1149,evening,48.73679122
2628,97,32.16416669,2.170412195,906,morning,39.04114472
2629,26,78.93817466,18.93090734,715,night,26.68269118
2630,31,49.25712872,84.57447823,1311,evening,65.61346574
2631,83,46.11691125,51.53918224,1120,morning,29.88276266
2632,69,36.10323808,41.35589323,1450,evening,22.38476408
2633,102,25.74581371,90.01752659,726,morning,20.93333966
2634,79,88.0123439,7.495206904,1031,night,28.82099953
2635,60,51.26890621,92.23103826,752,afternoon,21.8088964
2636,27,27.98238514,2.778331497,1264,morning,9.552542504
2637,42,64.84680026,56.2670278,611,morning,92.29038617
2638,76,61.94748751,55.50911099,1409,morning,95.14659542
2639,83,25.01478749,63.90682625,1392,night,5.476104758
2640,77,38.30882,2.962627289,1497,night,22.68866877
2641,113,59.17153976,53.05188976,1419,morning,46.76460804
2642,60,64.50893178,11.36140397,670,morning,1.68999326
2643,115,34.75795258,15.59791069,926,afternoon,3.956704022
2644,132,12.69413867,21.53548735,602,afternoon,23.61668132
2645,64,54.92104805,61.31770705,1099,afternoon,0.86246148
2646,63,67.13212434,39.00886553,1316,evening,53.69136456
2647,67,48.83483517,8.533742115,871,morning,61.9462517
2648,127,43.8792903,28.90132581,536,evening,39.98949552
2649,112,81.73180352,7.662132749,546,night,51.83999695
2650,55,9.762243324,66.41274786,1330,evening,33.41599116
2651,59,64.47279838,55.74652312,595,night,4.589874192
2652,42,65.66712057,40.76861665,1350,evening,0.909277357
2653,119,34.56713397,92.76767889,986,afternoon,56.53291236
2654,126,3.738393811,51.87250887,1331,morning,36.84395057
2655,62,65.15776783,88.75355612,1372,afternoon,15.24794143
2656,117,56.43529624,57.90850466,1186,night,47.81241138
2657,75,78.42586254,37.67928931,1024,evening,1.642556858
2658,71,38.70447069,53.89968753,1495,morning,11.52956762
2659,99,53.49084891,15.18624109,1478,evening,12.54966129
2660,64,16.43907557,67.47534226,1206,evening,3.323761414
2661,55,64.46244066,98.213318,1344,afternoon,40.60860923
2662,94,19.36943603,24.74381152,1093,afternoon,45.08847133
2663,59,49.26111574,32.31976478,995,afternoon,26.25233905
2664,134,29.18498042,40.60915016,843,night,16.23121305
2665,59,56.75915558,48.34825924,1378,afternoon,28.02237427
2666,121,46.22993329,71.91030041,977,morning,68.59617564
2667,103,45.43732545,13.66731384,1200,evening,13.28342329
2668,106,48.75973815,30.24655425,1026,night,12.20510459
2669,127,50.64203101,53.86705051,519,morning,29.24370894
2670,50,78.11340319,58.95774047,1163,night,34.52606225
2671,91,59.44010093,53.66302213,678,morning,18.3607758
2672,66,36.32030211,43.54888955,1053,night,58.89017626
2673,35,37.90066059,71.1475057,1216,evening,13.0292892
2674,73,70.27655216,20.44747237,600,night,30.72607391
2675,50,28.58488769,28.27276752,1160,evening,33.06016922
2676,118,50.24376719,44.44834845,1405,night,10.47904857
2677,34,16.2342391,69.55029638,742,night,0.570940729
2678,89,47.65790072,8.235083369,826,morning,52.56674701
2679,94,27.93763672,11.56709912,680,evening,19.75762806
2680,108,37.01412808,78.2408335,612,morning,3.009699611
2681,65,53.7827641,26.09549578,599,night,94.78970332
2682,103,62.1045068,96.34867823,1495,night,10.54750965
2683,114,35.70167684,96.14049261,1345,evening,19.3002838
2684,70,72.44601475,68.59449862,1525,evening,19.85334731
2685,113,26.30816787,71.68732211,1208,afternoon,13.89918189
2686,78,65.65471568,65.10002248,1404,evening,4.931479031
2687,56,41.64766769,17.73309371,1290,morning,36.55143489
2688,37,69.11241286,50.04556535,780,evening,6.525514467
2689,109,41.62306124,79.30162112,742,night,34.40185531
2690,57,36.09375475,77.46781034,1451,evening,48.60101211
2691,122,62.18747221,89.87706628,906,afternoon,0.702115359
2692,120,58.82639636,90.07981744,1190,night,39.47895138
2693,103,39.17287909,26.14854367,943,evening,30.48608086
2694,80,60.83682863,72.17205114,1286,night,6.536220241
2695,37,47.35473319,65.13399376,1185,night,29.04277229
2696,73,52.94555947,88.58301746,1507,evening,16.38175427
2697,97,56.74346808,18.34743931,1021,afternoon,2.651561176
2698,75,21.88066739,73.97925765,564,afternoon,22.25047895
2699,72,50.05349841,42.33321105,987,afternoon,108.6764
2700,104,20.74829805,39.44855171,1260,afternoon,31.3928548
2701,43,29.02181912,3.579098191,807,evening,12.03872649
2702,113,47.8168685,96.14604152,788,night,24.86912008
2703,38,69.55105141,67.57685421,1151,night,40.15957614
2704,89,45.32908172,59.07022921,951,afternoon,5.096686027
2705,49,42.91144768,25.11658206,1473,morning,22.57600431
2706,133,40.9659135,65.84454029,1003,afternoon,21.20916323
2707,43,57.84253476,94.56027918,1457,night,14.17499862
2708,85,27.61518324,16.32877555,1175,night,41.23875289
2709,71,21.89371917,98.38086178,575,night,24.97301878
2710,91,77.04750907,42.74293408,510,morning,36.00898847
2711,98,58.28427887,97.8229119,1075,evening,27.18733537
2712,76,35.96424847,63.38675573,1475,evening,45.55225452
2713,106,37.1582362,32.41067862,1140,night,30.14801239
2714,51,38.8841199,37.44439725,574,afternoon,33.97203064
2715,46,23.88845033,29.05548271,1311,evening,7.666057057
2716,57,43.73459586,33.47770411,1168,night,56.0985019
2717,60,50.45202594,64.65358657,841,morning,5.065824916
2718,111,77.10857003,1.660510574,927,night,12.45711512
2719,116,52.11538136,96.76311588,825,night,66.05665078
2720,119,64.84168917,76.8528055,980,afternoon,3.448370645
2721,75,44.17282923,94.10092951,1349,morning,60.44983924
2722,85,40.82613442,71.75430607,1279,morning,19.35159121
2723,66,49.87681541,48.10336585,1498,afternoon,6.085035792
2724,40,67.12243214,18.97274555,974,afternoon,40.0901216
2725,116,38.02366347,51.63215475,1009,night,10.01730252
2726,109,54.44501081,71.16955498,1150,morning,33.98765319
2727,89,53.90036665,85.41826973,1240,night,46.94764521
2728,93,49.50819603,32.41310912,1081,night,25.27231167
2729,25,67.25990104,51.04807967,939,afternoon,46.25318774
2730,102,50.84213317,61.99808629,828,night,82.02240028
2731,31,47.18453584,58.85928151,1034,night,23.98202641
2732,46,48.93176628,5.237277678,826,afternoon,4.959280549
2733,27,7.638759995,48.33938325,553,evening,37.09505338
2734,52,46.82265279,80.90313072,530,evening,15.83272406
2735,97,28.69683486,80.2303839,487,afternoon,22.73395019
2736,111,45.86534871,50.71421952,559,morning,29.57045916
2737,42,49.52333788,95.23563824,536,afternoon,37.92152239
2738,124,59.17219771,82.62302779,589,night,30.63226172
2739,57,90.27880463,73.73269052,995,evening,7.952980084
2740,121,76.89924799,51.5600779,643,afternoon,41.3695439
2741,135,49.78826202,59.06763448,535,evening,49.405175
2742,123,61.17265842,22.32351827,1026,night,1.152041883
2743,90,41.99055292,53.24069357,849,evening,11.05129378
2744,105,53.83258273,52.60218125,1134,morning,114.2276617
2745,115,54.27716606,20.27624636,877,afternoon,5.870492658
2746,63,30.39087816,95.11483031,558,evening,6.056885299
2747,112,40.78346741,24.47521489,621,night,26.84501483
2748,51,16.05183716,10.4222471,948,afternoon,12.38202554
2749,127,46.49110907,46.70092076,574,night,32.11134057
2750,109,49.28151545,68.60735379,1115,morning,9.140579155
2751,89,48.54101185,19.51518676,592,morning,16.65381605
2752,35,29.97044172,18.28915798,1115,morning,193.7482935
2753,76,48.4032971,26.14703256,1261,morning,14.02535795
2754,91,53.24331828,30.2717388,565,afternoon,2.703184731
2755,118,59.23193347,24.62000528,1234,night,40.69462993
2756,112,55.3695381,47.06986555,1165,night,26.64394982
2757,28,43.74269046,1.826310512,554,night,17.64087881
2758,81,47.16457021,8.751669409,929,evening,71.81501517
2759,116,55.11691737,72.93644724,1104,afternoon,4.756767821
2760,63,41.51035112,41.23399358,1419,afternoon,20.18462611
2761,112,32.93948791,36.0317192,598,evening,6.387841848
2762,121,42.4335519,1.044478167,796,morning,2.61561982
2763,45,57.73744551,29.82178769,534,night,17.52091282
2764,126,64.4316483,82.11863754,1464,afternoon,88.32095285
2765,34,68.6413155,34.03672647,1047,morning,38.41125297
2766,55,33.03918977,96.36934535,1296,evening,8.017197742
2767,53,88.50038581,38.99589435,1478,night,18.63165956
2768,125,35.86050601,46.41289013,716,night,47.90331488
2769,38,45.45789751,80.190947,1383,evening,6.522806795
2770,37,73.79698371,98.30243033,1200,evening,6.833248669
2771,113,16.66887419,37.15968003,1120,morning,5.991249429
2772,96,52.61000883,11.99361107,1378,morning,28.05221181
2773,61,44.23934932,52.30572978,945,evening,0.881348509
2774,58,22.09841252,59.17608616,945,morning,26.57439686
2775,104,22.39506238,95.94564697,912,morning,52.35253228
2776,123,72.44345095,41.39225155,746,evening,45.7876875
2777,107,60.32180196,9.081039805,624,morning,32.97318885
2778,110,68.96674139,65.09347319,745,afternoon,7.434322263
2779,90,29.20376136,2.111212552,1470,evening,50.85268764
2780,112,55.75549262,42.54182774,1077,night,94.72309932
2781,80,95.15041686,40.96466324,1360,evening,6.092226184
2782,118,45.25839374,25.48190863,985,evening,72.34798696
2783,66,51.0077103,96.43090563,667,morning,57.51741291
2784,64,50.22240945,40.34084146,1154,evening,116.2998512
2785,113,47.81317292,89.47071147,1345,morning,11.5379384
2786,48,34.41162232,51.51105477,734,morning,81.57555404
2787,101,50.87670333,82.05361673,548,afternoon,5.935898009
2788,101,82.55426372,45.13952227,1175,morning,5.777590618
2789,28,48.99204636,99.15371865,913,night,3.394677781
2790,54,74.42074351,64.00290645,1183,night,16.74653797
2791,57,107.1237486,15.59470039,1051,afternoon,0.367715702
2792,65,33.72760374,0.643082209,770,afternoon,14.40617482
2793,90,60.80551612,92.89003666,1119,afternoon,29.49906081
2794,83,26.71321385,68.68008302,1374,afternoon,2.444809541
2795,74,47.18671464,10.6290671,615,afternoon,51.19084425
2796,83,99.90041921,74.34869528,821,night,10.38986597
2797,43,62.93911546,22.71486043,515,morning,1.427076844
2798,118,56.12810428,80.92303917,559,morning,14.08148298
2799,58,26.34529299,60.99226714,1357,afternoon,4.470202877
2800,91,37.8999057,12.36599783,873,morning,47.58341229
2801,104,33.29020854,7.094912925,1286,morning,12.1942971
2802,99,29.40483822,46.61180003,884,afternoon,3.733421265
2803,94,66.57612073,93.6893458,1436,evening,18.13540608
2804,60,63.79600558,56.46326962,1514,night,18.04312175
2805,38,46.70343122,75.91088656,706,morning,9.672740133
2806,49,39.07163293,46.94733126,884,morning,11.88013937
2807,67,64.52465934,38.40805947,663,night,43.93920829
2808,92,83.69070461,82.22074993,1276,night,30.54343573
2809,129,69.82695907,46.33865494,909,evening,7.249060649
2810,80,52.18715742,14.15427076,793,morning,88.80189116
2811,131,68.44197753,27.45204913,723,morning,10.90339998
2812,103,69.36280706,56.13834115,1380,evening,22.87101923
2813,41,53.05494787,40.25771376,1212,night,25.39738528
2814,40,53.03585354,36.63929103,769,afternoon,7.211217859
2815,87,39.4426583,66.87642297,1109,afternoon,10.32653066
2816,42,66.57246423,63.63204059,525,morning,19.6578447
2817,100,46.62896175,31.40261097,1365,night,8.884396563
2818,54,30.41565656,35.94266049,834,morning,10.94244162
2819,45,31.10816234,75.20664439,947,night,28.49153522
2820,77,49.19258175,92.12875819,537,night,39.70009128
2821,62,31.09411625,32.42147499,707,afternoon,48.43058418
2822,26,104.3943657,29.18775694,763,afternoon,3.893688222
2823,109,59.75023305,26.52800199,604,morning,40.06775087
2824,89,40.12571894,14.15068996,527,evening,82.63807419
2825,75,53.68144809,37.71742255,1271,evening,26.07746817
2826,107,64.71614753,51.60061164,1449,afternoon,27.84180884
2827,83,54.35583729,53.74332554,877,afternoon,93.24925455
2828,53,30.79410436,69.10303369,1142,morning,61.07589418
2829,36,47.80201904,5.255183528,1328,evening,24.47091732
2830,83,45.20744464,56.14087378,756,night,43.5537412
2831,117,40.90764375,25.49889619,1099,evening,5.986436691
2832,42,33.42740001,23.91234966,520,night,15.98773348
2833,72,67.51039156,78.97259297,509,morning,37.70109387
2834,71,59.42112542,15.34772432,836,night,10.21488305
2835,48,59.2640895,32.91001487,979,night,18.14846505
2836,101,12.95238229,63.76383569,662,evening,5.688650082
2837,129,42.02401988,64.287337,692,evening,68.42563658
2838,115,74.99698591,4.808793629,720,evening,67.80541987
2839,120,57.86198843,7.255885034,1112,evening,19.52328445
2840,57,26.7265792,65.53632525,843,night,6.395985001
2841,34,83.33847513,95.31510767,851,evening,34.10917348
2842,64,1.512608254,99.85031136,586,night,7.206210087
2843,59,52.55103051,98.71098344,947,afternoon,7.78623704
2844,110,84.31451106,35.15802134,912,morning,107.3164075
2845,140,18.63819183,24.18102519,816,afternoon,3.145530861
2846,46,40.47227186,9.86493542,1035,afternoon,14.30440919
2847,124,21.88006309,32.58268297,1302,night,24.2819829
2848,101,78.23193129,27.68536448,730,evening,3.421612651
2849,126,33.61737054,57.67962113,1512,morning,1.191649838
2850,74,69.88396008,36.8785497,1163,afternoon,23.44872937
2851,79,77.77760214,23.15299073,1007,evening,3.650092301
2852,116,24.29869397,61.25449218,1387,evening,8.677264462
2853,29,20.08814459,32.30676663,678,night,20.63124118
2854,98,59.58331856,35.36401601,807,night,12.8082256
2855,37,65.51228598,59.84405314,1167,evening,37.19378374
2856,87,48.5898935,11.82185603,866,morning,98.46575136
2857,128,50.51169527,77.42491527,939,afternoon,41.97434792
2858,76,79.59683219,96.54344108,1425,afternoon,300
2859,69,45.20078553,49.08265817,1134,night,14.77546347
2860,83,77.52833798,55.98589201,627,morning,10.92560636
2861,34,38.47359483,38.46429317,677,morning,7.170006662
2862,44,97.95131486,95.67182398,1315,evening,64.85288276
2863,62,32.30283496,13.29445111,1301,evening,14.8257288
2864,75,73.6825895,81.35218605,800,night,37.23383622
2865,125,30.67080425,65.04258285,791,night,33.69733057
2866,85,65.73187939,79.14962726,1427,afternoon,1.763045185
2867,51,49.84645764,95.04595765,1109,evening,63.51958941
2868,75,55.55790197,49.61523107,615,night,19.99720849
2869,115,63.31479934,28.83303625,1149,evening,7.590621662
2870,101,54.91942137,77.95116393,1315,morning,116.0214042
2871,75,53.15654868,84.45705062,974,afternoon,41.97000099
2872,105,12.83945987,68.62552354,1469,evening,28.77076847
2873,109,77.57157834,84.90016039,737,evening,133.6409342
2874,53,80.58002026,73.03273105,1000,evening,42.38983875
2875,23,47.86888646,95.74730205,568,morning,3.874032048
2876,132,61.1401273,57.06810332,1265,afternoon,141.8103917
2877,125,77.31798988,38.04734132,1269,morning,27.30933514
2878,76,62.02542665,68.05204802,1313,evening,10.67606127
2879,105,39.36853846,6.911434923,1043,afternoon,51.03354405
2880,51,25.97849394,49.83907101,1390,evening,1.473179692
2881,82,62.6892081,77.34005093,1269,afternoon,31.8712853
2882,36,52.78238139,16.89638502,1100,night,5.204653208
2883,112,49.89168577,40.04070944,518,morning,2.748420294
2884,116,34.76490255,35.02866995,1416,morning,13.107932
2885,129,43.18106074,33.49690349,1106,evening,13.21863267
2886,57,56.73475419,65.06265891,1369,evening,27.52824509
2887,86,44.11228492,49.7496077,695,evening,25.00226775
2888,101,50.65534893,79.73153048,1403,morning,34.93755612
2889,77,49.37863496,5.78494058,1432,night,5.738729591
2890,63,63.14645175,45.39092327,1125,night,61.40653606
2891,55,21.27226362,1.399872163,800,morning,58.70053666
2892,80,42.8796454,22.08598145,1469,afternoon,7.310817492
2893,123,27.96282664,77.537587,837,night,19.24934064
2894,55,53.11033892,10.60509305,1233,night,20.08381523
2895,69,33.7994265,10.5579284,531,afternoon,76.23965252
2896,117,68.78968808,40.14384244,986,afternoon,70.81242879
2897,78,41.77647801,77.69416246,1003,morning,2.095538688
2898,103,38.47616378,63.80228764,1095,afternoon,95.12399789
2899,71,33.33410966,78.17552802,648,evening,2.130772537
2900,37,55.02027325,4.954842853,1041,evening,23.92669482
2901,84,24.61298768,56.37257079,1198,night,11.20125787
2902,87,48.1379542,45.32926653,1004,morning,14.85171179
2903,119,47.67274801,89.60213293,1406,morning,29.56254595
2904,68,39.55841749,73.73393158,766,afternoon,26.29880843
2905,102,54.37918488,42.43410484,725,night,5.499255871
2906,62,40.74015131,55.38491304,674,night,104.9793114
2907,92,55.69079957,42.48333124,785,night,0.873419685
2908,118,39.1013384,44.11469508,990,morning,12.61941159
2909,109,35.12378683,63.40823618,1499,morning,48.49071613
2910,81,55.1164794,21.65347882,997,evening,57.10146148
2911,89,66.14219421,33.31838525,664,afternoon,47.87940435
2912,36,107.1339227,27.91589281,942,morning,13.98029317
2913,65,43.19487226,80.08024033,857,night,33.57056472
2914,56,65.44667158,94.19435104,648,afternoon,43.35582387
2915,70,41.10970279,41.43005974,1302,morning,25.8792093
2916,115,65.12687997,7.710116753,1074,night,34.0910873
2917,70,76.04231075,9.355098262,506,night,24.19787622
2918,85,52.57423599,39.95889533,961,afternoon,1.695511697
2919,38,64.22858903,39.49844753,1346,evening,9.576654711
2920,83,58.89872871,14.61563946,1111,night,36.38546754
2921,103,50.22218338,80.71234174,594,night,8.293715243
2922,108,41.46036382,50.01347645,1009,night,18.23472545
2923,121,42.98796272,10.90598623,1269,night,22.94656789
2924,85,23.54607358,9.87202085,660,evening,33.34826644
2925,101,70.75277211,44.59644839,706,evening,8.998478901
2926,31,87.42692977,11.68364633,1090,evening,27.13198543
2927,67,21.8036889,56.11961203,551,night,27.22806692
2928,42,70.76104805,38.50156349,1226,evening,55.93453841
2929,85,49.11113068,91.96743423,1223,afternoon,24.09205743
2930,94,37.20120862,41.89101021,703,night,10.48998979
2931,66,52.86399361,61.44301631,768,night,22.18849719
2932,103,33.93758152,81.13541511,976,night,3.404355676
2933,63,54.68482333,30.28761312,965,night,28.07558161
2934,87,44.12636945,51.18885,743,morning,74.35494448
2935,45,43.12686607,12.09399858,1338,evening,22.63857254
2936,102,73.53330678,43.27693977,1261,morning,10.3664655
2937,111,15.00082505,37.58213238,1143,afternoon,15.60235412
2938,103,38.64518108,42.81890728,665,morning,69.64017163
2939,117,10.40533509,10.74102457,585,morning,50.31012946
2940,61,52.61873437,39.84006821,579,morning,48.76327214
2941,72,40.10060506,87.0266827,850,morning,24.90888524
2942,69,35.56912708,93.70550941,1238,evening,15.14595185
2943,110,55.65663935,24.17273425,508,evening,4.261908243
2944,60,62.23301464,30.05012877,1307,morning,111.4123985
2945,38,73.65287404,0.955649431,1244,morning,5.92073515
2946,56,108.6156075,11.55809443,656,afternoon,8.715323225
2947,120,38.6111015,34.51196448,1228,afternoon,43.35096586
2948,89,36.50651091,68.51087472,591,night,12.95819713
2949,127,50.09210429,29.22042323,1323,morning,26.30262042
2950,56,51.741311,7.539725275,961,night,43.01937379
2951,81,84.66945488,73.08677436,1416,evening,24.36612618
2952,68,60.43262886,46.67653717,1378,evening,20.24268532
2953,93,31.11386497,51.9197207,1027,evening,1.560986147
2954,61,29.98544898,32.60250829,767,evening,20.06284012
2955,42,63.62683695,61.30441903,896,night,18.21055021
2956,46,45.84599525,89.07793352,1113,morning,63.73617184
2957,67,78.31668416,55.37584703,585,evening,17.79323616
2958,63,60.30988139,58.7516256,963,afternoon,29.82293268
2959,129,29.10876195,37.35625152,932,night,44.58124795
2960,58,26.48260472,8.263079235,887,night,18.91728431
2961,33,56.90172912,42.85414379,1426,evening,9.067852415
2962,125,43.16994418,92.4639307,1301,morning,67.31628917
2963,71,72.78972423,68.02150505,1462,afternoon,67.76221029
2964,98,56.78762566,49.02197852,780,night,69.02823345
2965,49,56.39051003,62.08832857,683,afternoon,9.555602992
2966,38,25.41529962,55.85368085,1141,afternoon,11.37021658
2967,54,40.45658143,91.24031237,545,night,75.32393272
2968,33,49.05727783,22.38477831,1175,morning,4.032810841
2969,122,12.51028903,88.8686328,1146,evening,32.00305042
2970,107,62.46224661,68.84708824,1295,afternoon,10.37281012
2971,78,67.071572,12.77464202,1306,morning,38.32929044
2972,121,39.41182335,37.19046854,832,evening,53.81249209
2973,136,75.37071288,43.62988932,1140,afternoon,15.73329996
2974,84,74.49269765,8.293362739,1341,evening,4.916456084
2975,83,60.47519327,55.41992098,1020,night,39.5294855
2976,93,48.78392149,25.93639386,1023,morning,1.720221735
2977,38,69.91511951,45.8127724,1173,morning,0.453183928
2978,116,20.19681383,43.87679672,1476,morning,62.91348627
2979,53,51.49708453,52.16741694,586,afternoon,50.91653028
2980,97,33.11490631,84.62072599,688,morning,26.16498991
2981,63,36.74416057,78.07611993,554,evening,32.84234082
2982,22,58.99990023,87.30014043,1291,afternoon,91.47635992
2983,59,33.91308398,57.23474138,630,night,1.944679583
2984,95,19.3935881,61.58050884,981,night,7.323106025
2985,112,94.40783967,43.04864571,1362,evening,39.19152278
2986,35,37.91153867,71.72190951,1465,morning,9.197211169
2987,32,33.12136885,20.48953046,700,night,6.967898357
2988,114,73.88712415,47.51836584,757,night,17.51281537
2989,102,37.95957766,71.41731374,662,morning,38.58781701
2990,92,24.60531328,77.78789113,1266,night,7.091504728
2991,105,31.69012515,24.79497698,1483,night,16.83963642
2992,57,41.37695715,18.15487023,1414,night,21.94523104
2993,35,28.58347942,28.85340473,655,night,5.670414173
2994,73,33.34006551,92.01555844,1027,evening,19.43305623
2995,62,41.05201858,12.91204367,1331,afternoon,60.26976317
2996,59,69.43149574,95.30951581,937,morning,41.12034488
2997,79,91.44469678,99.4812606,939,night,21.00198683
2998,73,72.17977098,78.34443103,1276,night,4.015614737
2999,69,45.44494195,76.04225469,1388,night,0.70902145
3000,102,21.78822375,95.32865306,1041,night,2.088301312
3001,90,64.02949862,29.05353295,528,afternoon,41.61481313
3002,84,29.5351262,12.89822057,1017,morning,36.55966802
3003,45,42.61207279,82.3100375,1489,night,41.12019966
3004,132,82.31808378,17.09300496,620,evening,11.01087947
3005,30,84.08796242,4.540991471,943,evening,2.826870947
3006,80,53.56493116,19.64614875,528,afternoon,37.58775113
3007,99,74.53765548,43.79065859,1508,afternoon,76.71120304
3008,126,73.83133133,49.51022633,1239,night,18.05489064
3009,37,63.14803266,6.250169838,1167,afternoon,43.35771124
3010,100,44.57214055,44.33943597,970,morning,39.06669004
3011,74,38.88538638,60.43075952,623,evening,57.6611424
3012,47,50.88940413,93.18064776,759,morning,0.863706581
3013,65,24.3354886,22.73195778,624,afternoon,93.23680697
3014,86,40.45677807,21.09703911,1078,morning,60.15381418
3015,54,61.96651869,38.94250775,928,afternoon,62.74063625
3016,99,37.40039874,98.36545208,1171,morning,168.4141503
3017,117,80.89207826,33.62247808,1279,night,30.60593061
3018,50,54.92407742,4.386784692,1045,night,2.55607147
3019,58,65.65406738,26.56148546,1199,morning,51.91368035
3020,58,45.7395694,55.83015846,1082,night,4.346441277
3021,118,62.63601323,41.25437257,1284,afternoon,40.17015978
3022,36,27.41468203,77.42230577,517,morning,16.55070356
3023,111,58.46311345,60.72715873,791,afternoon,0.199057121
3024,65,60.33909371,55.9457207,1250,evening,17.16926555
3025,106,75.66329146,32.29939515,959,night,47.78689222
3026,67,9.862147099,55.18460413,762,night,2.743692249
3027,56,36.56933155,61.55907193,942,afternoon,0.066432226
3028,50,14.39892481,17.92047598,1166,afternoon,18.08615182
3029,132,33.20884283,73.58679195,1408,evening,0.044938095
3030,64,47.85749856,39.29329946,472,morning,81.880907
3031,72,61.80082851,74.22757101,927,afternoon,52.26544685
3032,122,94.9356878,17.77105808,966,morning,29.83707951
3033,101,77.00930261,65.65207786,904,morning,0.524091006
3034,41,40.24678974,2.688324542,1327,afternoon,25.30671799
3035,85,64.4153103,15.89657919,807,night,33.35881739
3036,112,74.50334321,89.11208959,643,afternoon,26.56165094
3037,94,48.00311252,46.14719559,1035,afternoon,88.06238278
3038,92,48.73178263,50.78628341,624,afternoon,53.39680044
3039,50,45.40850369,90.75778198,1172,night,13.62827952
3040,36,59.66311672,48.49334067,1151,evening,35.60350701
3041,69,58.27216528,65.45885524,800,night,18.54933188
3042,60,52.84120584,22.19550721,1090,afternoon,79.07801856
3043,117,84.74625489,8.157314487,835,evening,28.87996454
3044,35,70.07137023,35.33517653,1234,afternoon,26.17323285
3045,93,17.61158673,79.86794669,1469,morning,20.83627896
3046,43,14.02863286,44.68373103,560,afternoon,14.23186835
3047,114,58.34738243,16.8150364,1123,morning,4.807129366
3048,88,47.97143131,54.50980291,1069,evening,9.603329613
3049,44,15.00017544,26.38403607,818,morning,12.12651838
3050,83,11.99892463,94.6667807,1412,evening,5.017704099
3051,44,45.01563995,57.74126407,1367,afternoon,50.25343401
3052,88,55.13815318,98.29624261,762,afternoon,0.066623778
3053,30,55.87764511,4.307278582,573,morning,74.22667511
3054,84,37.88327494,1.155959022,1061,night,4.118706487
3055,117,38.85791718,47.70955794,575,night,1.569413018
3056,38,39.94749839,86.1999487,1325,night,160.0943047
3057,101,59.86133044,52.44069473,615,morning,254.93143
3058,53,19.4128265,87.6186653,1102,morning,6.386796918
3059,112,50.38823668,13.05660665,882,night,4.309073054
3060,31,70.38536956,69.93272848,1475,morning,6.610971014
3061,82,42.96771031,65.98773471,1321,night,21.48163482
3062,115,53.20728725,54.49638147,831,evening,11.6221517
3063,125,58.31370812,40.5104794,1110,evening,12.3007512
3064,105,36.83947294,64.70683416,1031,morning,49.75411525
3065,119,47.96855887,55.00922813,1241,afternoon,66.27135566
3066,67,23.99710573,27.26256395,935,morning,105.0280842
3067,80,59.72154863,10.46154264,1441,evening,21.69201476
3068,118,53.25730807,38.6648665,779,evening,8.476312907
3069,109,73.32367853,51.24361171,1189,night,24.28489704
3070,47,67.55700253,50.85153753,618,night,61.4501705
3071,90,73.62943496,42.55824021,855,afternoon,0.941986054
3072,91,74.57269038,32.7355169,743,night,72.65553543
3073,70,35.52031902,35.04940752,1213,night,7.706726985
3074,110,59.59095867,26.58452834,1155,evening,11.15384101
3075,126,63.48991065,57.9908266,1175,night,13.5792374
3076,33,37.52718081,84.98874442,644,morning,73.51911092
3077,114,74.66388707,87.9689713,852,evening,5.807431044
3078,71,47.82519485,99.3724956,653,morning,7.569887197
3079,97,62.79281321,8.881827083,925,afternoon,39.40276556
3080,67,72.0687236,21.42582624,1412,evening,81.85736719
3081,66,58.55762922,73.02069715,1221,afternoon,3.319057937
3082,129,86.2793425,64.52405223,617,morning,22.15995122
3083,45,98.36559238,13.38657217,1472,afternoon,73.76338603
3084,30,50.35988358,63.10180295,1268,morning,65.17029972
3085,127,69.14616584,40.64618592,1010,morning,88.96074595
3086,93,97.37056823,95.68594851,766,evening,69.71577192
3087,43,37.64795485,85.52428128,765,evening,11.33709115
3088,43,0,7.324227977,902,evening,6.996241311
3089,60,69.27321612,8.998963192,679,morning,69.52324532
3090,69,42.27577279,41.70568053,918,night,37.33911827
3091,120,25.94816517,0.837116648,1478,morning,14.26965897
3092,66,35.74846009,9.438691378,1286,morning,37.44144204
3093,106,18.79312947,93.25956555,1268,night,11.01005107
3094,87,83.9751033,79.24318322,860,night,26.12118796
3095,75,79.07682312,67.27089801,1110,afternoon,7.97110742
3096,60,45.40407814,83.02372333,1489,morning,24.74839876
3097,102,47.10943513,25.00548554,1112,evening,76.98136975
3098,58,53.90973428,72.55669626,1272,night,44.27861172
3099,119,83.44988589,61.55671553,1061,evening,32.01910309
3100,79,28.79340138,84.86474163,836,afternoon,8.471420587
3101,60,46.68515546,28.26874309,1402,evening,1.96395242
3102,127,74.95664116,76.37157975,659,morning,37.19523044
3103,113,43.30650316,85.26514041,887,morning,25.74756704
3104,25,33.29169546,54.90068747,1277,evening,7.170739122
3105,77,53.32657662,41.3785239,1406,evening,81.89074619
3106,78,14.34092693,94.86525764,1418,morning,24.09014838
3107,104,57.43008448,16.89696159,848,night,25.44906051
3108,105,44.95472963,3.627304311,1273,morning,10.64717449
3109,89,62.71919873,17.91402638,510,night,63.45449646
3110,71,36.11070436,68.34539662,1252,morning,66.6000016
3111,34,59.0516909,78.8945939,655,evening,37.67344469
3112,124,54.21556506,71.68275698,1110,evening,3.136653252
3113,97,26.38263455,41.9866554,621,morning,2.644801586
3114,64,31.11313216,96.75735447,1429,night,19.01127624
3115,131,74.58905402,44.4301921,630,night,4.598347986
3116,51,69.1554591,98.13049377,600,night,12.10041136
3117,110,15.39884235,91.81164571,713,evening,5.638489967
3118,71,41.29166151,40.71444525,955,afternoon,11.1369264
3119,90,56.31254028,16.10086394,1009,evening,85.8953038
3120,89,60.65789536,8.983740948,1331,night,41.99529014
3121,123,55.49591615,53.14749522,911,evening,4.465640077
3122,111,57.58134601,76.32079607,610,morning,33.16144616
3123,87,42.80392438,17.60476954,1253,evening,0.929449409
3124,93,53.48060368,31.82109385,827,morning,123.3598779
3125,37,30.41143871,63.05314711,1187,evening,22.75906759
3126,126,42.65863298,46.08682715,1103,evening,21.12098478
3127,56,8.305598698,60.38677779,1309,evening,8.246336577
3128,96,28.86016145,67.63675854,960,night,18.36546363
3129,26,32.39959756,38.0695094,1076,morning,22.41167665
3130,113,33.39522504,78.59662977,1249,evening,32.2056932
3131,38,64.58094697,70.28650855,1448,night,1.409975777
3132,78,18.55116863,68.75532286,776,evening,12.56449216
3133,104,37.22380494,14.94835226,1025,afternoon,14.6815691
3134,91,62.88481774,47.4235597,1317,morning,4.84558806
3135,99,23.50320731,57.71729173,915,night,8.224651647
3136,73,75.37637251,22.63862181,605,morning,8.102046606
3137,76,53.57222668,75.85670893,1194,night,49.88131082
3138,45,63.78344904,12.10806936,644,night,34.86789603
3139,68,31.11024137,14.98574948,966,evening,76.82073034
3140,40,34.80088206,41.33192956,1373,evening,11.12732802
3141,49,47.14776251,13.53448011,718,afternoon,64.02620181
3142,53,66.23494826,1.164395191,916,night,59.80931535
3143,113,65.6336412,41.14019296,857,morning,17.82397185
3144,55,57.94459219,64.85521399,552,night,29.80553692
3145,106,45.62555103,49.51382995,1262,afternoon,27.33560267
3146,110,34.61083272,5.217969758,1234,morning,11.03763212
3147,85,71.02163141,23.24653371,1293,afternoon,9.117246165
3148,95,42.92350602,52.43486265,1261,evening,5.55229924
3149,113,19.18410437,73.80927727,552,morning,54.54284245
3150,131,30.78235398,79.39169643,719,night,22.87679473
3151,80,35.92785721,51.93684776,1494,morning,12.39126688
3152,48,43.15086846,64.61274538,1270,evening,21.40004028
3153,91,48.542951,90.34173553,952,morning,2.52070675
3154,58,22.63680675,6.519874071,1157,evening,3.360920449
3155,47,40.30777683,9.917255355,1140,evening,42.73264169
3156,81,42.85078511,45.7860084,1025,afternoon,69.45310901
3157,61,45.9639746,60.97346432,907,evening,11.58172263
3158,98,34.43682731,0.463418594,1304,night,15.7869756
3159,55,99.44697948,45.25483307,885,morning,14.03901391
3160,48,42.87868314,17.27608889,733,morning,19.56263001
3161,84,38.09438673,64.51046427,1233,night,16.03214356
3162,60,28.04002125,26.77355707,1354,morning,14.64443519
3163,115,65.25265301,90.19381276,1013,evening,32.35960126
3164,35,12.89970286,6.384744075,1349,evening,9.528269273
3165,32,14.42319819,80.92060528,1408,morning,85.7491524
3166,34,49.32919628,39.23275519,683,afternoon,11.06574323
3167,55,59.30467133,85.71605858,1463,evening,7.24609446
3168,112,48.22241991,81.5122608,1167,morning,107.1663764
3169,84,90.58593177,23.92926948,636,morning,7.794433407
3170,33,39.60473298,5.05677633,1143,morning,23.07991161
3171,20,43.9379924,69.55214114,883,night,11.96595125
3172,82,49.19109694,20.43945511,720,morning,2.419225235
3173,85,50.83623632,93.05071047,941,morning,91.67249025
3174,77,47.53312235,6.723061222,1185,morning,14.06475151
3175,124,46.52510989,32.39800546,926,morning,31.05386225
3176,109,23.87683781,1.26490075,640,afternoon,59.47004805
3177,60,63.77162859,31.70196058,533,night,24.15485336
3178,124,69.58297094,54.12586803,598,morning,37.43295887
3179,68,40.56840068,65.48625575,1471,night,46.05862171
3180,63,49.11650522,72.64338264,684,morning,14.41589706
3181,51,81.10274762,83.34501913,893,evening,29.72852294
3182,69,34.93477243,11.07841286,714,morning,6.918580934
3183,86,54.10928395,76.18726402,577,morning,1.70779387
3184,65,51.9859556,27.83687764,1484,afternoon,129.6577846
3185,42,82.08575685,13.82468181,1138,afternoon,2.915311745
3186,88,87.15170855,26.56551426,531,afternoon,16.79640007
3187,53,65.92417495,85.79930794,827,night,2.093537357
3188,47,120,62.73916839,1157,night,76.80166065
3189,44,50.5725485,59.73814919,1327,afternoon,3.468763479
3190,103,0,58.46369178,823,night,46.32457258
3191,70,39.77371507,40.86275412,1162,morning,37.73683817
3192,45,40.97958911,41.70045661,1448,afternoon,1.382636337
3193,122,81.00575565,14.83244579,1198,morning,38.32520804
3194,94,46.26615876,33.26129953,809,morning,104.5147083
3195,96,76.52485336,51.20321414,949,afternoon,22.0820733
3196,122,66.0889128,60.60176961,610,afternoon,10.25367818
3197,68,55.8853432,7.163871849,948,afternoon,23.62193656
3198,50,58.06682133,33.38102402,545,morning,3.869405773
3199,57,55.68478854,33.94207727,975,morning,93.68120622
3200,71,72.75384873,51.50701996,1198,evening,13.63956832
3201,70,44.99543593,71.00345061,1140,morning,18.3195309
3202,78,42.36233076,63.52326508,1401,afternoon,15.39458344
3203,124,58.20850022,57.08852039,1184,night,0.847446628
3204,88,53.90095939,29.14186659,770,morning,1.048721194
3205,128,45.83033288,83.90564496,991,afternoon,24.79155113
3206,37,93.70700539,78.52925751,1385,afternoon,20.93421083
3207,115,64.28549657,18.36127922,1493,afternoon,129.142061
3208,46,38.82431254,65.51315691,775,night,9.164595178
3209,44,61.98802448,90.6654582,785,night,13.78865877
3210,67,31.17074637,43.56012918,870,evening,132.3430425
3211,67,27.08172571,92.47692713,806,morning,1.472010344
3212,80,66.03154707,2.196377614,1097,night,30.86993409
3213,75,32.82449901,51.62399988,1153,evening,3.215721612
3214,54,50.82500807,25.62700293,977,afternoon,87.78548261
3215,45,29.20224201,26.21573968,622,evening,10.19403281
3216,50,44.20301306,87.75471982,748,evening,50.47601105
3217,33,41.35824572,31.14994685,1120,evening,72.66016499
3218,86,48.10822704,2.333123012,1052,morning,56.32264086
3219,100,96.1460853,53.96886871,1430,night,24.41893213
3220,98,75.64139031,97.08630429,556,night,108.8240213
3221,122,47.74310228,7.909549189,599,afternoon,33.86647038
3222,119,45.8724613,28.62998987,638,evening,46.273871
3223,136,35.89251275,46.95031769,912,evening,8.396221601
3224,35,29.25029914,83.04801103,1064,afternoon,16.25778731
3225,121,47.02269842,26.88951477,1144,night,27.3530447
3226,39,76.65562394,34.36852518,1133,morning,4.728121583
3227,80,0,38.44949744,580,afternoon,101.2032758
3228,36,70.43085417,37.96341257,1203,afternoon,3.486159742
3229,47,72.95123261,20.03452495,1073,morning,39.59950917
3230,111,7.330437602,91.56658816,711,night,1.793070112
3231,23,50.73994346,79.29103007,767,afternoon,3.248954223
3232,91,41.2732281,97.56427796,1164,evening,29.29185172
3233,120,46.66649533,37.09937434,622,morning,18.070839
3234,55,54.28701324,4.529529831,1243,night,0.109517218
3235,66,56.35951939,11.55010858,1151,afternoon,15.00972473
3236,103,22.58576029,35.74836237,1240,morning,8.634068329
3237,97,82.53866345,91.10641021,1365,evening,61.57450471
3238,49,40.48863858,98.10847343,598,evening,36.93910477
3239,36,102.6057082,82.19971061,504,night,40.12510347
3240,85,31.15404322,23.8425472,1054,morning,90.44693894
3241,31,28.84888189,65.96994316,736,morning,37.1217122
3242,94,56.47432082,59.66072788,1274,morning,5.25102037
3243,81,67.9715099,82.32523574,1482,evening,83.08756282
3244,59,75.47301238,50.97493521,1325,night,3.600951281
3245,121,30.24057914,31.81298665,1274,evening,6.418382917
3246,125,43.32655591,1.927761084,1077,evening,10.07025617
3247,29,87.31925482,79.50261941,1103,night,5.774816152
3248,109,42.62224723,53.0248329,1356,evening,0.554737313
3249,73,67.80618324,53.41873776,667,night,18.43873411
3250,82,12.11864764,95.70623307,1314,night,34.93951548
3251,28,17.7457629,48.62274628,1330,afternoon,16.4053602
3252,23,69.32254201,31.58013328,945,evening,8.027565865
3253,89,47.03452297,33.98379675,1041,night,64.3427795
3254,121,65.12129892,1.174689522,919,morning,14.74543845
3255,131,37.44645013,12.23510337,1145,night,54.76856754
3256,59,16.87525543,4.380876327,689,morning,5.898648557
3257,94,51.85349253,24.32601566,544,night,12.16612358
3258,93,22.06213182,6.465232962,1435,afternoon,48.81428892
3259,104,52.50372358,33.11162663,621,afternoon,0.927587971
3260,39,30.68626071,12.61295152,838,night,75.95612277
3261,87,63.04874388,91.79190456,1471,afternoon,15.1530672
3262,51,44.59804157,93.83839107,859,morning,114.4767067
3263,42,43.96008451,60.34564537,1053,afternoon,36.25548418
3264,106,56.83460845,80.54877523,715,afternoon,89.50973525
3265,120,68.57792293,67.72112864,1082,morning,2.05511887
3266,104,53.64935115,81.11088897,634,morning,38.40556087
3267,110,85.64813503,63.98072029,758,evening,62.49450273
3268,48,84.82169298,43.01936718,1484,afternoon,131.6165219
3269,71,35.96462635,87.37544573,944,morning,1.019239993
3270,107,27.65336474,43.80663896,1408,afternoon,2.60410962
3271,59,25.55271868,39.62124894,941,night,39.46772618
3272,100,86.05040629,62.43831422,1404,evening,1.191111935
3273,41,25.63843341,93.79318009,1033,afternoon,0.343017298
3274,89,42.22941837,44.22028413,611,afternoon,23.62845929
3275,44,50.22205801,57.4944771,787,evening,22.61647718
3276,93,85.4185638,49.23327199,699,afternoon,28.51875924
3277,137,23.79074306,90.97329079,812,evening,0.425498277
3278,63,71.74080805,67.67450023,1438,night,20.99287154
3279,84,50.28192467,41.95893783,1473,evening,10.13491773
3280,69,47.44569052,60.69026464,963,night,42.3249727
3281,108,49.46861698,15.60591972,931,evening,12.84079018
3282,77,35.92276344,34.19438868,1097,afternoon,13.22944913
3283,116,41.68869902,73.61812166,720,afternoon,31.85976733
3284,44,35.51813294,56.23941343,1290,morning,32.42306578
3285,69,23.77217556,31.42728119,938,afternoon,1.802090185
3286,75,26.45586821,36.22979055,580,afternoon,29.5053428
3287,94,73.65468832,80.97827501,897,evening,32.1753803
3288,68,42.99572144,54.0883003,1008,evening,18.34832337
3289,37,63.42303846,23.87560404,1406,night,52.78432494
3290,103,46.44819713,29.68129187,1194,afternoon,0.274252535
3291,73,46.1056893,46.78835112,1151,afternoon,103.6139721
3292,29,48.48091025,76.28375678,1285,night,14.14934639
3293,77,64.61011604,99.74404288,1307,afternoon,27.16782133
3294,74,36.27728824,18.57604694,457,morning,1.047849775
3295,70,46.91631695,75.49290224,828,morning,37.02268597
3296,48,68.08386212,61.72195159,703,night,23.53818846
3297,66,71.6762974,53.11930167,989,evening,96.84137866
3298,51,79.70509783,96.64570527,1333,night,16.47299997
3299,76,30.75161238,32.27535497,728,afternoon,38.39033967
3300,117,37.2062785,17.69782432,1476,evening,2.313811874
3301,53,46.02713569,87.75971579,1140,morning,2.001220226
3302,66,23.69732532,6.868892369,879,night,89.28241196
3303,99,67.44859566,81.71196746,1144,morning,8.762937767
3304,77,55.76937845,58.92359931,769,morning,73.04751073
3305,39,46.90562641,16.40038917,1187,evening,2.751070559
3306,81,70.59402808,22.73621583,1063,morning,30.46172813
3307,120,34.89499535,15.58405927,1236,afternoon,24.06100241
3308,83,72.57393634,71.83385419,1068,evening,101.5997395
3309,87,84.83899148,14.73111578,551,night,15.52609272
3310,71,56.15610969,68.13708749,1077,morning,1.488524842
3311,36,49.85720866,12.81502953,752,evening,19.27810753
3312,70,53.36706209,80.22665899,868,evening,52.14977157
3313,37,22.21756944,91.94907791,621,evening,1.616754541
3314,79,46.07065004,55.93120282,914,night,1.105984044
3315,28,91.16075336,96.61840372,554,morning,51.73726126
3316,38,92.49762367,39.03803029,628,night,52.11390742
3317,104,51.82766771,24.46024555,557,morning,6.693517073
3318,47,39.10646297,17.72967561,951,afternoon,32.14242336
3319,45,70.57696351,47.89633475,1049,night,1.992913062
3320,91,49.28420576,13.07469016,866,afternoon,43.52313163
3321,122,68.92817426,87.57906285,1077,afternoon,10.92379388
3322,92,35.13940357,78.47655174,1251,afternoon,7.860896099
3323,37,56.11354291,56.21184044,632,night,33.96293091
3324,96,42.77620552,72.146297,655,night,72.76245594
3325,110,49.88772719,4.999030299,1147,afternoon,1.271726435
3326,130,38.58440882,20.35177885,1150,evening,4.655319076
3327,90,47.20769268,62.12118928,1106,night,8.860510438
3328,94,56.0574319,47.74695117,1258,afternoon,78.84824589
3329,64,63.91558525,60.462298,739,morning,62.90597178
3330,51,46.78838211,8.896904283,709,evening,71.31035105
3331,100,79.00310571,65.24225581,632,night,14.2624186
3332,40,24.2634874,80.3616257,665,afternoon,7.904544934
3333,85,20.07595572,54.6275183,806,afternoon,6.383214507
3334,41,38.12868047,35.74070187,1476,evening,64.10019718
3335,117,50.21371206,17.46478569,860,night,7.888611523
3336,81,82.47539054,26.53550459,1140,evening,22.70428157
3337,98,46.28322482,52.25328539,1173,evening,12.0923066
3338,51,31.07713141,25.55178295,627,night,20.73060962
3339,64,37.15807992,77.79455374,856,evening,12.7287525
3340,131,51.61932864,13.17410261,851,afternoon,10.39956235
3341,93,28.46757208,51.64242661,525,evening,16.7230027
3342,53,88.59852559,49.59661813,689,evening,12.14560801
3343,94,3.168572435,13.88922633,1495,afternoon,54.91961928
3344,119,34.73858392,99.49875808,1276,evening,26.07195447
3345,130,38.76809109,82.31353875,1254,morning,5.813624188
3346,121,30.50140545,38.65324652,664,afternoon,8.073492557
3347,42,63.45930719,68.4906539,1159,afternoon,1.651224945
3348,58,36.87157375,71.65811994,786,evening,10.68690701
3349,106,62.4088655,65.11485677,598,afternoon,33.21610685
3350,51,81.59311528,43.24839462,522,afternoon,6.061956918
3351,105,74.74427741,88.51113316,1136,afternoon,3.134239141
3352,96,53.19343471,77.15513817,663,morning,11.61470435
3353,99,50.03629058,54.20199542,864,afternoon,28.44290426
3354,54,67.67972963,0.25627855,618,morning,19.20412341
3355,105,44.27356925,22.33742383,938,morning,12.11255906
3356,97,40.24967877,50.88257018,1181,night,64.35507311
3357,39,30.18828759,89.89290568,726,afternoon,18.96481929
3358,101,56.17102313,62.86209441,665,afternoon,18.21165366
3359,86,28.88098618,41.78622978,1111,evening,0.965059964
3360,73,35.84819473,4.791197455,928,morning,30.59482332
3361,46,92.0808185,59.72802273,1056,afternoon,18.44921094
3362,131,63.47779347,35.07521877,950,afternoon,4.702321048
3363,114,58.07089718,53.73764473,1096,morning,8.381068949
3364,109,35.58963826,76.64416984,879,morning,6.783077691
3365,49,65.42678665,80.37403551,1051,night,3.906616816
3366,107,29.66513912,86.42782394,989,night,17.15664537
3367,125,19.4950631,63.60466262,930,night,13.54309082
3368,43,38.94788167,90.56178949,678,afternoon,13.39438137
3369,118,26.40586944,69.06280098,1449,night,8.691651252
3370,126,59.30176132,78.39140931,963,morning,17.20372736
3371,52,57.31833926,68.54822224,1352,afternoon,23.79055065
3372,85,54.56246753,87.18638138,707,afternoon,28.36400009
3373,50,61.6728481,22.28898819,937,morning,7.447136558
3374,36,60.80199309,75.98870764,1019,afternoon,39.0413288
3375,99,36.46133102,11.7156543,522,afternoon,0.822032255
3376,24,59.5989096,9.199402988,644,morning,41.6417054
3377,36,56.27519547,49.16226538,502,evening,9.979027567
3378,94,37.67929855,30.02371559,1306,night,13.86110485
3379,99,42.845793,56.33582074,596,afternoon,26.07586941
3380,52,67.04684325,67.77339177,838,afternoon,28.2829989
3381,101,23.69164653,22.65629006,1456,morning,16.40159845
3382,51,56.66962093,69.9926058,640,morning,83.3697702
3383,46,47.83346514,99.54590916,1266,morning,58.62667699
3384,79,49.4376022,75.99546203,936,morning,7.648182701
3385,108,44.32388883,17.37865019,1009,morning,26.66830747
3386,110,58.42292243,63.36954242,487,evening,38.29469285
3387,52,18.46261766,0.948477009,946,evening,7.336515977
3388,33,55.04245548,46.97181603,570,afternoon,0.558682709
3389,35,29.02719484,53.33063656,1206,afternoon,111.4007475
3390,51,70.63238526,97.2377553,1300,evening,95.35247578
3391,52,24.14305721,73.72053804,504,evening,11.58521769
3392,72,2.082433575,70.59602519,1139,morning,8.198184683
3393,66,16.03460699,53.2404609,574,afternoon,5.038882945
3394,86,48.86850847,51.31760142,1009,morning,34.8605356
3395,66,18.94125303,99.20827812,521,morning,42.23064824
3396,50,23.87033887,2.126799631,1172,morning,16.36263165
3397,50,36.04579706,30.32059059,475,afternoon,8.344208739
3398,83,60.5778674,13.37838234,1244,night,17.86557881
3399,89,34.65067346,31.49719324,1185,afternoon,21.79239333
3400,74,45.80174779,46.36197177,650,night,23.51868079
3401,37,45.47375787,34.1932366,786,morning,17.57549876
3402,85,21.09131281,96.27051146,1278,night,0.112222087
3403,60,58.13380255,68.0587977,553,afternoon,19.14714661
3404,93,95.03044783,72.80449298,945,evening,12.79783817
3405,48,15.43106857,74.22922236,592,morning,24.39591836
3406,66,32.34791378,89.92269919,857,morning,2.157081839
3407,31,24.54845913,76.80188074,1145,morning,63.40590288
3408,108,46.03676402,1.620480927,1202,morning,62.48927703
3409,68,20.97905487,26.13957458,1338,night,24.91133474
3410,99,75.0596856,98.91043857,860,morning,40.0816912
3411,70,78.27496684,65.21244866,1000,evening,17.28246491
3412,84,63.84437508,6.811773158,1137,morning,26.76989143
3413,93,68.7155115,46.66382029,1420,afternoon,28.84446313
3414,78,52.30692537,98.08344602,1165,afternoon,13.10349959
3415,66,71.59535478,99.28381418,740,evening,97.22764154
3416,83,43.93118928,43.24468198,1215,morning,27.6846375
3417,57,39.27072405,89.3053009,1036,night,139.7935948
3418,50,63.28016628,59.19923114,1496,evening,16.98860503
3419,123,42.29141754,50.94293488,744,evening,0.985638543
3420,65,92.76339101,41.19424886,785,afternoon,10.80487267
3421,60,71.08145405,89.21300398,897,morning,31.56225973
3422,21,38.84998888,62.11266708,946,morning,72.3530866
3423,35,46.62891703,33.37976437,1374,morning,28.64815932
3424,47,47.18571165,49.19324372,953,evening,19.14634476
3425,85,34.98603407,44.40792905,1423,night,2.52568759
3426,99,67.76963631,45.11541176,1093,morning,4.691067855
3427,107,32.5453036,31.1609804,620,evening,1.648558732
3428,116,48.13163608,63.29572843,1057,evening,37.25879749
3429,82,34.59157497,5.22373904,1129,afternoon,53.35192603
3430,49,39.05848793,88.61633027,1139,morning,5.389555959
3431,127,65.37383928,41.53969676,649,evening,11.80160587
3432,69,63.56212506,80.08624686,1184,afternoon,19.56635681
3433,122,43.00636188,72.94918141,1263,afternoon,4.622049362
3434,30,72.74345676,47.18516338,788,morning,16.14545758
3435,48,61.45939314,19.87105654,1053,night,102.1851895
3436,75,52.34428125,56.22116876,693,night,38.09784216
3437,100,68.16436649,94.80722656,685,afternoon,5.479192686
3438,91,78.3786937,18.57724626,1055,afternoon,3.121327056
3439,71,58.80065933,25.60124452,591,night,17.67177209
3440,118,55.46094232,99.30054563,715,evening,132.5635257
3441,52,11.5886369,89.25709748,1297,afternoon,47.29207508
3442,112,55.2465341,54.954985,1253,evening,10.40697557
3443,119,59.29993512,69.47411878,1171,morning,0.798966558
3444,27,56.28850665,44.30623315,1086,night,15.89459229
3445,129,31.97817118,40.40926766,1090,night,5.249797352
3446,59,36.26538557,44.31875409,698,evening,5.963805333
3447,121,64.44887773,41.44165532,899,evening,5.312791234
3448,115,42.23897802,67.55550115,1225,afternoon,38.14696322
3449,62,53.55140835,33.04566257,899,morning,1.094984632
3450,62,7.949667398,17.07764063,516,night,24.95386013
3451,109,49.68720156,70.65675435,951,night,41.89287238
3452,110,66.12593617,3.129752705,1378,afternoon,5.102629508
3453,38,56.04163802,71.87533489,1430,evening,67.02845704
3454,104,47.21463314,26.32436955,801,evening,2.440676057
3455,101,29.00793105,19.02528813,543,evening,34.43779535
3456,55,14.1481521,37.89566708,669,morning,5.66097612
3457,32,34.37247699,11.74999609,882,night,49.20182992
3458,65,70.80126052,38.44896246,1011,night,25.41678208
3459,73,48.91640289,10.23217221,719,night,26.68989066
3460,60,63.81366497,48.34887332,836,morning,12.74047076
3461,72,78.69192922,17.61697494,996,morning,9.991378163
3462,61,52.48569645,12.99965852,1046,afternoon,18.67065775
3463,116,66.9118149,57.91096299,939,afternoon,42.52906478
3464,39,72.70446639,62.52450505,1437,night,5.525611945
3465,34,22.01473674,0.551754086,1331,afternoon,50.82855307
3466,55,34.76385638,38.76774208,913,afternoon,19.60844348
3467,130,16.32064303,7.795609004,1386,night,18.05611555
3468,40,13.60838568,73.86444609,1252,night,0.502128317
3469,45,40.02697713,68.15229295,1061,morning,3.978363218
3470,69,44.8897739,4.972913304,1141,morning,16.96757228
3471,124,12.55689126,94.12505904,1103,night,119.3744575
3472,47,59.09134355,95.99603517,812,evening,8.636450842
3473,51,40.2717527,33.46716291,677,morning,0.309252229
3474,29,78.70137254,13.06126231,1425,afternoon,17.17278789
3475,90,53.67575792,11.43432419,740,night,0.482478688
3476,80,53.52873029,84.07205306,1463,afternoon,12.29420391
3477,112,45.90553326,45.91628891,668,afternoon,13.1112596
3478,106,47.61508466,0.950844063,520,morning,0.070676664
3479,25,57.40730472,92.53520865,1185,night,45.3649748
3480,27,68.11658277,59.2737326,1130,morning,73.20427448
3481,57,23.34330164,69.03969879,879,morning,200.790303
3482,114,33.25482527,82.35539374,992,morning,21.32599306
3483,102,55.8728202,81.85787006,813,afternoon,10.98527436
3484,90,49.22264577,7.580487252,845,morning,37.9196191
3485,97,65.83962987,57.3992293,1151,evening,40.00682792
3486,63,36.55031814,69.62446278,1424,night,14.30182512
3487,110,75.27905824,8.562043782,626,evening,25.01266918
3488,47,39.65692472,22.24009072,753,morning,51.74050406
3489,99,43.65509095,39.58144585,1029,night,6.291070993
3490,49,71.8969445,88.65250632,1233,evening,0.620561426
3491,121,61.42353776,85.06333988,1192,morning,23.27607739
3492,61,89.64239773,78.21030014,779,night,32.75436466
3493,86,68.97721767,99.02767117,1111,evening,25.66807742
3494,48,75.79948095,24.26566516,1361,night,27.20835839
3495,109,44.06225403,46.781481,650,night,14.98138473
3496,77,76.06853336,44.67230123,863,morning,31.6230576
3497,109,51.3783833,67.89374134,1293,morning,1.312637579
3498,50,5.603099034,85.01532866,1141,morning,4.91740795
3499,60,59.48689908,49.16827553,1169,night,17.65325756
3500,108,61.20407733,49.15317931,1324,afternoon,85.93485492
3501,64,28.16486036,60.83178129,1066,evening,31.02622177
3502,92,57.19255588,74.24745522,1471,evening,13.16810551
3503,49,52.31037238,20.13007855,1190,night,18.37242128
3504,41,74.25789817,96.18595506,969,morning,56.05294873
3505,53,58.76647171,9.205348063,1471,afternoon,23.45736311
3506,68,50.00915113,2.310007325,1168,night,1.471511913
3507,86,23.37886674,35.8791407,559,night,16.18013677
3508,110,10.67193384,70.14349375,708,afternoon,14.73215179
3509,97,75.31208438,97.80749642,1162,night,69.04450596
3510,83,57.88243721,93.27604558,1020,night,10.93308746
3511,99,45.19454336,68.84874473,604,night,2.006420377
3512,112,61.0914235,43.65457196,940,afternoon,13.14683665
3513,116,45.25741791,59.58017879,589,afternoon,1.346707943
3514,31,9.978217921,96.86572922,1242,night,53.56580694
3515,31,70.26246356,26.55010662,1438,evening,26.76308623
3516,61,72.81535687,47.82807167,1108,afternoon,19.01105987
3517,129,43.42635124,69.29016907,1474,evening,13.3813502
3518,101,49.1681262,1.029888213,1176,night,16.22085708
3519,72,37.73826084,38.12614172,1075,morning,46.51258196
3520,106,86.89167076,56.79122003,1389,morning,5.9540678
3521,84,74.08174308,90.09182793,1157,morning,2.223568423
3522,50,33.7562354,99.19976616,706,night,24.74726001
3523,43,62.10062801,55.63244062,715,afternoon,58.74991386
3524,123,32.45848122,94.45802875,1182,evening,24.78231411
3525,39,33.74268274,9.926551516,1155,evening,47.7118662
3526,66,41.1424808,70.1270825,981,afternoon,66.98032432
3527,74,37.84267958,40.05543645,1259,evening,2.400136391
3528,34,18.81763644,75.09734576,1232,night,26.68801553
3529,110,76.52893455,86.77235448,1458,afternoon,53.64924279
3530,127,54.22455799,5.372428476,890,afternoon,30.94598161
3531,127,81.07767545,93.54735437,1194,afternoon,26.8607393
3532,52,46.67511463,6.815619255,697,evening,46.54578137
3533,66,20.64698092,75.33983725,1339,afternoon,36.85452402
3534,70,70.50801275,6.906975836,1121,afternoon,20.89194235
3535,71,55.22893197,86.16821668,1026,morning,1.350968816
3536,90,44.69067368,20.49814748,1472,morning,28.50606054
3537,61,74.09972354,43.40703312,1276,afternoon,7.192491076
3538,134,23.13652462,93.26209068,540,afternoon,8.794364039
3539,81,69.6200767,79.20673287,660,morning,34.14030429
3540,51,64.36080967,78.57752481,651,night,18.10440491
3541,121,54.62710797,76.33300672,804,morning,37.84593169
3542,103,20.44047235,56.94350899,1454,night,14.95499684
3543,37,68.76094336,95.14300454,1409,night,61.2139343
3544,129,64.88354478,83.16357267,1000,evening,16.70966348
3545,47,55.32081658,44.02880973,1174,night,20.42609002
3546,57,48.90839816,74.25559456,749,evening,4.049520667
3547,126,27.42845179,99.81074739,1132,morning,21.00908519
3548,48,27.59946189,87.10004669,839,night,8.22522284
3549,36,34.49496949,0.122299139,1201,night,43.18842674
3550,42,18.49371936,73.78861824,696,evening,37.55758014
3551,64,19.15958825,89.78816646,530,evening,0.479100165
3552,52,41.12453458,32.77526054,728,night,20.42542149
3553,69,23.33286278,97.7491856,812,evening,1.393697716
3554,53,45.35107187,40.12993656,873,night,25.26899259
3555,59,51.3108824,42.11769289,978,afternoon,69.57330455
3556,102,21.02293715,16.08720928,593,morning,60.5603007
3557,125,66.55283917,9.659458164,1163,evening,8.384080293
3558,46,70.2176305,53.65957003,1313,morning,4.528657253
3559,90,6.284268167,60.27755199,1482,afternoon,46.97188711
3560,38,77.0503611,36.68965169,1125,night,23.70182099
3561,68,61.18713867,60.66094052,1209,evening,16.54053441
3562,83,51.87548333,39.46708525,605,night,49.90061868
3563,54,79.24893835,86.81849846,1381,night,8.731091033
3564,83,52.12542921,95.38231444,1188,afternoon,7.63161037
3565,41,34.39409249,59.35407094,690,night,28.39723246
3566,48,20.14896748,84.2274483,1358,afternoon,9.547751793
3567,72,47.64855876,85.37414987,646,evening,16.69510449
3568,52,47.57882495,71.37626903,689,afternoon,18.19887832
3569,38,15.92578625,19.20018892,1154,morning,6.88329226
3570,56,42.84435013,15.49380821,1274,night,1.910078573
3571,70,80.70750617,91.94842436,714,afternoon,43.66007598
3572,44,60.08879275,26.50613084,1006,afternoon,45.9170545
3573,105,23.04673238,24.63308473,903,night,27.36668877
3574,55,56.08872685,16.61287379,1471,evening,4.826533559
3575,98,64.03915309,52.74540477,1353,morning,19.40011818
3576,55,70.60540146,67.69974885,1344,morning,5.876773916
3577,112,61.68421,67.61614698,1045,evening,63.92797166
3578,75,73.23255558,26.10526997,1331,night,35.84926427
3579,50,65.11043599,9.4785414,1007,evening,0.956380942
3580,40,45.1207722,31.02094962,1231,evening,0.050018952
3581,87,56.60803172,50.34347831,546,morning,123.6100346
3582,61,45.42198787,61.24399954,1085,evening,1.219875847
3583,85,58.06881559,27.06003656,1445,night,60.26607712
3584,54,64.70244684,18.31584114,1276,evening,93.58152356
3585,108,48.4832396,84.15757056,1157,morning,11.04957602
3586,31,56.07110141,85.79259317,987,evening,23.30477111
3587,82,40.34068633,27.99562838,747,evening,31.27332509
3588,95,43.89357507,56.01128456,925,night,22.04576333
3589,43,48.61997196,43.98264621,663,afternoon,7.205035532
3590,137,38.7930757,14.19672032,1159,afternoon,26.11332862
3591,83,76.54704891,94.05862283,830,morning,8.979316388
3592,97,61.93051759,0.978293579,1106,night,5.41050872
3593,70,64.80464894,18.75763703,563,night,21.12770354
3594,71,61.19913952,34.55649217,894,afternoon,13.95639728
3595,47,53.396759,85.64612552,649,evening,0.8337717
3596,63,25.65355787,78.86536604,838,morning,89.67925221
3597,75,72.44187521,57.98840646,1223,evening,1.210807296
3598,105,91.62505593,69.50209553,523,night,69.97766958
3599,124,63.23118118,34.09115975,1278,night,6.311866309
3600,39,34.26193369,94.05415462,987,afternoon,4.589721887
3601,108,61.8823167,2.678728856,823,afternoon,2.150163663
3602,29,34.00660112,10.09286766,706,afternoon,16.63834833
3603,126,40.46707695,92.55538323,651,night,26.51924258
3604,114,1.602269091,94.50516263,972,evening,70.21938457
3605,39,77.39788817,49.05710037,772,night,45.93940031
3606,101,56.33803576,57.64607854,700,morning,5.217162956
3607,102,61.45925239,90.25378551,985,night,5.507802312
3608,126,65.78919928,85.34343539,760,night,0.245815354
3609,67,59.54927848,86.19518799,1205,evening,34.92540701
3610,110,69.53728824,37.17856019,666,afternoon,0.529014994
3611,63,77.30893012,83.0547838,1333,morning,4.474093536
3612,48,49.28480531,6.931060113,828,evening,30.19867755
3613,101,16.77687893,48.69644746,994,morning,4.885037877
3614,84,33.12891813,23.74069389,602,evening,4.989315234
3615,39,62.37780481,3.579778497,877,afternoon,7.997316218
3616,48,29.45599124,61.72108583,1045,night,14.59671558
3617,37,48.74170962,7.617989296,709,morning,0.236915958
3618,47,100.0168279,12.01592364,1442,evening,41.12000184
3619,60,70.89369897,8.174509095,685,morning,44.59322073
3620,53,9.769208961,97.50475526,963,evening,13.70642634
3621,76,96.6210622,3.923868994,786,night,48.00302112
3622,29,77.34240778,26.97564549,1157,evening,10.05460167
3623,36,63.26551563,65.19984794,537,night,127.4111443
3624,55,52.69018042,82.33832132,935,morning,15.21159446
3625,70,22.41317835,60.82035243,1242,evening,33.15248319
3626,56,42.53718699,97.65017564,1149,morning,11.67798079
3627,45,10.3348957,33.77082088,825,night,17.98046331
3628,103,69.03016559,47.20054923,963,afternoon,31.07625397
3629,70,53.70970449,82.13014359,1179,evening,12.809475
3630,58,35.13095108,68.16973929,595,evening,32.06510915
3631,66,70.2014661,21.40670631,936,afternoon,4.735242304
3632,96,56.65031679,49.86677401,998,morning,19.8350723
3633,50,82.78419519,97.59593167,1296,evening,9.559051588
3634,110,41.12309283,86.30231757,892,morning,75.78250891
3635,30,77.86121505,19.18033976,1055,night,52.23832605
3636,81,54.49744674,17.97858976,592,morning,20.04892887
3637,38,34.50947229,82.83945174,1443,night,18.14035949
3638,35,61.8758248,19.88945014,585,evening,53.87107363
3639,99,51.49330424,45.27893931,1472,night,35.17908138
3640,105,59.11625146,18.07586341,1185,evening,34.49596143
3641,71,30.27253872,1.466286203,1041,night,23.83909078
3642,39,3.790603927,87.54036461,1388,afternoon,59.49330724
3643,107,40.10510386,77.90044422,1103,morning,6.303103141
3644,118,61.43625807,47.05884293,548,night,59.39030086
3645,68,60.84419041,15.9579,924,afternoon,22.06543253
3646,100,40.92188756,80.64177082,1323,afternoon,29.13250634
3647,62,54.67861502,35.93672759,789,afternoon,98.43957675
3648,50,42.15654752,66.19491612,1031,morning,16.57565199
3649,87,47.31965306,31.66944437,826,night,33.08150615
3650,114,75.24241417,43.22871049,1405,morning,22.15249854
3651,90,23.32393565,53.54718293,539,night,80.47402805
3652,75,87.73424734,76.20162727,1080,afternoon,20.06215794
3653,126,53.47835323,83.20685879,589,afternoon,8.876748394
3654,73,90.37470834,44.35467469,1032,afternoon,19.77588669
3655,49,87.22655794,23.30401323,781,morning,74.57990837
3656,123,4.522099385,15.36493285,859,afternoon,20.83732109
3657,58,53.67552189,34.07478713,1266,evening,4.739683039
3658,45,30.37390614,80.17834862,691,evening,23.40088775
3659,102,47.29405361,27.39818253,1448,afternoon,14.71105324
3660,33,59.14816902,4.751996615,1016,morning,31.47530093
3661,59,79.1423211,56.4276087,644,afternoon,8.286522068
3662,54,28.30089583,3.361362684,1269,night,11.67121797
3663,87,100.583264,88.49251408,734,evening,21.80578287
3664,101,38.38073489,67.80604795,1024,night,3.776469676
3665,122,23.13548792,25.6845357,1273,afternoon,7.090870903
3666,67,71.8993747,46.90915041,866,afternoon,48.48501279
3667,58,52.55026169,73.92168297,1244,night,84.0145746
3668,46,94.22526312,91.56838336,1417,evening,104.7355383
3669,62,30.31902475,87.44537617,1512,morning,83.06347497
3670,106,53.68585104,6.953152029,1238,evening,85.42934608
3671,107,75.40290649,8.114130104,636,afternoon,51.62657732
3672,90,33.08668549,59.77237055,513,night,39.91041887
3673,75,75.63328607,49.64960689,1162,morning,7.91266679
3674,35,57.95463008,29.29370736,627,morning,17.4873879
3675,111,29.8897698,97.61730892,1399,morning,15.22322577
3676,56,75.26496397,74.62670701,1139,evening,39.31819082
3677,129,46.07228397,68.73174484,667,morning,19.35279621
3678,102,73.76951001,18.13296928,711,night,13.39675269
3679,129,35.94284278,28.39308877,1303,morning,50.4723508
3680,131,20.95761362,60.50186841,824,evening,41.57759953
3681,130,41.19757464,79.55964644,1171,morning,13.80479329
3682,88,47.55580299,93.10603495,1097,night,16.30670207
3683,123,53.89937395,69.77268798,540,night,67.1006019
3684,117,60.67672843,41.86370531,819,evening,39.57909955
3685,107,89.19244918,69.10778708,1266,evening,35.13380406
3686,55,47.93137218,6.917534037,1261,night,37.31298931
3687,66,85.63567391,60.00828058,994,night,3.237673035
3688,125,70.49734657,89.46248688,1046,night,24.86911113
3689,66,48.38054881,63.69465151,590,night,10.31703862
3690,115,56.13303855,0.754027191,914,evening,2.659456804
3691,56,57.91710358,69.45191247,1250,afternoon,39.39879742
3692,110,70.51383579,72.64441309,1166,afternoon,10.88662777
3693,96,73.56484034,54.1229153,1382,morning,11.13444842
3694,60,21.99719226,81.60882291,1169,night,30.63749281
3695,121,69.57255187,20.22912662,1406,morning,32.92207658
3696,114,58.15586146,40.89788626,571,evening,19.27731027
3697,112,57.85298952,80.75860192,1046,morning,24.38953157
3698,84,47.34144583,60.36898033,690,morning,56.69187384
3699,123,64.07367253,99.43652479,698,morning,3.397757635
3700,80,67.76813576,6.926433296,1168,morning,2.027510138
3701,81,52.24315033,24.43111287,764,afternoon,32.03477051
3702,48,70.43491566,19.91253525,1064,afternoon,27.77590514
3703,37,37.37993982,97.63922247,832,night,6.171025352
3704,93,50.23597294,86.9262656,515,night,22.13798563
3705,96,57.21843751,13.31235442,975,morning,41.07342649
3706,67,43.81074569,35.3803906,1046,night,39.47014337
3707,39,43.3806611,5.259720462,1293,morning,27.16965394
3708,35,31.40305551,63.25673187,1252,morning,4.193292894
3709,66,58.63314311,33.11947118,1221,evening,10.87247619
3710,120,88.89777801,25.7564267,1047,afternoon,15.61528012
3711,128,62.04357457,52.31171982,631,morning,46.57088236
3712,92,46.64493065,79.55515739,1386,evening,23.5453402
3713,119,76.3139351,40.39176088,568,afternoon,39.63767316
3714,30,49.31677234,75.74488912,979,night,77.11768014
3715,119,65.00399443,44.61322583,621,night,29.33885574
3716,51,61.20296634,21.45220471,1406,afternoon,8.120700951
3717,89,20.14394959,44.6205803,818,afternoon,4.51006897
3718,71,52.00512051,53.80545108,812,morning,0.016285487
3719,34,92.86484901,46.1579374,620,night,5.794013513
3720,111,39.16078896,27.4324287,854,afternoon,9.408935037
3721,88,81.86504108,18.51021897,609,morning,9.432259563
3722,38,70.25080437,94.69521979,741,morning,32.99576604
3723,115,41.015565,29.74862511,1194,afternoon,4.88401414
3724,106,52.10802515,70.53696122,892,morning,17.15215669
3725,56,30.84126553,34.06943908,540,evening,0.14760336
3726,112,69.00830356,96.96430251,1005,evening,9.080280241
3727,32,31.09715489,98.82787663,788,evening,1.257632394
3728,82,60.05896462,82.50963467,1437,night,37.09071832
3729,85,88.56798562,58.14735317,970,afternoon,13.12290623
3730,71,39.06385771,54.2067323,1404,evening,19.62335632
3731,93,58.90885121,32.89614036,659,night,42.99568602
3732,95,22.09667378,12.20285606,1433,afternoon,59.61638318
3733,105,52.84100799,7.906113576,930,morning,21.81188625
3734,77,31.74115796,46.54475071,1206,morning,31.47509241
3735,95,56.89528549,97.8788719,870,afternoon,39.95221809
3736,96,41.28908038,24.68779114,697,afternoon,10.07735548
3737,89,32.18688389,41.09524131,1422,morning,36.85423036
3738,67,49.25054626,64.14195131,1540,afternoon,31.81171109
3739,87,0,35.1063823,509,night,17.55917025
3740,86,30.90446375,0.362975006,1101,afternoon,12.49999631
3741,25,99.41743274,39.62171347,1106,morning,109.0993028
3742,73,47.4061103,80.46414375,1167,night,128.7515675
3743,81,42.47115194,94.39599619,1379,night,35.63377086
3744,101,59.4518516,27.5090796,1199,evening,14.54312268
3745,77,73.18431355,92.16456422,811,morning,41.77367026
3746,88,85.00131894,86.71485535,906,morning,34.11180909
3747,115,51.02188641,40.67238428,547,night,23.62278621
3748,107,48.20745114,0.46778162,630,afternoon,4.241269666
3749,117,60.04272836,84.48759281,584,afternoon,87.89992366
3750,95,53.52738333,28.67725308,1296,morning,7.948922542
3751,46,49.02110761,75.5886574,610,morning,14.98958106
3752,111,64.40556283,57.15145527,653,evening,12.575508
3753,26,64.10504611,22.16645217,1211,morning,5.008400598
3754,113,53.54772599,64.8211691,577,night,0.744457334
3755,117,100.5916347,76.48402325,842,morning,79.6929848
3756,38,90.48386242,47.44451577,539,night,40.35138552
3757,64,63.46712138,74.79102775,527,night,0.627943017
3758,70,75.52034449,40.4971838,1410,night,34.92016437
3759,84,38.8658856,98.02515721,557,morning,4.167681948
3760,108,52.95572561,23.98085055,1415,evening,38.61967211
3761,80,66.96804542,77.78547124,598,night,21.10680755
3762,66,80.25520477,74.96020571,816,night,114.305111
3763,67,31.66581501,52.94429026,1182,morning,16.98775984
3764,50,39.2059732,35.03382609,743,night,41.46269953
3765,78,53.94356244,44.5759928,1057,evening,1.26562986
3766,111,82.86912643,62.94874281,1465,evening,82.25849918
3767,123,53.90611143,53.03496336,1187,night,24.79760562
3768,44,75.41303254,76.15401603,855,morning,11.31586906
3769,33,49.174475,36.06818048,597,night,4.070911967
3770,95,66.96812312,10.7245035,1300,evening,30.71787513
3771,103,30.57262399,50.5595252,958,afternoon,41.14730285
3772,98,37.28094534,25.90117558,1268,evening,2.675893329
3773,98,47.33673768,61.66380812,1113,afternoon,5.397503661
3774,100,28.40192016,52.03229154,630,afternoon,14.60481884
3775,31,27.24838031,77.87485665,1255,afternoon,57.26715125
3776,126,43.30941079,57.52272224,1346,night,122.1148706
3777,61,22.05491463,43.07595412,1122,morning,40.99795928
3778,111,48.6961226,11.98559988,1098,morning,0.167840547
3779,121,56.70279873,12.01413676,829,night,70.13317315
3780,68,34.23719581,64.03510123,1423,evening,0.807388144
3781,88,43.90573243,88.07532991,888,night,68.22770215
3782,90,43.35167162,41.47876453,521,morning,15.84510593
3783,99,81.77538051,53.07892344,999,evening,40.62170605
3784,79,53.20886821,59.12125235,598,morning,2.732806045
3785,63,95.14166606,47.72976319,1273,night,5.407082042
3786,100,41.74805601,5.956361534,737,night,17.97702333
3787,115,41.7013268,58.91393166,565,night,1.177999183
3788,92,73.00175434,13.71024474,967,night,14.81692835
3789,94,0,55.58040092,1197,evening,41.82569039
3790,53,65.61016852,77.53772833,1064,morning,31.9013672
3791,125,48.14482225,0.544802772,745,evening,13.00563214
3792,74,52.26435217,43.04763162,1361,night,0.266509668
3793,70,43.28954076,74.56902931,1236,afternoon,9.428041196
3794,65,61.79863029,52.85362063,698,evening,44.91395736
3795,112,13.07020455,23.53068098,902,afternoon,12.48954099
3796,101,35.1267493,69.75674114,832,afternoon,14.22019867
3797,50,89.18636821,78.34723668,1109,evening,2.31285713
3798,99,51.28044268,36.25252349,1047,afternoon,27.61578523
3799,80,26.35080472,29.74006512,534,morning,29.17792431
3800,111,51.23850838,54.51381466,1068,evening,16.90828806
3801,74,64.94473705,36.54230441,579,morning,42.8849359
3802,72,51.93709833,83.59369313,1000,night,62.83444382
3803,64,47.74680468,77.9050116,1061,morning,41.6535511
3804,82,38.19280006,31.18879048,971,night,23.57807879
3805,122,24.68533521,45.69785649,1193,night,82.32145815
3806,101,12.59057608,88.94879067,774,evening,14.4479255
3807,56,33.37403392,14.73766285,1051,night,31.90236883
3808,71,76.26606182,75.42320916,555,morning,25.68694031
3809,98,41.50645985,31.68039068,487,night,55.27286738
3810,60,46.74374866,11.94770107,914,evening,20.77002146
3811,59,19.5480482,11.69788652,1422,night,24.18855887
3812,74,50.12888379,27.62873343,1299,night,18.14383994
3813,49,41.93011152,54.80795829,1007,evening,4.542762422
3814,125,43.33414739,90.78899042,903,morning,65.25916279
3815,94,38.11362036,30.29948564,1422,evening,59.37689971
3816,76,38.39426068,19.92278209,1268,evening,36.36605964
3817,90,45.13351727,47.86549873,1151,evening,12.82171129
3818,100,49.37032768,15.66288187,940,night,13.15947649
3819,64,4.804016933,27.16908029,799,morning,1.099938576
3820,33,16.38117397,98.66312582,1019,night,2.424854599
3821,122,39.45009968,55.80505754,616,night,21.6339131
3822,69,68.44540052,78.39097676,1482,evening,1.53298225
3823,97,21.67318138,21.1810114,894,night,3.134833205
3824,54,61.61061998,52.0068388,1046,afternoon,8.678714945
3825,95,83.13328088,51.05290197,781,night,14.03738624
3826,99,44.66742911,81.26678466,1125,night,20.16192771
3827,88,41.0269778,2.157140441,802,afternoon,11.77000235
3828,121,60.75354892,86.04796962,648,night,84.74668055
3829,61,52.18140318,7.959493367,785,night,90.41389761
3830,98,37.55096443,91.65963454,1436,afternoon,1.730212087
3831,45,55.45220366,14.28395504,1058,morning,126.8332617
3832,66,36.28314578,53.22383898,515,morning,5.695057463
3833,34,77.52111426,9.939082475,1179,morning,12.07595228
3834,59,45.70648527,44.71913352,1084,evening,54.42300819
3835,103,58.4698115,29.9278836,778,evening,34.91551108
3836,90,83.29365895,42.00951838,714,morning,1.800221073
3837,77,46.38614129,54.50334912,1274,night,44.69677435
3838,66,34.9755213,45.94386404,706,morning,32.65178873
3839,57,38.55237756,2.31628268,915,afternoon,90.17135612
3840,110,49.93061224,86.34531464,767,afternoon,72.24134252
3841,34,47.13362091,9.495443128,645,night,110.9406732
3842,100,46.43408709,98.06273914,681,afternoon,18.20280118
3843,71,56.99461274,85.13186031,783,afternoon,36.7770701
3844,56,52.43819939,56.13752531,1308,morning,98.03090969
3845,56,40.75544018,24.51932759,923,morning,0.063651659
3846,117,50.214914,8.624615636,1251,afternoon,46.66722939
3847,47,36.20051184,67.18351442,1222,afternoon,1.663958379
3848,50,40.32195037,20.15093934,1481,night,204.8198824
3849,102,3.346576146,73.32202839,1071,afternoon,0.41936515
3850,115,33.33613413,83.25082786,1070,morning,24.27042943
3851,132,66.3138353,98.89651268,993,morning,22.07643268
3852,105,62.57702175,50.42155427,552,morning,10.90383749
3853,105,64.61977217,97.46719714,777,evening,39.54198538
3854,49,58.50933971,14.93196991,651,morning,8.911686187
3855,74,40.30008998,83.62470035,1167,evening,10.30791712
3856,51,24.69753971,35.98020052,1349,morning,5.966676279
3857,89,43.65679537,36.48122548,594,morning,37.55992808
3858,28,0,26.86475056,926,night,5.591186712
3859,58,72.84494259,17.34105283,639,evening,68.38737115
3860,51,54.09918136,44.22161542,860,afternoon,10.18337723
3861,59,67.0915305,98.72867756,1324,afternoon,21.933094
3862,39,39.7300421,32.99070444,754,night,19.33437765
3863,45,17.87853775,46.10817684,1041,night,36.35537132
3864,52,53.68542773,22.85043577,691,evening,7.998662049
3865,120,53.44379819,33.7120171,1382,evening,54.72339754
3866,79,47.25014452,5.514118168,538,night,40.17032954
3867,122,55.70457537,95.60345626,961,evening,12.58452238
3868,62,40.4474659,50.98022068,1442,night,3.844824434
3869,53,53.98276249,73.29511531,681,morning,21.08168564
3870,119,59.37536224,51.32895262,1276,night,118.1594337
3871,66,83.5115445,77.0196876,1475,evening,0.736601763
3872,39,65.31517076,53.40904107,759,morning,55.90305771
3873,43,25.21614468,70.15446803,599,night,36.09552468
3874,46,42.2058388,68.48009988,1015,evening,6.0701198
3875,103,32.89075067,53.35629668,1342,evening,19.41198078
3876,87,77.4191564,23.05871001,1188,evening,29.64001226
3877,87,40.19667556,21.18477769,589,night,35.78942928
3878,99,44.72082388,87.43051151,985,night,76.2881437
3879,59,47.76155457,12.06865826,1137,afternoon,61.92516763
3880,118,58.05536235,55.92417192,1523,night,11.94398595
3881,83,26.208022,50.25350238,601,night,3.836192454
3882,32,49.78460801,79.84000909,576,evening,3.303368285
3883,40,68.77242456,13.53926554,1276,morning,103.965802
3884,93,43.4259272,68.72982021,801,afternoon,93.58343129
3885,52,86.57181431,60.58511373,1389,afternoon,51.36291346
3886,100,32.31446523,70.11965166,855,afternoon,118.0625598
3887,50,39.90813458,62.12256845,1516,afternoon,9.613105463
3888,40,65.48782529,56.25473854,1399,afternoon,52.38571517
3889,76,50.65434092,92.62682486,1212,afternoon,20.92849288
3890,30,45.42470066,34.86575685,1059,evening,48.16652919
3891,105,27.61234924,18.46876347,1196,evening,28.3121343
3892,117,38.33644913,79.5406129,963,night,56.16010489
3893,67,86.61396545,12.96914632,841,afternoon,15.19234844
3894,65,56.38786396,67.97226119,628,night,135.6794413
3895,83,61.52873452,54.95602021,916,afternoon,7.424274911
3896,127,37.52789777,0.128336323,996,night,33.49805398
3897,112,53.89520962,23.986225,1380,night,48.67245441
3898,135,44.48011531,49.59039089,1035,night,26.438808
3899,90,25.05630274,32.97149266,1324,morning,10.28719072
3900,115,35.31426498,42.68917759,656,morning,24.71812286
3901,64,39.60359251,60.12700381,854,afternoon,21.07820028
3902,73,91.90273082,73.08255232,900,morning,6.32613149
3903,89,87.41523296,15.12074552,1043,morning,43.21660095
3904,65,16.52466266,28.29125241,632,evening,9.325983676
3905,89,33.47705194,63.64904839,1231,evening,53.53373834
3906,124,46.35868077,58.84406658,1252,morning,7.236160534
3907,74,50.5272916,73.68481729,1407,evening,20.93374179
3908,43,47.36870705,64.05099265,880,morning,35.64481401
3909,71,86.99941266,33.01505301,962,night,164.4006
3910,88,40.55470956,49.92358302,1337,night,9.482028696
3911,104,86.31788324,88.47417739,1288,night,30.28592715
3912,61,69.23428039,18.60897814,665,evening,4.994294097
3913,33,48.74508248,37.67447921,1394,afternoon,51.38403161
3914,55,37.10814852,84.17288008,1475,afternoon,59.29474635
3915,39,36.80739996,36.41942204,1036,night,65.66615403
3916,45,88.85315416,41.22251357,1031,morning,87.30547511
3917,30,64.42261683,31.92228437,882,morning,13.18687011
3918,113,55.89587137,89.95255275,1281,morning,32.93846358
3919,65,6.08978848,66.33412372,614,evening,11.38267269
3920,44,40.11028242,20.877893,1325,morning,48.85920355
3921,49,42.60779498,74.96342094,504,night,16.11473372
3922,66,54.35319685,3.851559231,1255,evening,24.28430189
3923,105,47.26352563,39.64085033,923,afternoon,4.281175653
3924,70,42.32416904,90.97697571,1337,afternoon,57.01250044
3925,36,56.43968338,68.9785451,911,afternoon,19.78815778
3926,63,67.98944071,79.30957331,1373,evening,30.68928789
3927,56,38.06513339,93.13151266,1354,evening,33.19465236
3928,70,30.19822642,77.45515597,1410,afternoon,9.61652652
3929,123,38.7476978,8.858397688,650,evening,47.53983784
3930,91,30.79624384,23.06423704,1284,evening,53.69822749
3931,71,44.67944863,49.99942448,677,morning,21.75486682
3932,41,90.07168889,1.385778877,755,evening,69.80956065
3933,74,43.20174829,62.4597481,984,night,5.262727004
3934,27,27.9894794,65.72446465,1106,evening,16.05516012
3935,118,41.15560101,69.64484612,698,morning,1.359962434
3936,98,81.22502551,55.57247986,1140,afternoon,15.2529929
3937,79,44.43249614,45.23793052,1021,afternoon,174.6559679
3938,79,33.83080886,85.55481733,504,morning,18.66281277
3939,126,15.37847293,76.73327173,1080,afternoon,16.30101363
3940,81,43.32373899,61.23584172,1494,afternoon,34.92541476
3941,52,21.03064649,4.601369277,1424,afternoon,1.494827299
3942,102,54.32451733,69.39289757,639,night,13.09787417
3943,106,41.5755323,55.81609892,1132,afternoon,22.84736629
3944,28,8.139360302,69.34892469,1005,evening,19.85329351
3945,87,83.26696138,31.1409789,1180,afternoon,30.85665014
3946,104,92.75249366,77.69854614,814,evening,4.487637807
3947,57,55.13444958,41.79372478,1283,evening,15.45576617
3948,119,80.72635752,89.44684772,1473,afternoon,30.12061661
3949,72,54.58431216,10.40104136,990,morning,10.77105956
3950,81,11.06211934,48.45492815,810,evening,28.47063743
3951,94,44.89814666,20.57376757,1121,morning,95.32620194
3952,52,37.35703485,45.34698469,936,night,79.94344633
3953,59,20.06074786,35.37642434,910,afternoon,38.78559856
3954,120,50.033327,80.34341226,961,afternoon,5.866912178
3955,72,35.09179525,16.71692877,1490,morning,46.00815035
3956,92,53.75690225,59.87176355,1012,night,17.75589285
3957,83,64.66551369,40.64844558,732,evening,90.93020847
3958,49,83.96730279,51.80751517,651,evening,28.35773061
3959,99,49.33867888,71.44034889,732,night,7.362560842
3960,37,27.55786229,35.71011836,1026,evening,11.23773284
3961,87,39.2565229,36.70529098,1353,evening,11.52836007
3962,83,41.59580009,7.68026776,1076,night,9.700768337
3963,63,95.97711231,55.19482733,623,afternoon,44.32881657
3964,104,47.85800666,41.69042474,1436,evening,12.3178994
3965,106,60.17990221,81.22892449,1135,night,6.530618083
3966,54,71.76165944,43.92641938,1004,afternoon,27.1974208
3967,87,77.52380119,97.07972101,1210,evening,18.75224184
3968,96,54.11533925,17.17855205,736,afternoon,0.672513912
3969,105,43.00686298,26.70613757,555,night,9.818353788
3970,31,40.17551578,39.1913518,1376,evening,1.168226298
3971,113,24.34371881,17.04208508,1482,morning,43.70675555
3972,105,67.76047535,97.23170595,1362,night,90.49324901
3973,116,104.7933301,64.09603995,1457,evening,20.80462305
3974,79,77.03624336,1.119902889,1273,night,24.50462758
3975,63,50.42048497,57.85098945,1507,evening,55.94623565
3976,58,24.29827295,78.12490988,990,morning,0.57443423
3977,56,38.91141997,5.130008759,1189,afternoon,5.313718855
3978,113,58.0526591,57.79231708,686,evening,31.87052058
3979,68,43.19027558,37.43119162,890,morning,40.61365467
3980,79,47.4657622,58.14768335,1061,evening,29.52085439
3981,77,57.70096371,25.26059387,1367,night,84.02712821
3982,64,54.25641707,66.6016552,606,afternoon,14.94556843
3983,97,96.48004103,67.13327756,1129,evening,24.29598607
3984,108,95.53545672,53.95054822,845,afternoon,93.98346988
3985,101,43.81439221,92.3753799,821,night,68.96975654
3986,73,70.63634946,90.94794906,1004,night,0.938613585
3987,71,22.16719236,4.75346924,1026,afternoon,13.02241612
3988,39,68.81659725,28.98938662,959,morning,40.29645665
3989,89,59.67728888,36.42588641,765,night,0.026321069
3990,94,31.96309494,5.526847305,726,evening,59.63047687
3991,82,73.0664951,52.36374027,1362,evening,20.92124937
3992,69,29.49865068,2.458163472,1463,night,2.717418897
3993,79,47.34297409,67.80687786,541,morning,17.52681684
3994,110,52.91627903,0.26884589,861,afternoon,20.35497529
3995,33,16.20692335,3.193659353,728,morning,13.71522688
3996,109,53.18954375,83.37531729,757,morning,18.17123307
3997,83,31.96490919,25.26093218,1021,morning,66.60141986
3998,42,41.74094412,8.12289382,825,night,11.74977722
3999,82,48.05218201,39.94665316,950,afternoon,97.26180903
4000,96,16.08853068,5.09487116,1382,night,34.84869005
4001,56,39.84295694,75.04101738,718,afternoon,67.90525835
4002,83,46.50144563,49.41472675,1376,evening,7.032921884
4003,130,42.66828542,55.19324794,1112,morning,20.3090704
4004,115,30.93128056,75.3012196,546,night,25.00130221
4005,114,22.90801241,78.4458488,810,morning,2.674271069
4006,50,29.61814084,13.62584544,496,evening,20.41528481
4007,116,11.24808933,28.02796187,985,afternoon,59.18847593
4008,109,33.06803406,17.56661168,1244,night,1.608157014
4009,47,74.56796876,5.403867877,1368,afternoon,30.84237173
4010,107,19.10637614,53.75173919,1032,evening,134.6369821
4011,97,68.18918551,24.97995885,863,night,22.48688263
4012,80,23.15238509,15.39809827,900,night,10.84491692
4013,82,60.07107896,51.01472682,1130,evening,26.3803647
4014,75,102.601589,63.40150351,889,evening,23.38975021
4015,34,61.80415818,77.21022749,1011,evening,3.333279888
4016,43,46.15846296,1.749342086,1309,morning,7.235087836
4017,63,46.76242672,52.62845586,1308,night,33.20556776
4018,62,67.75922216,26.7071076,783,afternoon,26.93589661
4019,58,57.87324229,99.15907317,1381,night,12.66247915
4020,87,55.31929283,15.69366844,1287,night,115.2306483
4021,111,40.62094344,43.78457667,1389,morning,31.04958022
4022,55,56.60215162,97.00263224,1223,afternoon,7.872445212
4023,85,14.15907226,21.30971944,882,afternoon,19.1132866
4024,122,38.03948132,80.68975888,1338,night,37.30139222
4025,95,85.77845653,24.3039376,717,night,33.44096218
4026,66,67.43970965,7.526363482,982,afternoon,8.483966723
4027,83,47.41678328,4.275518552,988,evening,31.31074233
4028,111,28.15750178,94.87387748,866,afternoon,12.14335559
4029,53,90.28293204,21.28934048,635,afternoon,18.34727064
4030,125,37.54609084,29.19549869,645,evening,33.18266633
4031,89,30.84070926,96.69099305,732,evening,26.09610677
4032,114,53.47804258,65.73911949,611,night,37.42003502
4033,64,39.19213372,48.81269535,1133,morning,14.43011878
4034,36,9.732100449,43.54216577,503,evening,41.82986542
4035,49,21.17863907,4.856425182,953,morning,0.473723841
4036,131,46.0402402,83.89448239,700,night,6.246443975
4037,122,27.42573832,76.20361212,1184,evening,108.6074022
4038,51,18.95102578,9.069753682,706,night,2.72162251
4039,86,20.6916941,35.34571602,1387,night,32.53268299
4040,120,46.28331629,88.54099168,1089,morning,74.57992092
4041,87,47.42087354,23.64414354,1007,afternoon,58.88636578
4042,74,66.8091552,61.12338297,621,night,73.17119179
4043,99,25.95328776,48.79359049,540,evening,123.8846805
4044,72,46.3030452,81.85217136,1005,morning,13.26108312
4045,28,36.58274693,3.605350411,623,afternoon,12.0214046
4046,63,61.02712853,81.61470882,1491,afternoon,3.864400702
4047,68,50.34228203,13.5719172,1226,morning,6.750242929
4048,114,56.86223215,1.50725129,901,afternoon,31.74239857
4049,109,74.64158956,59.55007988,1452,morning,12.065771
4050,52,53.96484522,25.86410839,877,afternoon,12.51766795
4051,39,71.92367391,70.92773389,593,afternoon,31.14729798
4052,109,23.80159189,46.97831766,1174,night,3.315275376
4053,94,20.8065601,60.55240404,819,evening,1.727123155
4054,105,76.48283534,68.97063281,514,afternoon,48.71212956
4055,105,55.60242337,92.69279235,1225,afternoon,46.79734398
4056,123,61.92151747,82.31103727,1123,evening,14.58842607
4057,108,73.38945075,49.51120046,1431,evening,26.97325503
4058,82,34.85464453,43.80158819,1069,evening,8.157386885
4059,128,37.68358772,65.46760846,557,afternoon,13.74877868
4060,92,66.41928405,73.35341222,661,night,1.112455558
4061,69,43.09185491,17.26535479,966,night,9.589966402
4062,34,38.87176073,3.25244956,838,evening,0.495449098
4063,77,24.60046127,45.46528518,1487,morning,16.55337687
4064,123,67.8754997,9.945312228,666,afternoon,22.00178329
4065,76,39.1259821,27.27335176,707,night,20.51555637
4066,94,67.61158034,58.47395994,807,morning,12.49779968
4067,125,59.89040234,15.1452033,520,morning,6.955921153
4068,121,77.86674323,2.849304023,1078,morning,18.17297956
4069,65,16.19129112,55.46007949,1282,night,61.19027685
4070,60,0,46.62275503,1116,afternoon,122.6448982
4071,44,85.08124905,30.6303067,698,afternoon,11.25065985
4072,48,70.23191946,46.87858107,984,morning,109.9895103
4073,38,29.50929226,68.35226394,1345,afternoon,17.10408236
4074,116,33.56297325,10.90007362,558,afternoon,28.50102432
4075,56,50.9372992,25.56894438,1520,night,48.84541603
4076,24,45.95797959,79.49604459,1380,morning,13.36144969
4077,124,36.71775065,67.0122693,1418,afternoon,7.006523711
4078,63,33.05687874,26.62535234,1365,evening,9.56801841
4079,83,40.41049442,39.81505412,1026,afternoon,54.71909386
4080,109,59.86989116,11.97496541,1114,afternoon,81.75961188
4081,88,50.32430658,25.31276071,744,morning,4.125723726
4082,34,40.1827609,84.1151841,607,afternoon,35.57538661
4083,93,36.64431346,44.04106437,1229,morning,1.065842061
4084,73,92.87373707,64.02928474,879,night,62.37221828
4085,54,38.4636725,15.97414707,512,evening,58.31100622
4086,52,60.41888771,18.3305664,1212,night,44.69673688
4087,52,99.27023118,94.09211195,1086,night,52.18318689
4088,104,63.82154608,84.14335896,1040,night,27.81672072
4089,84,59.47956538,79.03307592,1276,evening,4.780696746
4090,91,74.70693873,32.95902838,839,morning,73.7975237
4091,73,77.8303815,56.27559844,722,morning,4.560394196
4092,50,49.45655184,49.23410617,799,morning,7.654469538
4093,97,23.43096317,95.62306567,694,evening,17.00142926
4094,48,46.90221094,23.96344302,1028,evening,20.67245964
4095,36,61.60023207,94.72329761,1289,morning,3.038326016
4096,51,43.10884177,70.68504385,775,morning,43.02405683
4097,56,45.36382779,41.36915449,1339,morning,4.430863805
4098,78,82.36864115,26.63548613,810,afternoon,31.90545326
4099,117,65.71257433,75.73533617,1190,afternoon,18.04334472
4100,44,61.81193069,82.29349267,1004,afternoon,49.97006848
4101,56,29.28930453,35.75273823,548,afternoon,10.51244253
4102,124,45.0888283,17.18799111,707,afternoon,54.33321295
4103,57,57.65382689,49.22445771,753,afternoon,8.720997585
4104,130,63.04380188,46.85023303,842,morning,25.6236135
4105,116,81.76046061,72.5402583,1370,night,19.97251934
4106,103,63.38723226,97.31848541,1452,evening,13.04263903
4107,36,39.21256075,53.12821955,920,afternoon,0.355431651
4108,77,87.6210354,73.17192886,734,night,15.21738474
4109,98,44.44839236,35.05796543,622,afternoon,3.779162231
4110,54,68.3274158,59.9574743,593,night,7.652860098
4111,108,38.47492583,11.53279322,979,morning,34.97143163
4112,112,34.45827574,81.49340835,1028,evening,25.40913823
4113,93,22.90638306,34.43242291,1275,afternoon,22.46485325
4114,114,24.32177466,8.004134754,543,evening,24.90454607
4115,58,40.50703909,99.05613827,1016,morning,3.836821055
4116,38,76.15862677,90.1788229,685,afternoon,5.396805696
4117,35,55.25661371,19.74333457,816,evening,23.47910857
4118,34,14.45901848,36.32018503,1106,evening,15.66811235
4119,90,66.61110839,93.67176965,1151,afternoon,18.66400542
4120,69,49.91131978,79.63287278,611,morning,63.39672801
4121,48,80.33101325,90.64122208,954,evening,6.143064162
4122,50,40.16448183,56.25497784,1045,afternoon,72.47203813
4123,114,31.90181004,24.31162205,1077,afternoon,58.44976433
4124,55,84.65928212,22.70535273,1272,evening,69.61875525
4125,55,70.06951814,52.56701852,957,evening,30.76321027
4126,44,15.80234534,92.39999711,558,evening,59.83874352
4127,114,57.21961727,63.15869827,959,afternoon,141.9540228
4128,62,15.84940403,3.439052879,734,afternoon,19.12655105
4129,75,69.10914852,56.0475728,1402,morning,59.37342762
4130,103,27.73352601,60.84408786,840,night,70.20637352
4131,107,24.92317826,58.15550328,805,night,11.12174006
4132,34,77.74965179,69.10761737,706,night,17.53985301
4133,83,58.27419903,29.35138399,949,evening,25.57656575
4134,127,64.71740865,14.37653086,595,morning,12.88457263
4135,98,40.31897236,75.00486289,1303,night,11.66465441
4136,91,48.38292182,19.63530879,1033,morning,14.37574534
4137,86,81.35665113,11.41589604,914,morning,16.5445453
4138,133,56.41413763,35.93771877,1198,night,8.721390496
4139,72,96.6025803,83.2754117,1357,night,19.23440739
4140,63,46.08412007,8.210830791,1014,night,45.25362162
4141,108,69.19254259,19.55613587,574,evening,29.38385327
4142,105,72.18826972,47.52593783,922,morning,14.32964979
4143,120,53.93984456,28.76469713,810,morning,5.095050021
4144,64,77.24571206,72.16610089,589,afternoon,52.12544158
4145,55,39.29464308,67.49024267,686,evening,21.48217525
4146,33,67.25002446,84.2516363,1204,afternoon,106.4633834
4147,103,29.21267384,20.38431752,1182,morning,8.738385928
4148,94,24.72305297,64.89187545,845,night,5.789817413
4149,74,50.78712875,77.47345009,681,afternoon,0.241185953
4150,129,47.42528301,6.266712278,949,morning,2.587121575
4151,46,27.85067213,3.682294267,1503,night,14.60360006
4152,94,65.300279,55.92583381,941,afternoon,6.628397239
4153,45,81.23083129,58.78547681,930,evening,1.158595374
4154,68,43.52436536,39.28087597,600,morning,7.661006275
4155,99,70.81841603,3.60733141,788,evening,39.14193321
4156,52,37.30396145,40.19218204,1024,evening,39.9194786
4157,63,46.01011202,64.20885411,611,morning,4.862715503
4158,62,49.01796507,70.18804191,804,evening,82.69645456
4159,102,66.6767405,49.27914739,1303,morning,5.196196488
4160,62,48.3671198,52.50249774,1140,morning,2.807610467
4161,96,10.03957281,67.26742759,919,night,5.335694406
4162,44,73.99266462,44.93023819,622,afternoon,4.542858267
4163,119,52.27611484,26.35149487,530,morning,29.96624804
4164,107,4.049586388,22.2969888,1410,afternoon,5.09723854
4165,129,78.41172339,75.27529107,661,morning,30.18055522
4166,129,79.47941614,48.75486366,829,evening,9.713718293
4167,125,28.4217781,62.40859953,617,afternoon,8.566723623
4168,58,21.63984894,47.11057922,992,morning,68.26416071
4169,116,72.85605024,81.88374164,528,morning,7.236656477
4170,116,72.88941757,49.68473477,992,night,59.9822382
4171,89,59.63979815,98.80546239,931,evening,10.85180014
4172,112,41.0917969,24.26046147,1481,morning,142.0868157
4173,94,34.163644,13.85266872,807,evening,118.7876262
4174,96,62.0008,37.35965189,615,afternoon,52.74019781
4175,62,37.18140261,91.86566107,896,evening,60.7682874
4176,90,37.29766725,85.23125984,1117,morning,51.99241249
4177,84,65.67693052,24.73529656,1159,evening,29.79884545
4178,42,69.64938395,59.96975682,1493,night,49.6680364
4179,71,80.01692571,58.89397385,1032,night,29.68851109
4180,116,13.61093938,29.33968949,1120,evening,55.38634312
4181,55,40.02347811,23.53816792,1443,night,82.25755731
4182,56,43.16518646,39.00494864,493,evening,41.98999602
4183,60,49.63897968,78.86188008,980,night,100.3051719
4184,62,24.56262139,19.17150416,828,morning,17.83871966
4185,41,61.34414864,44.57234386,1511,morning,77.86330809
4186,77,87.78660798,48.16985485,911,evening,7.694465042
4187,74,26.15327651,93.91247238,659,afternoon,0.956060243
4188,113,53.77018326,30.35224613,1042,morning,4.112304086
4189,43,75.09912361,1.964657269,1014,afternoon,5.239434393
4190,107,45.24675411,69.37312425,1248,morning,52.1909425
4191,72,35.33452433,75.57915024,1355,evening,15.37527303
4192,41,53.56445808,70.30323914,1160,evening,7.965028535
4193,82,64.6754685,70.07389812,1283,evening,50.18262092
4194,50,24.73076619,48.3227415,1325,afternoon,6.774066384
4195,117,70.72589798,1.866080448,1196,afternoon,2.432235545
4196,74,45.75002861,72.99179753,827,afternoon,18.83150748
4197,115,36.65664388,93.65201891,1212,evening,2.158005863
4198,107,19.33408294,15.73863555,1353,evening,9.810885778
4199,120,36.93916674,6.791425908,1084,night,36.15278692
4200,51,37.86215982,26.52052886,617,morning,14.07766335
4201,45,26.09964728,84.97938528,907,evening,2.746254974
4202,102,59.47297788,10.61471779,1045,afternoon,15.47479444
4203,127,52.94118217,71.51684007,1297,night,21.59353102
4204,89,69.61548051,6.294743419,1079,morning,8.639579804
4205,124,64.29618372,3.278901508,982,afternoon,5.622109323
4206,77,37.19644826,89.13018761,596,evening,43.02353505
4207,103,43.7187342,77.0560233,1246,night,2.107428251
4208,110,35.0913146,59.8585049,535,afternoon,94.30399641
4209,46,18.06991856,17.19952538,986,evening,0.228834652
4210,126,57.67312273,27.88486243,798,evening,31.60131742
4211,103,53.31615902,4.860449083,548,afternoon,4.302376127
4212,84,37.83477683,64.53628529,1430,night,23.76235279
4213,120,66.10709359,68.60858205,681,afternoon,6.222146626
4214,104,43.20674861,32.68087618,797,evening,1.047736332
4215,100,74.65499766,33.8416317,616,afternoon,58.93334545
4216,59,46.90865543,62.89776465,1421,morning,16.546
4217,66,24.10527016,94.56647634,1077,night,9.656647777
4218,92,80.45066077,39.47094263,701,morning,88.27792906
4219,69,57.30854227,49.35903855,824,evening,2.566410907
4220,66,31.06650769,69.82759708,929,morning,12.85487357
4221,73,41.95408483,34.23209555,1036,evening,5.857229486
4222,123,33.40929431,86.88583208,1058,evening,141.9761644
4223,55,69.82444366,84.61815509,819,night,23.69103563
4224,47,8.356360477,67.42829826,852,afternoon,50.17469744
4225,72,55.56592092,53.69235994,881,evening,5.357081289
4226,25,15.64057667,98.35209263,1219,morning,10.8909079
4227,127,12.29322429,70.23805199,680,afternoon,28.99632406
4228,83,58.21099461,64.32266045,781,morning,5.881543559
4229,110,25.7899993,87.68179403,1424,morning,20.79816112
4230,54,63.9452909,55.49906741,1024,morning,80.47743772
4231,103,69.28281898,24.29235568,881,evening,79.88615495
4232,113,41.05843966,13.7772283,1261,afternoon,13.14958514
4233,72,59.77176195,47.10321477,1020,evening,21.77890376
4234,117,79.47185186,51.5654156,541,afternoon,6.634675731
4235,116,30.83242655,82.7694237,895,afternoon,115.2138956
4236,66,67.23287393,13.94745078,966,afternoon,22.01108011
4237,73,34.44080761,68.1230224,709,night,6.931990744
4238,40,50.06831892,30.41269348,835,night,55.88390045
4239,79,37.5485026,93.90302448,1032,evening,16.361169
4240,44,38.28815014,47.04213501,1230,night,30.3293303
4241,42,42.8077888,62.23982196,1176,morning,55.65383007
4242,107,38.01688159,65.010819,603,afternoon,11.09727876
4243,49,47.37332091,9.100507521,517,afternoon,25.87574674
4244,94,73.37251385,85.21950625,1345,night,1.732698312
4245,78,22.45213071,16.42364199,1145,morning,8.018480663
4246,84,58.57145463,39.7419127,1190,morning,4.481322232
4247,43,28.43213568,67.25636866,572,morning,31.00081157
4248,83,29.65420557,5.521990111,1116,night,8.817214793
4249,80,12.89591441,58.04238492,1293,evening,42.81173193
4250,128,71.52972302,40.99161324,1221,morning,42.95590405
4251,83,45.17366302,6.385260626,670,evening,46.0081823
4252,82,32.01958633,72.63911211,1355,afternoon,4.268605015
4253,42,52.59538188,50.13333926,862,night,22.39949303
4254,57,43.02043505,30.34401741,942,morning,34.09885293
4255,131,72.02674073,8.432779642,529,afternoon,11.69252517
4256,59,29.64334844,54.74742055,522,night,9.0357406
4257,43,47.17248025,30.59626767,1006,afternoon,37.97083546
4258,78,67.00875826,94.66842314,702,morning,12.98342633
4259,54,28.69141494,59.15161807,759,evening,8.585674325
4260,53,40.77459059,28.50651084,852,night,24.82837951
4261,49,24.44788451,52.86180497,430,afternoon,29.05800589
4262,55,32.63284053,53.9495389,1108,afternoon,44.99094991
4263,32,18.91490592,72.67616037,1399,evening,1.253731849
4264,74,28.78724775,90.22023232,968,afternoon,5.752571596
4265,69,23.80745053,96.25936216,1337,morning,45.05109813
4266,105,36.64250982,71.78907703,509,evening,22.77030518
4267,81,69.44181126,54.59132409,1119,morning,49.20846529
4268,48,55.59934274,22.49320865,924,morning,17.85482318
4269,110,75.94274506,40.30294167,673,morning,18.45141743
4270,93,42.2540118,48.87889909,694,night,14.22361382
4271,114,32.05905729,12.83711531,1458,afternoon,35.251388
4272,110,47.45503847,25.64038065,1355,night,26.76308866
4273,130,37.84950586,98.44526063,990,afternoon,14.96349452
4274,37,58.21347335,75.66900519,804,evening,6.230961851
4275,93,19.90965829,48.2006703,689,night,0.071954825
4276,67,48.55307204,22.60325647,1503,afternoon,2.873871293
4277,97,80.07510876,57.34476641,880,morning,3.423289966
4278,34,31.57674049,23.18751696,829,evening,25.27625442
4279,40,41.17780696,19.31087658,1385,evening,42.71338779
4280,102,15.45621794,9.375638187,1210,morning,18.31276432
4281,39,72.18784962,34.58530376,1421,night,16.0463656
4282,95,48.03564753,54.17231881,1206,afternoon,4.250791964
4283,28,39.59880575,15.93276179,837,evening,69.38297895
4284,44,50.94845202,20.04354784,824,afternoon,39.86339725
4285,123,48.579497,39.11392283,1360,evening,16.18245414
4286,66,35.98401547,48.9531639,1518,morning,3.061470863
4287,87,21.90802238,76.22831792,753,morning,56.14053437
4288,74,53.0782172,56.6628165,1115,night,5.576604187
4289,74,50.2966201,61.77010702,1371,evening,33.56878977
4290,112,42.24531422,69.62104523,1002,morning,12.4476624
4291,25,43.88893345,45.09829345,1002,morning,58.88816327
4292,69,71.61248306,34.31333346,1038,morning,26.52525147
4293,97,55.81417459,80.04207409,1345,afternoon,7.739480743
4294,90,23.48048551,82.8320417,725,evening,0.382353363
4295,90,75.78741764,15.39820919,1157,night,7.161358223
4296,104,63.61496685,95.3369525,853,afternoon,13.63979269
4297,76,62.18478824,92.99227358,1218,night,36.96961972
4298,103,34.13510692,87.08778128,844,morning,7.304669735
4299,101,67.07617994,42.26584187,1107,night,9.094212251
4300,54,53.61066302,84.21784106,1053,night,17.13320665
4301,92,26.76730608,62.8058559,525,morning,1.316077753
4302,59,55.75624268,20.53947393,669,evening,43.8824975
4303,72,69.0374197,77.48830196,665,evening,2.460865695
4304,116,61.36334245,40.60949951,1294,afternoon,40.07017186
4305,30,14.00139781,29.21645707,799,night,9.357696738
4306,120,57.99046897,87.82922163,1495,evening,18.48172154
4307,71,42.72395966,86.22772737,1104,afternoon,15.84910408
4308,54,12.30008968,86.43732442,1066,afternoon,8.761207059
4309,70,62.98662048,85.95235604,530,evening,8.859848592
4310,38,63.66038246,55.42290944,1481,evening,89.30723895
4311,52,49.37485066,61.69203283,689,night,10.93566913
4312,84,29.6047889,94.8865562,580,evening,6.066871279
4313,104,77.8740583,12.93411328,1448,evening,8.650159817
4314,63,60.95283234,80.62613867,919,afternoon,35.64313899
4315,51,62.08296015,52.62677386,659,evening,11.08316565
4316,115,68.43015277,97.8407528,1468,morning,5.647982246
4317,71,74.24847666,63.92237459,1122,morning,16.05790275
4318,88,56.45740036,16.25441897,609,evening,3.75148239
4319,65,27.23196963,81.54909785,1415,night,15.25813519
4320,52,36.27963748,67.26715643,748,night,59.46306671
4321,74,39.60884834,14.89277893,596,morning,14.00005938
4322,127,74.31567876,0.899216141,1164,night,21.65491783
4323,70,54.29899198,54.36472974,515,afternoon,46.69694852
4324,53,36.31378343,24.14891108,708,morning,21.76855771
4325,49,46.01697139,86.7241489,1352,evening,1.456454876
4326,73,76.45526454,25.09299416,1299,morning,7.257180371
4327,114,62.28867492,66.28561549,667,morning,67.40420049
4328,115,70.85453923,34.51301073,1236,evening,48.61271864
4329,43,27.6873346,35.03180499,635,afternoon,42.89716696
4330,128,45.81214289,18.18148374,1167,night,23.78701714
4331,119,37.17970086,50.27217241,1093,afternoon,13.07437376
4332,85,80.03711602,57.92716979,1173,evening,35.56279203
4333,87,47.24426043,58.10136794,1447,morning,32.66134877
4334,36,38.52228217,85.66101551,572,afternoon,30.88055137
4335,104,9.875692008,65.23472875,803,evening,21.01570404
4336,53,78.21380862,74.02378332,1207,night,9.008416509
4337,89,79.18566091,32.34481962,1311,afternoon,17.15080482
4338,100,8.948747786,42.06856309,1229,night,21.53043075
4339,117,54.2505603,1.829260695,692,evening,7.300624479
4340,96,68.93126055,7.910933927,924,afternoon,7.843114336
4341,57,59.54129109,38.5119635,686,evening,47.0839467
4342,99,41.27926337,20.97337346,549,night,11.55987649
4343,58,31.07665862,81.29593959,617,afternoon,109.1185184
4344,62,73.36291533,67.64864921,973,evening,17.20217619
4345,129,65.413731,97.03054797,1212,morning,28.15228476
4346,46,62.7578872,88.70339627,955,evening,21.03182889
4347,98,73.4278274,97.76610235,524,morning,20.38462056
4348,110,93.72367087,36.52751326,1011,evening,66.21989801
4349,82,43.48347935,48.43763135,536,morning,2.929030609
4350,60,43.52267572,37.26257453,1193,night,12.72728076
4351,118,41.91094719,96.43057266,648,evening,10.1066449
4352,112,31.54621187,40.2708694,1428,morning,11.83595102
4353,78,73.88804857,11.67618995,1286,evening,73.11383939
4354,89,76.88512875,25.05098936,498,night,2.173552612
4355,101,71.30863406,42.48201601,854,afternoon,9.996568514
4356,99,83.33816776,60.2993994,616,afternoon,40.14575326
4357,43,52.02757318,61.80864773,591,afternoon,8.183854385
4358,115,57.51144373,75.87836175,952,afternoon,53.71322394
4359,114,63.04872545,64.78668053,1399,night,12.01065142
4360,136,41.60100516,49.1534006,1017,night,3.603834776
4361,79,28.59932775,3.017155068,624,night,21.97005182
4362,75,52.90162711,69.50283834,1334,evening,21.48233145
4363,128,40.66853835,8.545809268,1025,night,1.197525028
4364,112,93.38103045,46.88113724,1348,afternoon,37.96602015
4365,91,20.21053845,89.63962191,862,evening,4.585568885
4366,127,48.8199497,59.68788934,1170,night,7.202290354
4367,124,55.78695345,19.89647577,1134,morning,24.79908359
4368,101,33.4011392,80.79582084,1106,night,66.43191515
4369,100,40.81730555,30.04091235,602,afternoon,0.625254327
4370,94,51.20893545,57.72708392,1071,afternoon,51.90524702
4371,47,26.80302384,63.58488798,531,afternoon,42.0904992
4372,59,58.16106701,73.11214944,607,afternoon,5.291096472
4373,94,81.55273748,6.498257021,777,evening,14.00644434
4374,66,42.4230248,85.42671325,693,afternoon,70.92483302
4375,71,65.36124747,11.38503243,677,afternoon,4.74828158
4376,57,84.1575123,9.453393012,553,evening,3.541917868
4377,25,70.13471019,45.68845557,689,night,39.86488835
4378,116,35.45912849,37.21816012,1280,morning,19.09819828
4379,44,19.24705129,5.461367382,775,evening,10.02734096
4380,88,43.77860853,16.60005207,1400,morning,5.657377323
4381,104,51.18098258,43.92134447,708,morning,38.42803729
4382,38,8.606494844,82.90721786,1353,evening,17.3679708
4383,66,50.56011187,12.13043794,1189,afternoon,8.209598257
4384,65,33.46996039,10.45303742,592,evening,86.14416554
4385,63,47.62009456,80.48294019,1534,afternoon,24.70215536
4386,84,43.76620383,49.23155162,1308,evening,13.07284198
4387,67,45.86475461,36.02492467,604,night,38.15234482
4388,124,65.03333087,46.13536422,1391,morning,20.58079692
4389,117,30.01362567,41.08466891,791,evening,0.283900448
4390,64,13.40828102,78.18941706,833,morning,55.09588223
4391,69,66.59359721,0.93273624,847,evening,2.059516097
4392,25,62.93830222,43.31585786,816,night,136.2757318
4393,117,60.76173134,15.88546682,1494,evening,12.91130252
4394,109,32.2912942,30.82858471,1174,afternoon,22.32304647
4395,126,62.21780834,11.21711955,971,evening,230.7002942
4396,120,24.39605504,42.69881018,607,afternoon,9.408633111
4397,45,43.97304393,64.32951349,1083,evening,18.63426705
4398,103,80.3441272,66.15932335,1495,night,42.18194723
4399,101,61.95246289,79.67437271,556,morning,18.8761848
4400,80,48.54122218,81.50114013,824,evening,12.18595127
4401,72,47.11975686,59.77334536,1119,afternoon,3.856491887
4402,79,27.9668106,35.31499963,1042,night,21.58809856
4403,67,82.40371504,5.131548486,1415,afternoon,24.07180595
4404,67,70.21616852,3.586998753,586,night,7.951132007
4405,112,65.96107159,11.32631046,867,evening,12.18921722
4406,73,48.14397595,98.38314312,1316,morning,10.64122944
4407,38,42.71385006,78.59774329,756,evening,16.7254341
4408,121,34.81192778,40.48722519,874,afternoon,48.02003844
4409,73,78.62365481,46.62011693,782,night,12.12990877
4410,92,13.73976835,73.73813439,558,evening,9.542238332
4411,81,61.33210415,51.44006414,1284,night,54.949602
4412,111,18.47991946,36.04162427,744,afternoon,49.99385499
4413,94,45.94514052,34.95606595,519,night,47.29403823
4414,128,49.50138328,20.96416639,759,evening,40.73306189
4415,85,24.40291506,88.5611598,814,afternoon,65.87020751
4416,126,32.90771542,41.4153829,1409,evening,37.47182095
4417,35,64.576423,75.23629369,1352,evening,5.568194799
4418,111,79.57184234,57.37620965,1098,evening,1.005978387
4419,34,56.24979219,75.40936522,757,morning,6.021798032
4420,95,36.25286346,32.09099459,636,night,13.60682208
4421,102,30.6436739,75.20087535,1400,afternoon,1.631663593
4422,36,35.18925169,78.99682932,1148,morning,42.44083351
4423,41,49.55713955,10.42800829,1349,morning,30.75890901
4424,85,55.15833381,9.146378011,972,morning,37.97524685
4425,51,74.55728536,98.54957188,699,night,3.020779465
4426,75,48.53666225,11.79540032,1285,evening,11.95930342
4427,59,36.74698145,68.48408704,816,afternoon,18.45285357
4428,62,27.45266453,74.78132317,836,afternoon,27.68379967
4429,46,45.82096562,6.351081609,757,morning,48.70172302
4430,94,17.02869559,74.6510933,990,night,113.0864061
4431,137,37.9120757,41.95149459,692,morning,2.57339346
4432,140,24.80158918,27.46740034,1017,morning,30.7868664
4433,69,44.81222763,66.53306439,997,morning,4.345770093
4434,92,59.11952346,83.3124489,649,afternoon,10.69468629
4435,126,57.6056361,57.27945024,1237,morning,44.35855456
4436,131,63.67951687,87.06275996,597,evening,153.9767936
4437,29,31.50537025,2.235595935,966,morning,22.42683777
4438,122,78.35409243,73.86047886,1010,afternoon,13.06774303
4439,59,63.32168383,16.94024751,1395,evening,7.227613546
4440,69,62.58908179,28.60739554,1245,afternoon,45.77120578
4441,82,72.5206292,57.22523889,608,evening,70.21471148
4442,121,53.53063522,27.4445107,1442,morning,56.630663
4443,87,47.68621385,16.81538543,1389,evening,21.38164214
4444,92,76.96820816,88.54982188,752,afternoon,26.68680501
4445,104,33.28604985,90.67234503,1292,evening,54.35045259
4446,68,45.768608,3.637141775,1200,night,79.29072462
4447,60,73.1428248,50.01211442,978,evening,83.91063116
4448,86,45.82563984,20.36788312,1367,evening,35.11406939
4449,56,38.25059298,86.34087939,587,night,6.383980527
4450,92,31.11209759,46.25212571,1101,night,11.26209165
4451,47,54.76303788,47.84577428,1430,afternoon,9.286529343
4452,30,41.42374123,62.74726632,1123,evening,5.715779397
4453,64,59.78004605,5.562407689,1000,evening,8.660858267
4454,87,82.8357607,12.72980743,989,morning,61.17715543
4455,118,71.45601365,49.83851619,872,night,44.13422244
4456,120,3.521797467,96.67069159,1194,evening,1.341663304
4457,121,64.3436653,84.36055696,732,morning,4.794664752
4458,126,65.74893051,88.93611551,1288,evening,125.6455962
4459,73,44.0369983,13.71550267,867,afternoon,7.684419182
4460,60,74.88331605,95.86239145,667,evening,30.18589378
4461,56,55.89727752,72.99925317,792,evening,6.90361557
4462,27,11.12842391,32.568504,918,morning,7.984270163
4463,108,52.83437457,86.44671613,982,afternoon,20.70573795
4464,88,44.5697669,74.73098519,1173,morning,20.06320138
4465,102,37.42597275,73.65097653,1239,morning,31.16841902
4466,101,57.25657783,73.4620483,969,afternoon,5.525013225
4467,117,63.0134792,80.08536332,1112,afternoon,9.14338204
4468,40,63.3845446,94.85291605,1467,evening,29.35679503
4469,72,63.99131107,13.68717206,1102,morning,3.074421979
4470,105,26.88726038,99.95224269,535,morning,72.0142206
4471,76,28.77028836,87.23396174,636,afternoon,5.909652535
4472,102,55.38969587,44.16272047,1306,evening,17.30871008
4473,107,71.56186627,15.74378729,570,afternoon,3.450571686
4474,56,57.07073294,45.37883866,1034,evening,34.63975699
4475,47,7.882803057,77.86117464,1329,night,11.87678058
4476,92,60.94193297,60.24534674,728,evening,2.29474851
4477,104,18.84994413,27.9550916,1159,evening,26.9413669
4478,87,63.71153869,40.67947137,1096,night,118.380607
4479,83,38.84628662,95.42988499,612,morning,61.41226459
4480,121,56.04985422,80.38208556,752,afternoon,36.40998589
4481,55,92.07294474,12.40693757,1122,evening,0.381896862
4482,106,42.93786183,54.53919617,501,afternoon,58.95437261
4483,112,34.90671888,93.09848765,922,evening,68.11337394
4484,45,41.31677978,3.430878826,1287,morning,1.162142999
4485,111,19.94869198,4.254736948,1072,night,3.916465679
4486,42,29.91899495,71.67327311,900,afternoon,18.01500851
4487,49,71.30716243,57.55456291,1403,morning,15.42821841
4488,47,10.53728304,4.599946431,547,evening,10.46211755
4489,61,37.44940234,99.60164852,750,morning,6.616357136
4490,135,54.79252793,58.00952957,1187,morning,23.89587938
4491,73,41.80871664,49.19297436,1402,afternoon,44.26331023
4492,107,76.99424962,44.76970391,1004,night,82.95737144
4493,86,46.6640199,70.06839368,572,evening,10.74747124
4494,36,43.22162736,45.83570277,1401,night,36.44421073
4495,65,52.98450137,65.90767791,558,evening,46.56201393
4496,83,55.43441582,48.83342132,642,morning,19.50031148
4497,110,50.00084032,61.07177605,1454,afternoon,76.18521615
4498,58,48.56768182,80.51861303,749,afternoon,0.697418797
4499,64,10.92092531,81.71680868,1017,afternoon,69.22211219
4500,38,27.39735568,84.90482202,943,night,66.90852697
4501,42,61.54161311,20.29697177,955,night,4.420156092
4502,45,70.15661809,6.111990056,1270,morning,17.36365626
4503,96,75.54728631,83.61384739,775,evening,21.76149542
4504,68,21.12698981,4.229784533,1232,evening,15.42363078
4505,32,33.25173758,21.34907466,1025,afternoon,67.77325176
4506,115,79.92640492,52.61987985,703,afternoon,37.44664895
4507,94,42.38127793,85.54334303,1259,afternoon,3.954568207
4508,41,62.35423583,89.67812806,1301,morning,78.31756224
4509,40,117.3487737,62.80506546,1087,afternoon,1.418153732
4510,57,70.99616883,96.67586934,681,evening,27.16550497
4511,122,45.67319788,72.99429351,1459,night,22.18753641
4512,132,47.18324477,52.7724402,1035,afternoon,2.254840809
4513,38,60.53221791,13.43705815,1076,morning,35.70619661
4514,32,11.58772014,42.87855138,962,night,98.55429834
4515,27,58.82253981,82.23408486,841,evening,18.39934219
4516,95,44.46556492,28.36472001,864,night,21.64025881
4517,105,48.45133636,57.82711449,1325,night,14.52951101
4518,35,52.11585013,98.34345038,577,evening,62.43454461
4519,47,81.31429429,17.44239352,1118,afternoon,78.84762806
4520,123,55.12926423,10.14572575,1115,morning,15.17945214
4521,107,54.69400298,79.55966788,1350,evening,66.4578763
4522,70,64.30127878,2.492181712,1177,morning,6.858663409
4523,46,51.45652443,64.32559354,1338,night,18.36790914
4524,54,63.23323715,33.5744994,728,night,8.707283555
4525,72,47.7342883,72.38138113,1012,night,7.604297851
4526,84,73.26667234,12.02531723,513,morning,58.34724315
4527,48,75.56786308,33.00439423,960,evening,37.57705178
4528,49,63.45145163,1.703690379,1130,evening,2.077635943
4529,118,4.142364694,23.5090994,879,night,42.49184349
4530,105,53.50539129,48.32586522,551,morning,25.52403849
4531,98,11.51730347,17.76134125,1245,afternoon,46.38986465
4532,77,57.6301953,59.96555344,1457,evening,26.99279306
4533,103,82.06665337,11.81466228,1376,afternoon,14.21564299
4534,52,72.84955846,74.52235491,522,night,20.49464421
4535,70,44.62561881,92.1664765,1515,night,4.581400007
4536,57,46.79709254,38.59254662,853,night,11.15839671
4537,70,13.22594204,52.82060675,517,evening,0.677506684
4538,46,50.26731247,48.85133627,517,afternoon,15.63785097
4539,107,45.90560592,78.5395473,922,evening,2.870150555
4540,29,24.87688469,99.41910298,1023,afternoon,32.41893038
4541,101,30.37564803,73.56859792,602,morning,73.09826147
4542,38,26.03645572,21.45302289,703,evening,40.49022974
4543,77,92.95584824,69.60801517,527,afternoon,6.974334159
4544,36,52.38779848,61.57639944,500,morning,21.22235642
4545,90,65.08033244,21.01198857,1029,afternoon,37.34064569
4546,129,68.31920618,24.0961835,1402,night,49.15018499
4547,67,82.24084068,65.27868089,1004,evening,9.980850987
4548,79,81.6092431,80.78186606,1439,morning,19.44977646
4549,61,68.88194646,76.24040635,1304,morning,3.305804255
4550,38,19.57066351,60.64118905,703,evening,38.87824288
4551,122,69.05778223,93.75422875,1064,afternoon,17.11399561
4552,63,42.00832009,73.10455364,1322,evening,1.277557239
4553,64,24.73659306,54.1915956,601,night,22.61373236
4554,95,42.55757961,81.62049953,652,afternoon,47.01857185
4555,112,53.06325165,29.04839793,1127,evening,1.363599037
4556,73,0,26.34927447,1135,evening,15.49156004
4557,81,58.0117363,97.14550951,817,evening,19.72568593
4558,120,72.73645678,94.98217005,1487,afternoon,231.1844606
4559,112,51.7347632,88.05161708,1120,afternoon,7.404367798
4560,50,28.35534062,21.43690969,1136,night,51.30368278
4561,89,62.19882873,58.76889837,867,night,4.732003595
4562,105,49.46040362,53.50500892,1186,night,99.72918613
4563,74,84.82988163,20.31084857,1380,afternoon,10.98891668
4564,45,4.040354582,44.77881709,1369,morning,4.719406577
4565,98,0,46.51458554,1405,morning,14.42610134
4566,74,48.01835641,24.06226387,499,afternoon,0.459963509
4567,109,40.78180251,95.48808204,909,afternoon,3.4579335
4568,94,55.38798817,49.27149916,1379,night,20.56425996
4569,52,58.33936296,52.48918636,1045,morning,84.71650419
4570,48,80.39118681,59.85788921,503,evening,17.65957041
4571,114,45.17970575,88.69524391,606,evening,32.38430927
4572,134,58.99743152,53.33096843,1326,afternoon,36.8352482
4573,126,23.69140381,54.09657645,503,evening,1.117357424
4574,106,99.30176837,24.01933351,920,afternoon,11.66187925
4575,78,72.12018388,60.28171913,1289,morning,174.7324702
4576,91,67.65092518,38.11495316,730,afternoon,0.210945259
4577,32,33.85817434,64.67814958,1469,morning,19.05614614
4578,38,77.24775038,30.07463565,590,evening,54.50251216
4579,125,70.26576915,71.57283697,1147,afternoon,10.20763241
4580,114,62.79043278,61.89027845,1236,afternoon,170.7763105
4581,97,47.9550337,47.44839725,627,night,19.9722857
4582,126,28.97077651,9.667243373,569,afternoon,73.60140862
4583,31,48.86943979,62.69681613,876,morning,22.54423584
4584,51,34.2540649,85.92789586,770,evening,15.20714309
4585,58,57.66624404,17.1074396,855,afternoon,37.14651648
4586,130,27.98320372,8.471946533,910,evening,95.29748782
4587,72,35.64628726,3.956878352,1313,morning,14.15261034
4588,102,8.331627277,3.181873781,765,evening,60.0614435
4589,74,60.638519,84.20691734,1175,afternoon,32.32990891
4590,39,58.65588411,72.76149405,713,afternoon,14.27360832
4591,122,39.87577189,20.22983349,1138,morning,1.712531685
4592,48,1.203182023,91.71175298,1053,evening,11.1929812
4593,75,16.24640516,13.5339814,563,afternoon,53.38670751
4594,52,52.010861,37.41627367,1015,morning,2.999619799
4595,56,70.01120392,45.21083048,1233,evening,25.47136207
4596,69,30.18226513,7.589575172,881,afternoon,21.51336983
4597,80,74.19330284,34.74742019,766,morning,32.50960786
4598,57,83.59064371,10.18806969,953,night,83.90733548
4599,35,59.09284407,78.97743908,1484,morning,41.80105117
4600,64,70.86227475,4.682810871,1441,morning,21.43853262
4601,38,27.47857874,1.713657009,521,morning,53.22154999
4602,47,14.37972165,73.24986833,511,morning,36.2865112
4603,87,87.22049493,78.08483163,546,evening,67.77056634
4604,48,30.19593484,49.56300126,1420,night,38.65852348
4605,31,73.03530167,31.78725891,855,afternoon,41.95323748
4606,47,58.38937332,23.64531292,1362,evening,2.632172208
4607,71,85.20642122,11.70278998,1086,morning,0.114847135
4608,91,65.51430197,48.42301694,626,afternoon,93.44870375
4609,118,26.54572778,49.1089132,605,morning,8.711707403
4610,49,43.07540181,45.59607512,1405,night,5.413265202
4611,32,64.02386877,77.82625988,1157,morning,5.184850002
4612,59,39.0218485,9.977686023,1127,afternoon,40.16984981
4613,71,70.92411185,67.0010024,1492,evening,1.425283985
4614,99,51.92280874,40.15673229,1052,night,32.45474969
4615,36,71.32209333,24.09498865,589,night,25.42106965
4616,89,72.57978394,68.15941119,1365,afternoon,4.780486919
4617,61,56.2090969,19.76778989,864,night,4.366285609
4618,55,47.30966747,23.09169936,771,evening,4.269734994
4619,107,39.29151797,99.85456537,544,night,9.013633842
4620,38,27.08756936,88.86687261,906,night,30.79902362
4621,44,84.39523279,69.71391184,1482,morning,6.95370818
4622,106,51.59708179,31.57627579,829,morning,32.37090901
4623,76,45.04963397,53.67183491,928,evening,106.9509648
4624,119,45.33503873,12.66157952,1127,morning,59.43612056
4625,51,48.9463015,33.39515191,552,night,47.99623629
4626,74,40.20201395,6.797053619,1033,evening,89.35789589
4627,71,38.56921878,61.03183314,898,evening,28.43900156
4628,94,22.71471851,85.74957417,1352,afternoon,43.94242511
4629,83,50.92357448,80.95513011,897,morning,44.60692583
4630,110,76.12170508,85.6081269,731,afternoon,110.1194221
4631,86,35.5490114,17.45997186,1286,afternoon,31.25362133
4632,106,61.04016806,65.00846114,552,morning,9.567190429
4633,67,61.5001016,95.67420382,743,afternoon,6.532515937
4634,72,58.03499058,78.32511646,1370,night,10.9885296
4635,106,87.48868914,0.33903788,1107,morning,43.03343125
4636,86,62.0356221,88.23066116,1357,morning,32.06171992
4637,75,51.34403134,70.577985,586,afternoon,7.425156948
4638,120,56.70772529,12.20620559,1463,morning,58.94732076
4639,75,66.9219524,31.38225827,720,morning,119.4323148
4640,54,84.7998159,11.75148123,692,morning,42.46679855
4641,87,45.21382911,72.98104978,680,night,1.923514144
4642,53,53.59044748,0.352388641,921,morning,29.62905902
4643,127,111.2200263,46.45221814,1370,afternoon,83.26985105
4644,125,49.01919077,99.98089734,1282,evening,11.26104888
4645,60,48.18416842,85.11305333,697,afternoon,26.41547529
4646,41,33.20914209,58.72217145,1122,night,7.723697632
4647,72,51.67522659,69.3934144,1333,evening,63.77998545
4648,33,48.51645162,60.36387909,1424,evening,61.2021896
4649,110,57.86520834,81.08459469,1100,evening,13.59818503
4650,40,55.41448258,88.59848237,1191,night,12.90938977
4651,40,10.52838173,76.6592383,792,morning,0.003027631
4652,85,23.8613204,18.19625295,1517,evening,11.4574683
4653,78,46.77209344,37.25213989,1480,night,45.61811012
4654,43,41.49578131,78.44082122,1028,morning,0.870889389
4655,29,29.31122286,82.31775801,876,night,6.797417514
4656,129,13.19622581,62.88027342,953,night,39.30986264
4657,55,82.49360723,71.4145221,643,night,31.32297662
4658,78,82.14349775,17.44985629,1105,morning,129.4926527
4659,38,65.14229695,37.26658072,1052,morning,14.85932202
4660,93,38.28682039,53.46362815,1005,afternoon,4.291192492
4661,44,79.38674289,98.3708406,1493,evening,32.78300385
4662,33,35.6198384,79.92155902,556,afternoon,2.469717927
4663,47,58.70454835,19.26197698,1117,night,3.72456417
4664,88,34.19758439,35.24065404,673,morning,25.17426699
4665,94,50.48411398,21.68982928,1505,afternoon,19.15837829
4666,121,59.73417695,15.22590891,1478,morning,9.179731621
4667,101,20.05625431,11.9980091,1271,afternoon,19.50081818
4668,107,41.55214791,96.57030409,1353,morning,60.82140457
4669,39,55.01874323,90.6633566,919,morning,38.72911733
4670,46,24.91465714,48.32442659,1203,afternoon,18.19817354
4671,57,31.14267392,54.8544634,1241,morning,11.1902687
4672,28,55.02349801,83.86227499,1063,night,26.1815145
4673,77,39.30696672,64.88383596,617,evening,0.086105432
4674,79,25.40812807,73.26579169,966,afternoon,39.62361608
4675,53,50.59269001,79.11418694,1319,night,48.65261512
4676,121,58.70065558,48.30287573,1246,afternoon,3.894607924
4677,115,94.88686787,97.47928911,1473,morning,15.45622844
4678,128,51.68492197,62.83649714,658,afternoon,4.702173316
4679,112,50.22113104,63.34852517,1397,evening,89.16316074
4680,60,44.30919095,14.10451364,850,afternoon,52.45898394
4681,52,72.98251783,98.77372121,582,night,0.608304116
4682,95,56.51829518,7.077553481,1112,night,105.5822422
4683,98,66.71445891,98.56363508,567,evening,4.588422342
4684,59,54.44908219,91.05655852,1016,afternoon,2.632345131
4685,113,68.28622518,85.64202717,967,evening,0.994537185
4686,40,57.5616554,67.35986943,1107,afternoon,46.91385072
4687,32,21.8401645,60.88580893,1185,evening,77.81253955
4688,133,44.2355662,99.66200175,1475,morning,3.015278579
4689,48,44.84919745,97.39974862,528,afternoon,122.7927165
4690,91,58.8677584,81.18330836,750,afternoon,11.38776545
4691,53,53.05307078,8.6861476,1380,evening,34.07491959
4692,90,76.60802866,37.21666126,1271,night,128.6358494
4693,83,57.96079108,86.59278098,969,afternoon,0.25594864
4694,104,59.431187,70.25203251,1319,evening,23.74170413
4695,80,29.71785048,12.20042035,1415,night,32.01223565
4696,46,53.00217727,34.82485413,1092,morning,13.92597248
4697,90,45.70502042,1.942550418,1006,night,3.495105466
4698,83,8.703248728,89.28032675,801,night,29.11608806
4699,55,23.73548647,74.70052856,1434,night,1.44424798
4700,56,64.45980716,43.58608606,536,night,77.08978987
4701,32,63.06572373,76.03881025,1194,evening,18.60056922
4702,52,38.21368584,93.34221937,1360,afternoon,72.33031132
4703,61,38.83006971,27.98916927,1032,morning,54.33727305
4704,53,27.3302515,28.58168411,986,night,0.109441915
4705,55,69.79619287,48.26514815,1057,evening,18.44219885
4706,123,33.81193054,70.68996275,603,night,65.62478308
4707,40,38.59200253,99.30374353,1406,evening,13.9656731
4708,52,70.31222154,16.29314554,633,morning,11.71221989
4709,46,69.91098448,34.21355649,887,night,34.71128388
4710,58,46.4051263,36.34399777,501,afternoon,36.62850587
4711,37,50.25236528,72.58239728,885,afternoon,30.91404052
4712,109,59.41992784,88.65977959,1416,night,13.5477475
4713,102,41.80617467,18.37951384,1491,night,1.972192071
4714,42,48.00393134,71.36503573,1376,afternoon,76.92006238
4715,58,46.07755252,90.96220158,555,morning,11.44725893
4716,46,63.74114639,12.1295669,1251,night,47.63572262
4717,133,78.33967547,63.50599801,691,night,13.00089865
4718,114,72.92238609,20.23840642,1362,evening,20.4807191
4719,73,70.32483297,44.11409188,1276,night,14.03640198
4720,103,28.09480459,12.68087373,1185,night,2.544650625
4721,121,75.84658707,68.36191927,720,morning,11.98958396
4722,127,36.47479929,40.13753799,650,evening,93.4882644
4723,35,14.35937207,56.72526939,826,morning,3.507379952
4724,37,33.01668492,52.35423244,569,night,24.34722173
4725,91,48.16511991,69.39848028,1003,night,103.6438653
4726,37,9.252658371,89.55783398,1318,evening,0.621758863
4727,87,64.2390845,27.97493384,876,evening,2.150996694
4728,55,66.64299085,59.51668138,1172,morning,71.94535487
4729,26,42.35496647,57.37663787,731,night,39.90418208
4730,90,26.67901394,31.51453192,1287,night,23.64505207
4731,36,68.46257023,49.95861547,1391,morning,23.07766996
4732,78,31.53206272,4.045317364,828,morning,110.5297516
4733,82,17.58933484,42.69330718,1027,evening,0.6352975
4734,99,48.71078261,27.05268861,1125,night,9.460906743
4735,70,50.53251956,86.39756501,729,night,11.43016064
4736,53,56.268952,35.77916881,758,morning,3.817696263
4737,63,65.35793514,19.22097267,1064,night,13.25879721
4738,134,67.79461239,52.96712254,1376,night,13.880662
4739,39,24.71688407,81.09644476,1525,evening,95.67973504
4740,40,9.231675953,35.40457589,578,night,17.50299516
4741,66,59.19427906,84.68304108,1233,evening,81.89634805
4742,93,50.99290989,32.61295576,1344,night,49.82785135
4743,85,40.84041038,73.55980331,1008,night,40.04956134
4744,51,47.10339105,11.52511775,1194,night,12.03777588
4745,46,33.27437331,6.220055165,1266,morning,16.70490379
4746,74,84.54351292,73.75759057,1385,night,1.367550795
4747,73,9.773235749,36.8398214,1173,night,14.21297697
4748,87,58.46521196,39.29952742,1235,afternoon,61.30043916
4749,63,24.29756115,57.41526471,1496,afternoon,45.61248227
4750,99,36.77932867,98.68701599,874,evening,49.56464963
4751,122,41.21738939,17.15098018,498,night,7.515465533
4752,130,30.36661667,29.98540786,641,evening,7.073061596
4753,104,45.46613752,64.87036516,1465,afternoon,32.66062723
4754,51,0,70.09633056,576,evening,31.60347737
4755,86,19.33804295,70.6145259,619,night,6.518950015
4756,49,12.90196754,59.54052681,987,afternoon,38.15114877
4757,101,25.57503071,58.82838644,1518,night,14.15540194
4758,37,34.08978653,14.81069496,533,evening,65.35865728
4759,36,49.87898123,83.46253729,1211,evening,13.59925517
4760,88,37.13245669,0.889581122,1224,morning,7.839430701
4761,105,32.60583519,41.75772607,798,afternoon,6.539680405
4762,83,39.52084898,21.54092518,827,evening,68.54212681
4763,122,36.0377393,10.4339913,586,afternoon,58.98969234
4764,114,42.57258236,31.94908049,1439,morning,16.6468718
4765,108,43.31890672,65.71872929,644,afternoon,8.261582189
4766,104,34.40489377,49.70829103,1097,evening,10.04500264
4767,91,18.49897331,87.35258619,904,afternoon,14.58164265
4768,126,49.03991894,59.96854546,847,morning,1.360840204
4769,117,66.71391272,25.3134036,906,afternoon,2.089915947
4770,44,28.78713283,51.52209453,1053,afternoon,78.70882489
4771,109,47.80930569,22.73858038,1211,afternoon,43.58809875
4772,27,41.12577509,17.86564751,562,afternoon,50.45761379
4773,52,61.60262356,95.50205254,1256,evening,19.53966362
4774,59,32.65349324,46.80328323,732,night,13.62292701
4775,76,45.68191392,65.12080907,485,afternoon,2.894328791
4776,74,47.52637426,87.34322772,1268,morning,24.49914514
4777,102,55.09129508,32.2177652,938,afternoon,40.80227856
4778,90,27.97432045,78.90252401,1299,morning,6.541362669
4779,83,56.08051192,78.88269344,1334,night,14.78764624
4780,30,39.34644796,82.40119023,656,morning,78.64794414
4781,99,60.28472844,18.94645443,1245,night,55.68906507
4782,86,42.04355071,96.28402342,1082,morning,48.02831244
4783,93,75.05766556,27.47812946,601,morning,1.206998233
4784,32,17.81384448,77.68147737,732,evening,5.430500284
4785,94,60.8675417,16.23058996,886,night,10.96027134
4786,102,56.25983485,92.42270586,1357,afternoon,10.85683694
4787,40,59.2205016,42.78452977,967,afternoon,4.142045843
4788,104,71.06328985,66.86534519,898,evening,10.25137577
4789,80,14.04259188,85.01918213,873,afternoon,16.76606843
4790,110,93.33083244,28.23865161,1455,evening,1.516862169
4791,96,60.37903367,38.89960125,500,morning,15.48405927
4792,133,88.58619823,31.33892076,1067,afternoon,20.58714559
4793,64,87.30257827,28.2870514,1237,night,1.253879913
4794,50,58.5651019,51.03014498,1048,morning,33.6440151
4795,121,55.15706056,54.67449937,498,night,2.494356797
4796,49,64.99029829,7.682275519,756,night,31.31726777
4797,86,4.3786629,67.32928604,715,afternoon,153.8995279
4798,96,48.2387875,42.0001312,1444,afternoon,1.876185837
4799,43,69.37773575,88.95293401,1193,afternoon,9.531036668
4800,40,80.56043781,88.55224169,1052,morning,4.154790575
4801,115,43.71039034,72.00927834,1004,night,13.82448097
4802,90,57.21318335,85.3783188,1463,evening,54.10167272
4803,47,61.45082011,92.25140869,1037,morning,79.54199672
4804,49,48.35501619,57.73288703,1374,evening,54.92529398
4805,108,31.32820179,97.19063592,1307,afternoon,35.23898167
4806,105,36.75073084,95.53988614,1063,night,37.89233908
4807,36,29.10677201,10.98826646,1307,afternoon,3.851205058
4808,60,19.75200849,52.27550364,1306,afternoon,8.578678078
4809,76,46.60605443,11.44674643,1037,afternoon,13.571833
4810,131,94.3350272,68.4133565,633,morning,1.543170794
4811,90,54.93048596,76.52757859,1008,evening,51.71968149
4812,35,44.26050844,88.46779662,1269,evening,8.858448297
4813,95,57.45730378,65.00095385,1198,evening,1.611193979
4814,75,33.48274911,45.39927755,800,afternoon,2.276784185
4815,107,16.78385457,15.59369887,1028,morning,104.6946628
4816,121,36.21612633,12.51039817,879,afternoon,72.90722847
4817,126,27.39453365,48.56672886,1286,evening,95.63718164
4818,34,13.02249928,83.25477018,515,night,94.19305388
4819,46,38.99624336,75.07187304,1414,morning,48.1983475
4820,128,59.76238118,88.08017613,1010,night,9.687617538
4821,33,57.89340239,81.09902106,960,morning,11.78102463
4822,26,55.42546906,20.54665557,948,night,15.4250219
4823,52,83.38723018,20.03244104,1068,afternoon,46.11389107
4824,100,38.95235396,45.80133007,1262,morning,78.42588763
4825,35,58.65626915,19.11557322,1208,morning,17.41117781
4826,88,42.23354531,18.74742695,1353,morning,10.76360621
4827,83,78.43749436,26.77789359,530,night,8.34572595
4828,57,33.83037594,2.256718675,1001,afternoon,8.890348823
4829,44,64.86684696,57.13426644,1010,afternoon,0.207241122
4830,103,54.99523357,39.66067774,1108,morning,8.00236606
4831,73,74.38661623,23.73958162,1131,afternoon,10.48324301
4832,99,50.1850822,13.42239035,1317,night,44.82816568
4833,99,45.26743859,45.58502677,1004,night,23.85728025
4834,121,42.85272232,60.19583899,1083,morning,12.06348847
4835,91,46.93561368,97.32773334,588,evening,27.27027308
4836,39,12.69461678,25.38238662,730,evening,46.57951678
4837,63,39.57387369,2.633490882,1435,morning,28.25186601
4838,115,38.35908222,73.60151068,1415,night,2.18490921
4839,81,27.1923683,23.5169576,719,evening,8.27278758
4840,45,38.77905967,48.42636629,1106,evening,10.10046984
4841,46,32.04133413,80.82251993,524,evening,13.52642323
4842,111,39.73175057,3.69768529,611,morning,0.748013175
4843,121,62.48927734,14.15192565,683,night,40.91288623
4844,83,62.53938663,9.817604918,1333,afternoon,19.0669651
4845,40,81.57354114,23.37263779,1414,morning,68.06919317
4846,65,56.16227976,17.30318837,655,morning,21.87457985
4847,105,19.59131964,31.66018265,1027,night,133.1024272
4848,124,43.41592379,74.63045977,1089,night,36.18870991
4849,55,37.21867291,4.234374498,980,afternoon,65.37575734
4850,113,30.35160258,7.376388423,1060,morning,108.674315
4851,68,71.45892238,56.43238286,1111,morning,19.14596255
4852,49,59.09004805,52.02597538,608,morning,30.08112315
4853,74,51.40644522,47.40750733,848,evening,73.61529043
4854,92,20.31971509,51.59089347,1409,night,25.69128407
4855,75,48.36132123,74.20388889,1051,morning,1.627128576
4856,50,96.52613371,57.61140385,1437,morning,35.81928627
4857,111,33.26433887,45.69731409,1289,afternoon,82.34247802
4858,41,45.6384909,8.175099464,694,evening,45.58340225
4859,93,77.77645959,97.4771114,613,evening,47.00023965
4860,40,41.22795773,23.93336484,1072,morning,2.477141983
4861,112,40.80458396,86.91579142,1068,evening,40.1121904
4862,87,45.42602556,37.89777076,1303,evening,0.983567267
4863,93,56.93186865,68.39364918,887,afternoon,80.06399995
4864,117,31.28811448,45.41297132,1050,afternoon,73.70887144
4865,83,68.46620719,35.41627518,715,evening,117.7828535
4866,63,42.11241143,61.43050509,1030,afternoon,10.8375256
4867,68,54.12607479,53.61064161,736,morning,23.31376471
4868,83,41.66576731,23.2432407,1233,afternoon,25.93670935
4869,56,23.28927819,33.62417989,1000,night,24.40697668
4870,52,6.084264618,3.437678864,900,morning,15.93939361
4871,57,54.57425186,19.35836287,960,afternoon,130.0505075
4872,45,13.68419137,33.58330095,1457,evening,65.32970533
4873,48,65.28833759,97.21213096,918,morning,28.27530977
4874,40,52.54264664,52.70889348,706,afternoon,31.30146516
4875,41,90.48412075,70.07962226,1166,night,37.57896949
4876,56,38.32555883,67.36003663,1264,afternoon,27.76724839
4877,53,84.69284412,98.08879289,1092,morning,36.88089022
4878,87,44.18290782,55.56652793,987,afternoon,50.86557919
4879,80,68.58138228,58.54944273,1093,night,114.3346627
4880,89,60.91365442,30.00701767,799,night,56.72755266
4881,54,13.31852198,62.6117836,1171,evening,4.155562623
4882,133,113.869736,75.7724422,1206,morning,23.71618254
4883,85,82.37041892,10.32533807,1122,night,29.98274157
4884,63,57.95110712,48.01247294,1228,night,9.266618577
4885,102,76.57616177,42.19002038,521,night,19.36058591
4886,46,55.4782792,11.35844997,754,evening,80.95461694
4887,94,67.72162224,34.12877877,561,morning,8.991955814
4888,81,53.13244229,53.51786402,1204,night,11.45035706
4889,88,29.17214521,64.98693763,535,morning,71.6732913
4890,52,47.96591838,28.88943854,1417,night,2.973587115
4891,41,39.53220729,47.62995915,788,night,63.64948694
4892,38,62.64649649,73.40794689,563,morning,10.86442272
4893,92,28.9232081,42.22477481,1082,morning,20.70070644
4894,32,52.95550516,94.07731166,964,evening,30.88795225
4895,39,21.80990184,3.07061597,532,evening,31.19200907
4896,65,65.41702323,26.02272585,884,morning,117.3315384
4897,53,25.62136859,13.33912372,588,morning,1.061792793
4898,41,62.07307034,54.12906722,1224,evening,36.50322624
4899,53,52.3585849,17.7373508,1091,morning,56.04975686
4900,91,70.85611168,74.18404264,639,morning,26.62593203
4901,50,46.97353858,91.83500186,1388,evening,111.5488432
4902,49,66.27870761,20.71996556,1313,evening,16.22133666
4903,45,52.9780283,90.67631076,713,evening,41.57228193
4904,27,58.56560858,63.1755227,885,night,34.78604643
4905,114,14.1653303,19.61706469,1064,afternoon,0.955959776
4906,135,37.12647379,73.65454784,1495,night,24.14187125
4907,55,46.73877553,9.087367588,1309,morning,9.070430337
4908,35,77.40688599,69.21482253,658,evening,22.57097458
4909,30,56.91773596,86.12613218,526,night,64.64418956
4910,94,15.62223246,95.03760201,524,night,29.83781805
4911,69,58.75634097,5.453111737,1088,morning,27.03384214
4912,54,32.45428122,6.193558821,544,night,33.48247
4913,103,34.19375098,93.04048883,1356,afternoon,22.54347748
4914,95,48.8371334,78.95925722,1066,evening,17.81483497
4915,90,55.5342832,77.42671667,1028,evening,14.07305273
4916,63,34.44635812,74.26217293,1085,morning,36.1266631
4917,41,15.06470147,71.73296159,882,morning,44.84752005
4918,58,46.45694769,61.32228783,1455,evening,16.50982319
4919,54,45.52192272,81.27400445,1435,evening,1.341446983
4920,108,78.67128024,3.417240078,1309,night,23.50183976
4921,111,50.85406801,74.03021085,1067,morning,25.57347275
4922,60,73.57615085,58.29174999,943,morning,19.56007315
4923,57,92.32283476,90.74590918,987,evening,13.38523677
4924,101,27.85488248,93.63738408,831,afternoon,67.87729213
4925,84,79.41188273,24.13305083,627,morning,19.68230671
4926,76,68.64900531,78.94600852,833,morning,48.12892333
4927,119,5.638904057,95.69987273,738,morning,30.46092145
4928,95,46.24050349,26.66495167,1385,evening,46.40192514
4929,129,64.11146235,85.10847431,1026,night,63.03021936
4930,71,56.75748399,58.65296572,1345,evening,8.365254523
4931,86,83.15073442,39.49951858,624,evening,52.92557112
4932,67,61.80580687,82.3609398,730,morning,38.30735012
4933,51,21.40426702,87.02990615,945,morning,24.70265804
4934,95,65.85232095,28.26468067,1413,afternoon,23.62133239
4935,72,27.13748767,79.44629621,833,evening,11.19370195
4936,31,38.94750793,4.966148222,764,night,23.33734678
4937,117,71.9663673,41.76625827,1404,night,14.55227835
4938,109,69.71139235,6.978526298,625,evening,65.89542286
4939,81,50.76672232,29.38356388,1310,morning,26.17368337
4940,124,35.50944224,95.03649445,948,morning,10.65869922
4941,67,45.9969278,73.47374482,1471,afternoon,4.677669054
4942,109,47.75584199,75.55995192,1146,night,35.52363654
4943,98,38.66652863,13.44863827,1006,morning,32.78329509
4944,66,72.70951592,57.8685904,1003,morning,13.39112579
4945,71,41.69115616,38.88354265,934,morning,5.308306416
4946,71,44.76540339,73.41801546,1307,afternoon,37.78238037
4947,35,45.31309663,15.70857094,642,night,9.457546914
4948,48,63.9437405,28.19212505,1463,afternoon,59.41733495
4949,51,55.08588594,89.85727745,1008,afternoon,38.86396089
4950,29,54.36531366,16.97796166,874,afternoon,66.87815795
4951,54,31.14740037,63.24120111,922,afternoon,125.1866314
4952,89,54.69532203,31.51518792,1161,evening,12.51163452
4953,61,64.92164658,8.188528618,1120,morning,21.03919787
4954,109,43.11195965,22.36823912,680,afternoon,15.51417446
4955,99,52.91817656,86.94093308,1036,night,2.423102389
4956,118,68.41540962,91.05495776,890,afternoon,15.57429587
4957,52,33.97173994,41.98335932,1140,afternoon,17.59866238
4958,47,34.25314729,62.0900936,747,night,5.712861911
4959,81,47.58912773,52.04980967,1246,afternoon,64.4476856
4960,74,65.60116853,27.96940528,1180,morning,10.377857
4961,45,0,34.47953184,1340,night,42.63656323
4962,70,46.08839067,52.68204891,1174,morning,2.380054566
4963,112,35.90639253,69.53620457,969,night,0.916514898
4964,82,57.14903173,34.98561724,1214,evening,162.0148196
4965,88,48.03243582,69.89148752,1226,morning,3.938073824
4966,73,72.8554472,96.09808169,734,afternoon,43.55495193
4967,120,62.99416267,2.455715769,1493,afternoon,27.82940772
4968,38,45.44751249,16.38370293,900,afternoon,18.09660909
4969,115,29.63223564,91.6271208,1408,night,1.128585328
4970,85,56.99162731,7.156971006,615,afternoon,11.95298819
4971,44,44.01273226,76.50467521,1062,morning,69.10474951
4972,87,45.91187714,62.39782525,874,morning,70.66456792
4973,114,26.75163128,4.770090411,1362,evening,27.46612398
4974,46,53.05294676,0.072746507,1269,night,25.64704282
4975,76,39.85301697,50.19991425,578,morning,16.63278875
4976,69,41.8605895,11.73454258,944,afternoon,44.82507041
4977,96,0,87.22155592,1051,afternoon,64.35327462
4978,112,50.6678089,48.07746586,916,morning,39.0043341
4979,111,30.97139589,23.44439613,1065,evening,22.35127929
4980,40,60.31937202,16.82048824,556,evening,30.20235264
4981,92,51.42210148,83.5772618,753,morning,7.443868671
4982,84,20.60720739,71.87387593,1271,morning,142.0876117
4983,74,47.92794844,71.79627728,956,night,82.40449157
4984,101,54.29875306,8.530674769,618,night,94.14317014
4985,104,91.73309075,62.45178002,512,morning,5.476121293
4986,97,61.98735191,86.94825831,1164,afternoon,31.73404418
4987,129,24.17357694,76.5900629,1364,morning,32.04336962
4988,91,88.86360981,11.81566859,1275,night,13.15962949
4989,105,44.50241196,94.92793696,1406,morning,60.11447502
4990,55,44.41605992,6.973437272,1040,evening,45.74482278
4991,67,88.83783802,55.69043155,963,night,38.14787077
4992,46,37.43078797,94.50123322,530,evening,0.879464974
4993,56,46.85726965,82.22567286,1406,night,139.8925841
4994,120,17.37335725,68.08289947,1306,night,38.01505109
4995,59,49.21846401,85.63436648,520,night,104.6450149
4996,41,46.97906863,67.32813153,894,afternoon,2.723347919
4997,38,42.04332871,5.494881476,995,night,35.55938437
4998,45,53.16623017,35.08719454,861,evening,40.97244285
4999,49,33.62003787,42.71225285,937,night,2.005733853
5000,99,79.29090194,54.6377261,1491,evening,1.999616504
5001,66,50.36750875,22.9640439,939,morning,43.09809882
5002,37,34.60243958,88.11724199,1423,evening,47.93707676
5003,54,22.15030337,22.87006626,1107,evening,72.29783084
5004,74,50.94646504,65.75936644,856,evening,44.35762913
5005,33,68.36899928,87.66074342,1077,night,8.247768302
5006,97,57.12370756,73.28130581,1141,evening,103.926125
5007,93,89.71027907,13.60126317,1017,evening,9.328052287
5008,107,90.14394978,95.1394185,885,evening,38.97211365
5009,73,24.41620173,9.191658072,1471,evening,22.61082158
5010,34,20.18615705,20.00672397,1408,evening,3.913792766
5011,58,34.6054822,13.9243094,676,afternoon,78.57194996
5012,78,64.10698157,66.69170546,914,morning,26.59658728
5013,88,57.80012188,80.74100748,595,evening,2.889250833
5014,69,70.21576134,23.80158623,1073,morning,14.50389651
5015,60,29.2874642,97.92484896,545,night,43.44469242
5016,125,14.52276631,13.92437924,725,evening,28.90305348
5017,33,38.17258083,31.58685147,1380,night,7.588576886
5018,120,61.7317355,49.03092333,933,afternoon,25.27869573
5019,85,53.23348931,80.88475894,722,night,11.08250822
5020,120,74.91191586,37.6542531,1004,night,22.47689855
5021,122,35.76129461,17.98963494,1293,night,11.480361
5022,59,69.91115838,46.49362575,1220,evening,20.57199397
5023,111,37.85798044,47.64952893,968,night,55.38590009
5024,33,65.56721315,1.620520113,720,afternoon,7.14835612
5025,48,65.2362135,2.088839384,987,evening,0.05371717
5026,53,81.5160416,27.76388002,1289,evening,5.052444717
5027,64,23.21848997,74.12208208,1164,morning,55.32757633
5028,39,77.6663782,36.59902985,1116,night,16.08723795
5029,75,58.91957782,21.1204386,626,night,40.38446314
5030,58,51.20683394,11.29746368,486,evening,0.937337947
5031,93,47.33332466,28.0522228,1398,evening,4.746942525
5032,99,48.54423502,48.14392205,1214,night,25.24593394
5033,78,50.78849645,9.337947107,1306,afternoon,38.22153062
5034,69,17.82417319,1.493393479,1415,morning,46.51891537
5035,84,54.88078909,12.73070419,1002,night,30.90188982
5036,34,53.02871394,73.79795278,881,evening,42.40170029
5037,102,36.84138105,46.63097374,1070,morning,5.436745104
5038,42,50.65700386,44.51672451,1059,morning,32.20360378
5039,78,72.06634459,1.975262501,918,night,16.6168184
5040,97,37.70370436,71.09444806,539,evening,73.90820995
5041,81,27.21709248,20.19088894,735,evening,28.65755072
5042,73,35.54613786,9.086550929,1412,evening,23.40487867
5043,123,8.270154649,84.20329045,994,night,25.90108571
5044,119,85.8141906,48.56079557,1272,evening,53.39236125
5045,97,33.37228582,74.89330813,955,night,0.340136337
5046,75,75.25515558,82.18848961,914,evening,59.04089141
5047,65,25.1907877,96.46169749,1328,morning,0.888643539
5048,64,37.62662842,62.36994981,1266,afternoon,26.21572436
5049,108,51.281853,6.827803452,940,morning,20.95039696
5050,117,62.87907957,55.76882054,763,evening,13.87785805
5051,43,48.60530021,50.95226382,895,morning,4.133752319
5052,123,19.20937468,5.756379816,652,afternoon,3.974123775
5053,74,48.89023277,30.63020604,1296,morning,40.66232182
5054,78,75.18582216,41.21780002,1126,evening,3.614090173
5055,26,56.51490936,16.09753307,1463,evening,34.87091855
5056,20,94.31419987,0.876164319,515,night,139.0882434
5057,90,53.42828263,75.69782375,609,evening,34.36053632
5058,58,70.26461438,85.16344115,975,afternoon,2.34573861
5059,55,60.50437399,22.91016516,1280,night,23.43045147
5060,45,37.33402891,0.380033807,1192,evening,53.95239826
5061,25,48.76678748,88.99369474,537,evening,92.77424533
5062,65,72.25451857,13.39599816,511,evening,39.02066407
5063,85,43.06109855,40.3229409,950,evening,11.1174291
5064,92,57.99022675,36.59662475,543,morning,8.676841141
5065,120,37.5736438,16.42614006,1079,night,45.94935517
5066,65,68.58276889,59.88105618,773,night,42.85291813
5067,54,51.65396734,91.85420901,844,evening,19.98839305
5068,36,67.29373851,51.37233338,741,morning,2.724410923
5069,40,74.90674845,97.29123868,648,afternoon,33.44567693
5070,116,63.43170595,19.07717594,633,morning,26.78069962
5071,132,46.38711067,84.85023539,1096,morning,0.357842176
5072,59,46.75320483,25.69080788,1204,morning,30.85222497
5073,77,7.887149487,25.05415075,1331,night,4.259980981
5074,119,58.56671638,11.7691456,672,morning,52.43179798
5075,50,70.98876848,86.36330067,963,morning,33.5868367
5076,72,25.23776313,72.50587313,946,morning,1.592290939
5077,83,46.86783266,34.16568336,652,afternoon,22.76744918
5078,100,46.46210406,34.94168096,1098,night,49.10264717
5079,75,59.27680113,84.47946118,624,evening,53.1564027
5080,41,52.93338664,92.75817379,988,night,2.677470003
5081,120,31.76139074,60.24259109,1346,afternoon,2.465702692
5082,109,82.22423304,40.68393546,596,morning,44.74930276
5083,93,16.63326562,5.314362068,999,morning,7.944534099
5084,82,37.87829438,12.65650148,1220,morning,27.0441257
5085,57,23.364879,14.17878226,1269,afternoon,28.15948454
5086,137,57.11473901,27.68033445,555,morning,29.81229256
5087,109,59.28802306,25.70318229,1446,afternoon,12.36902815
5088,92,47.66489248,54.28816478,1368,morning,1.221555931
5089,113,25.74889143,94.40998805,1163,morning,23.13208181
5090,86,31.34719154,86.16610219,1218,afternoon,21.70872279
5091,101,67.84403131,50.91630037,1266,afternoon,17.02933432
5092,63,48.4047487,1.729825979,1339,afternoon,9.835842888
5093,93,40.90532405,6.839890324,742,afternoon,55.55361172
5094,128,36.06875178,86.03509071,552,night,13.8656508
5095,115,47.60203632,28.36300266,645,night,4.06769248
5096,113,61.38734694,31.80904177,1361,morning,42.57940906
5097,93,45.10493088,13.97774562,1161,morning,30.34104974
5098,85,58.65661603,22.31134154,1428,evening,11.09511786
5099,75,18.74507846,24.71881685,1323,morning,4.915858749
5100,41,72.68732348,41.20934653,1221,morning,17.37668616
5101,37,49.24080127,62.31455115,1308,morning,2.046276907
5102,50,30.3863312,35.31560837,1027,night,7.560139321
5103,84,58.81716536,44.9863267,963,morning,99.69794853
5104,99,53.61684084,18.19000969,607,morning,4.89304988
5105,110,27.53088766,5.638970701,758,evening,9.646683498
5106,106,47.56900058,34.82403767,968,night,4.488788293
5107,55,39.64450261,6.249146377,1284,night,72.91315067
5108,40,24.64526105,29.97201378,1475,afternoon,77.64251053
5109,86,41.56790581,83.75987884,1048,morning,1.83936185
5110,74,29.09375713,36.69308432,581,morning,68.54888875
5111,98,25.53634779,19.32617656,1256,night,4.605829827
5112,124,59.94185231,90.20675434,1112,afternoon,15.18967839
5113,32,56.11419921,63.93493423,1379,afternoon,26.47803339
5114,91,44.86405073,98.82518015,1024,evening,18.61988855
5115,71,5.167185817,30.02514195,1043,evening,4.382699171
5116,82,48.57009267,20.03690738,1321,night,47.04600158
5117,80,65.20989201,29.79402831,693,night,34.88645865
5118,109,74.21901207,81.24923592,1067,night,85.00953978
5119,108,70.35157485,15.1528529,1273,night,13.05983314
5120,113,26.20566408,24.10783056,1384,evening,16.88431445
5121,54,34.44476761,70.1632959,1241,afternoon,12.91201984
5122,80,46.66787762,73.80004314,739,night,1.951802367
5123,63,48.46617303,95.88413391,1440,morning,1.696146917
5124,63,50.60746849,98.01516768,1086,afternoon,42.97981378
5125,87,72.39183799,66.3531119,1511,morning,10.05824887
5126,74,53.9091721,36.27946209,856,night,20.03198782
5127,81,74.27454052,45.30141665,603,afternoon,115.8544071
5128,43,34.51983569,43.92677108,1175,night,0.534459498
5129,118,42.21137029,38.73779768,841,afternoon,21.87284351
5130,96,41.51139737,33.82452256,1096,afternoon,21.90821417
5131,61,48.87335543,16.79003274,1173,afternoon,196.075675
5132,75,22.87046104,36.61590375,1453,morning,53.93284001
5133,92,88.42764203,96.92297343,1185,morning,2.074129271
5134,56,51.9288285,88.21563431,968,night,5.127501135
5135,46,27.1307731,61.73266367,968,morning,1.034919396
5136,99,28.25380921,19.28059807,1382,morning,6.575833876
5137,93,51.6060053,87.86647424,1256,night,7.160349284
5138,44,61.84577704,31.18659996,827,night,2.825601432
5139,121,68.79862468,54.57148705,1458,evening,22.47394271
5140,107,50.94626309,91.17947878,1358,evening,110.6802064
5141,73,62.19936565,33.46901056,859,afternoon,48.86234227
5142,48,56.80525684,91.33427338,835,morning,6.821075399
5143,121,47.89896226,23.51283579,1198,morning,45.83541436
5144,39,43.18802106,92.87031038,1169,afternoon,120.9318816
5145,47,50.54097655,35.86654722,523,afternoon,54.09634207
5146,63,47.68136934,37.46012088,1339,afternoon,18.97154121
5147,60,49.87731282,55.30079216,624,morning,9.414035273
5148,73,58.98779215,34.7026473,585,morning,41.33680997
5149,110,82.39767594,44.99824119,1176,night,46.3166139
5150,33,29.91053055,50.13239751,1487,morning,10.56505154
5151,80,51.89668208,49.10195486,1465,evening,7.615146818
5152,33,57.03588649,96.11094554,1050,night,33.45196987
5153,29,42.57343594,28.17884528,1145,afternoon,65.79307771
5154,36,71.59931985,28.45795798,593,morning,0.627898139
5155,114,40.27896809,83.79216899,714,afternoon,130.4945194
5156,59,63.49127956,39.20088418,552,evening,6.390266327
5157,51,75.19057402,7.319714391,817,afternoon,12.89666395
5158,48,57.95348541,48.12539791,956,night,1.631444305
5159,59,46.47631831,55.02289144,1054,morning,1.714248559
5160,65,59.6151198,61.76927347,537,afternoon,9.554637475
5161,105,42.05747561,23.50932587,618,morning,24.97357599
5162,87,35.82547581,97.32594388,1132,night,69.40416126
5163,95,57.32304378,73.70182717,745,night,2.172159288
5164,95,64.99738973,72.01406993,771,night,23.68312451
5165,37,51.92271685,87.28724638,1259,evening,16.14251573
5166,47,61.17596722,2.612756457,1066,night,136.0267085
5167,88,96.1262877,61.31422288,534,evening,6.214653782
5168,66,74.40044342,81.78369089,1360,morning,13.83798524
5169,69,38.70530689,3.437374504,614,night,1.020930306
5170,57,53.70497564,75.61457142,563,night,73.68588415
5171,79,56.04134585,98.96972501,794,evening,29.21923747
5172,96,33.19117709,59.34103496,1031,night,26.59006301
5173,33,62.31238379,42.46923899,625,afternoon,1.498736623
5174,53,34.88347424,45.36083651,979,evening,3.127487793
5175,98,63.45558003,67.94807765,608,evening,46.85865642
5176,57,88.6638367,56.99557615,1248,evening,23.92005934
5177,29,47.4772411,78.75702365,739,evening,6.657185772
5178,66,58.74515134,42.16375621,1467,morning,23.94296144
5179,107,55.83811823,41.73246512,905,evening,103.3692081
5180,129,31.32434894,74.59653765,1214,morning,3.284390219
5181,124,35.27192096,64.55186712,765,morning,105.403751
5182,74,57.18572836,77.80980331,701,morning,44.76141785
5183,49,52.62642438,88.71637244,1150,afternoon,4.67264612
5184,34,47.33276489,26.34058445,1222,afternoon,50.57009964
5185,94,68.64244152,31.50358713,862,morning,40.87980194
5186,116,59.32144795,52.69507416,896,night,25.59401685
5187,101,94.07643354,93.04527908,1139,afternoon,44.66444761
5188,82,31.43119837,83.46878998,732,evening,4.568227612
5189,128,41.99212868,46.84457193,1022,night,38.36334349
5190,40,79.0624571,57.31188878,1433,afternoon,30.7270886
5191,76,83.76146026,71.23101236,1298,evening,10.05088508
5192,52,32.81399071,52.26800852,608,night,35.17152134
5193,41,42.21399594,9.844872093,858,afternoon,34.07549617
5194,106,46.42019459,35.27367874,1214,night,8.19516273
5195,106,78.17139982,4.761227386,643,morning,4.794017625
5196,32,47.28825869,66.98653563,789,morning,13.49517199
5197,56,46.60332721,33.71237843,1018,afternoon,15.2828795
5198,52,44.71273957,73.83626938,624,evening,52.14439915
5199,79,52.17661062,42.97101641,1271,evening,17.1852446
5200,89,56.86877562,4.558832731,692,morning,40.02192386
5201,86,87.56993885,37.96160362,919,evening,18.63591003
5202,106,79.282677,21.86945591,1153,morning,2.084627872
5203,67,28.36287905,21.42907508,1227,afternoon,31.73075321
5204,47,46.24983806,37.76098359,545,afternoon,67.724384
5205,75,50.40803515,97.83263103,1162,night,21.91419511
5206,100,41.12646971,96.00692554,528,afternoon,36.3255859
5207,52,70.05219136,80.34542287,1283,night,45.26598032
5208,99,76.96762832,24.54672503,662,morning,18.89864262
5209,81,40.40492063,76.39291035,1158,night,8.622432235
5210,72,50.24039423,1.536344854,974,night,58.99877596
5211,68,67.94045178,5.63490566,512,afternoon,52.92822657
5212,54,71.36809556,83.5732766,605,night,58.87424721
5213,90,39.92207111,56.42366016,567,evening,52.42353948
5214,88,59.56287358,37.3307675,1243,morning,4.285366886
5215,128,36.13956525,74.04583599,1472,evening,16.06956726
5216,87,71.13252662,11.43629837,548,afternoon,6.378609714
5217,67,35.44894251,28.66864612,698,morning,5.059356179
5218,112,52.24002632,72.76085622,1202,morning,45.6289396
5219,62,40.49993669,20.71688229,1435,night,19.69525264
5220,53,30.34358555,60.06426309,1433,morning,2.852438796
5221,54,38.58717248,44.76632505,529,afternoon,15.6307017
5222,93,43.08377294,20.23638241,1021,morning,150.1688786
5223,90,74.96662903,88.83827098,1425,morning,7.162541804
5224,62,40.57486273,43.55275593,631,night,15.1832752
5225,85,51.4459101,59.88399756,750,afternoon,27.07980859
5226,86,36.5414843,25.30376354,908,afternoon,6.678877147
5227,132,68.41629141,34.6804955,1329,night,103.0363624
5228,100,71.12151146,4.898383855,534,night,30.22773455
5229,103,65.68302704,48.32143326,824,evening,7.817920697
5230,122,42.91390091,34.48460738,1051,evening,17.75040347
5231,31,36.70671418,32.94037711,636,night,13.43077483
5232,68,31.56776435,88.99432909,779,evening,3.913880581
5233,68,65.37772582,70.38698982,873,morning,10.04755842
5234,32,40.80665354,45.72895265,1322,afternoon,24.20412551
5235,59,67.02358069,19.53512073,1287,evening,2.767052314
5236,35,32.90247113,97.32514045,1068,evening,1.48517411
5237,57,45.82789672,7.476529062,678,afternoon,23.38292218
5238,55,40.88901762,13.61060352,827,morning,17.07847702
5239,119,35.70643397,27.03215393,931,afternoon,6.257082831
5240,85,15.09659107,95.45283553,1011,afternoon,37.42202157
5241,86,23.52334,27.88821053,1006,night,2.759403056
5242,129,72.56352252,49.1426322,931,afternoon,9.457687484
5243,42,33.27580127,76.11647291,774,morning,3.203975385
5244,55,63.39703939,92.91856337,984,night,39.01532546
5245,91,50.30282713,60.50900093,1025,evening,30.04899019
5246,96,43.1088882,38.42774028,682,night,6.264441148
5247,116,41.52123086,98.55086501,651,evening,24.45051146
5248,32,48.35810203,2.616262514,1371,morning,35.7684725
5249,116,63.32424158,83.21731664,1337,afternoon,1.043005215
5250,120,25.44442265,27.74298194,924,afternoon,32.64988616
5251,75,48.68298272,81.74518127,938,evening,11.19819068
5252,78,57.69317955,16.21668783,1378,evening,4.359290449
5253,58,64.88447779,34.6818415,1176,afternoon,51.63695627
5254,34,70.20502841,5.597132686,746,morning,27.95210341
5255,26,46.33079952,19.96222561,867,evening,23.72498016
5256,67,21.97241625,60.27923364,1287,morning,54.32146056
5257,52,58.12143762,76.15020564,912,night,9.241109777
5258,121,47.61886272,91.12267943,912,morning,0.4268331
5259,53,74.09545732,11.96855368,505,night,89.11785905
5260,72,54.00100855,14.05728523,1462,afternoon,9.145543399
5261,45,74.29950816,93.87755513,675,morning,30.10027809
5262,119,39.48916352,76.59746593,938,afternoon,113.2099274
5263,111,74.29257081,53.9751456,907,morning,7.982399404
5264,91,53.13525127,47.67255652,871,evening,147.6912902
5265,115,58.35386623,15.77159203,1269,afternoon,23.20836775
5266,68,15.66402346,37.93013384,894,afternoon,95.80260657
5267,78,72.20731136,37.2604771,1476,afternoon,2.699037488
5268,56,46.32476481,64.83464949,1020,night,22.7160932
5269,29,59.90199985,59.89049583,683,afternoon,86.66860194
5270,46,43.43387104,5.971102987,660,evening,5.07134244
5271,42,73.04582765,84.84801395,682,afternoon,9.656072188
5272,126,54.53566759,93.75477301,1278,night,7.165770957
5273,109,52.94227433,78.02083816,651,night,100.9569337
5274,118,87.87223541,17.83843798,628,afternoon,9.176717031
5275,88,0.161668821,17.21683294,1400,evening,3.867596795
5276,63,41.80380777,72.61121652,929,morning,47.80783182
5277,123,46.87732171,44.08676159,1265,evening,21.61582414
5278,103,33.43840681,77.88038554,860,morning,26.74036823
5279,28,56.63936358,7.547901124,1466,night,28.00419486
5280,107,23.22751552,71.64364903,1094,night,28.48035578
5281,90,24.03955506,42.40959569,1332,night,18.16875999
5282,65,58.73675355,3.098489158,1076,afternoon,111.3514477
5283,82,31.7102283,54.51579561,1223,afternoon,5.738766082
5284,117,60.2368545,69.90358505,1390,night,95.00285528
5285,102,38.03218008,52.82395445,1417,morning,10.37646469
5286,34,33.24600262,12.28799419,919,afternoon,6.318607267
5287,37,30.25232413,81.59091207,1414,evening,29.48354131
5288,49,30.96369506,31.70848305,1416,evening,66.72697686
5289,118,41.43309536,92.14598685,760,evening,13.52589653
5290,44,34.04480493,90.68754563,1150,morning,2.352628539
5291,68,47.50086793,20.03624455,1442,morning,23.07066652
5292,83,12.79055194,47.63653833,1242,morning,126.3264992
5293,103,33.05948913,13.73655239,740,night,14.80732358
5294,33,74.9830413,67.77469895,536,afternoon,0.6045567
5295,118,24.85209382,85.1916945,877,night,20.84703931
5296,54,36.73451856,64.8373294,597,morning,14.52273524
5297,51,74.7825092,26.04748488,925,evening,2.070412475
5298,85,49.18207091,7.631474479,623,morning,62.34175354
5299,107,15.55121519,6.926047633,1223,evening,28.93013947
5300,105,61.91371431,61.09280809,841,afternoon,5.024495904
5301,79,73.70984914,95.33286033,678,night,78.09099029
5302,108,49.5148205,69.52781777,932,morning,25.757896
5303,51,38.83174107,73.06261671,961,night,35.05777382
5304,91,15.15679973,32.93003357,522,night,26.27000089
5305,117,40.283717,58.60385563,688,evening,114.9866293
5306,65,25.07339188,31.65999863,652,evening,66.39222965
5307,121,49.83053028,90.16657471,1156,morning,0.499722067
5308,110,66.55477861,13.25139817,572,night,0.440979707
5309,135,30.22005194,63.20244977,1231,afternoon,20.09351628
5310,103,63.69998106,73.08448356,1029,morning,11.30903412
5311,105,14.93255091,69.84901058,1437,afternoon,23.22246782
5312,42,45.04567165,25.73166702,649,night,12.39067484
5313,102,9.820641971,48.60317336,1215,night,63.16238823
5314,72,53.64180329,66.33468314,932,night,5.582555903
5315,31,72.54032744,93.09431322,891,evening,1.769505937
5316,64,41.30123354,49.96599854,787,morning,12.59840265
5317,84,53.2332234,30.05088214,869,morning,4.494711732
5318,73,39.92840294,38.65209337,1509,evening,26.85929262
5319,63,57.07295516,54.13190281,722,afternoon,19.18776027
5320,120,66.2132374,97.63588057,484,morning,36.92635287
5321,45,49.72738765,62.83316066,676,morning,2.267375149
5322,100,39.3694803,15.4736161,867,morning,42.120081
5323,89,55.73897504,84.31440882,1394,night,9.712366968
5324,111,86.30321528,18.14471972,514,afternoon,33.39046832
5325,130,56.29937466,3.874619896,1229,night,10.31717121
5326,113,24.53639196,10.02099541,1229,evening,53.83524672
5327,122,87.84262756,78.61217677,700,evening,53.88919564
5328,50,33.70704942,90.18956751,1332,night,10.97188796
5329,104,34.32407052,26.82032536,813,evening,72.09039755
5330,95,70.1667383,49.81097708,624,night,11.61569356
5331,62,41.5998526,59.72230158,1121,afternoon,67.81262746
5332,57,59.9472458,41.86904161,859,afternoon,6.438155346
5333,107,58.50240665,6.532401865,1328,evening,10.18674513
5334,105,58.8020295,5.665273868,911,morning,64.6736331
5335,105,78.8866267,44.03493641,1475,afternoon,2.528289423
5336,56,44.63776297,79.78676511,718,evening,36.29825265
5337,35,50.67759186,8.462973601,1497,evening,34.37032343
5338,108,31.66028968,20.56757138,1483,morning,107.4384172
5339,55,64.93423528,26.97678726,959,morning,107.5647395
5340,70,54.1184506,55.91260187,1408,afternoon,19.64622119
5341,94,75.16024718,4.319602562,626,afternoon,32.2238014
5342,130,57.36522557,86.00428079,1107,evening,5.080592015
5343,54,84.62533782,47.07266986,825,night,7.688493698
5344,52,47.4513216,48.52325138,932,afternoon,24.52315441
5345,37,54.70302216,32.65190057,1325,night,8.13819968
5346,110,51.38211357,21.20025967,1369,night,7.333824649
5347,34,36.11880803,36.36690984,782,morning,0.693185811
5348,44,10.86023932,91.34002124,1074,night,2.285160959
5349,105,54.49262298,9.423082973,682,afternoon,37.28447776
5350,125,17.98340974,6.072858912,566,afternoon,0.433042746
5351,49,59.2825416,11.44514139,791,night,67.83796554
5352,30,73.12160041,77.69775349,533,afternoon,2.457813406
5353,74,48.80976496,4.841644883,664,afternoon,5.10850881
5354,50,57.63794541,33.31652375,907,morning,12.48107747
5355,61,58.31762713,42.48590352,556,afternoon,38.91071897
5356,51,69.00036375,50.71110973,1438,morning,36.1908286
5357,52,48.03325248,0.319925136,1241,afternoon,8.493171877
5358,100,25.82996654,48.67653274,505,night,11.87997781
5359,50,14.98278844,19.49243644,1353,evening,51.64995353
5360,81,43.07256646,9.787700292,1001,night,20.60175976
5361,36,17.40174336,53.32962836,828,night,18.38587838
5362,28,50.75710091,74.41491966,1043,afternoon,30.11079562
5363,31,55.02903352,93.474954,1241,morning,18.31093067
5364,111,39.44696184,91.26595035,613,morning,17.07492803
5365,97,64.76434658,39.89966262,811,evening,48.07440843
5366,33,53.21083981,70.40577509,1381,evening,80.39426426
5367,51,36.75066053,69.56202188,633,night,23.90625434
5368,102,40.89513491,41.21056607,1009,night,10.24673648
5369,120,76.99918288,9.82104032,684,morning,89.69604486
5370,98,15.98332121,38.20089153,973,morning,36.31352752
5371,64,45.18641411,99.23578824,1114,afternoon,31.86757883
5372,137,53.96897296,55.50346803,1070,morning,27.993138
5373,70,37.84874981,34.13910062,703,morning,40.45579032
5374,92,35.55452563,74.38147769,799,evening,44.83125797
5375,62,72.08969164,68.6325792,604,morning,46.98887431
5376,81,90.83577515,57.87999121,1110,night,111.6443315
5377,37,43.31243049,63.74326055,817,night,15.89014973
5378,97,50.5093188,58.49379101,1268,evening,8.337343776
5379,127,61.60439298,95.62770318,1321,afternoon,15.03135498
5380,81,29.62890201,50.91339324,577,night,43.6755693
5381,50,51.40398513,59.0190913,1221,evening,23.34153956
5382,106,80.67116803,47.16549478,1336,afternoon,60.00586331
5383,41,97.67033578,60.02222415,831,evening,8.081195006
5384,127,25.03781933,89.08269071,653,evening,40.07118678
5385,102,32.10394251,33.97545672,643,afternoon,8.604603087
5386,96,41.36016013,49.59028691,1350,morning,48.15061907
5387,66,42.58363054,44.86109555,980,evening,17.29991315
5388,114,71.67342179,39.79772816,1493,morning,136.4439087
5389,40,50.68331213,82.10372385,1442,morning,33.1449902
5390,119,70.04271305,23.19451614,802,morning,40.61252067
5391,70,54.83328568,49.99180006,987,afternoon,1.309905976
5392,36,47.72720856,92.46344135,1407,evening,36.4275186
5393,37,58.93674616,16.12548235,1160,evening,16.28101111
5394,97,4.444800436,0.46444865,1141,morning,11.70832756
5395,83,43.4533521,26.52235659,651,evening,47.57105298
5396,91,44.18722898,92.23113599,1285,morning,7.787865885
5397,30,22.15214015,8.76244736,731,afternoon,6.020296384
5398,117,76.87319391,13.70744212,861,afternoon,13.16990436
5399,88,45.09660116,32.0339722,1221,night,29.77488512
5400,110,57.35903057,76.97036314,1462,evening,8.924560516
5401,116,67.29771267,75.12807593,527,morning,24.53387281
5402,115,33.34933795,8.707028559,803,afternoon,14.57654597
5403,30,55.69753915,93.3842294,978,night,15.16094825
5404,78,17.28797105,23.88188099,1458,evening,6.8114731
5405,118,60.91513841,28.06367853,936,morning,11.66287994
5406,84,38.9441141,38.64177119,1276,morning,9.599787351
5407,66,44.40044935,63.44927623,1152,night,8.369171008
5408,82,72.43833871,52.13094519,669,evening,2.526880012
5409,94,86.37648837,92.86149009,779,night,17.02557604
5410,44,35.59707899,56.46206557,1142,morning,8.418597803
5411,80,32.99780632,85.70370322,770,evening,97.34032095
5412,81,63.79007069,7.820379988,743,evening,27.61679454
5413,86,62.8517476,85.59019634,733,afternoon,18.59784829
5414,99,26.2177111,19.77131518,806,afternoon,12.37419509
5415,86,49.53144114,36.25546957,593,night,18.52813822
5416,61,49.57058063,31.98866348,1146,evening,12.53214404
5417,90,49.16493988,33.72815277,676,morning,58.31704508
5418,133,63.22701929,91.86811019,677,afternoon,8.864872562
5419,122,80.33129295,44.15937225,725,morning,9.853642565
5420,76,45.34329246,26.79682302,1337,evening,37.09699684
5421,76,85.94997682,29.44020032,836,evening,69.35709595
5422,69,47.53657937,80.33364539,920,morning,34.19389571
5423,127,82.68943417,53.91143022,1456,night,2.656041156
5424,56,58.49174713,44.94971191,986,afternoon,68.77389202
5425,108,71.71688889,92.68138857,1172,afternoon,44.00224714
5426,129,68.91613545,93.00077006,1276,afternoon,8.222030157
5427,74,33.75403772,75.61182434,829,night,1.939595595
5428,83,57.30235457,51.8006514,575,afternoon,37.92010556
5429,52,31.68599153,11.66116401,1067,morning,8.019885015
5430,50,47.94435149,70.79498349,603,afternoon,22.25823181
5431,71,27.11730113,81.51123312,989,morning,2.814861304
5432,35,45.96475252,85.20416674,568,afternoon,25.19115772
5433,37,51.21590376,58.1865275,759,afternoon,0.651229034
5434,29,32.9386963,61.68390909,876,morning,22.90664233
5435,84,49.98653006,70.92909416,749,night,53.81802099
5436,129,66.08123338,87.39288747,745,morning,26.07813767
5437,86,30.41488073,4.542390828,1434,night,64.79319008
5438,128,67.78143536,56.32219456,1506,morning,23.88077055
5439,104,68.48829634,36.90961976,679,evening,34.88786374
5440,98,30.95437373,83.31592276,1087,morning,13.68394259
5441,67,0,13.38111416,1426,evening,10.56343571
5442,65,71.80262365,90.97013554,1013,morning,12.27616937
5443,101,45.09566202,12.40066117,1138,morning,3.254216046
5444,53,50.00580586,8.932670662,1474,morning,8.806635205
5445,113,90.43396353,34.64991945,632,evening,14.68348199
5446,64,58.49856899,99.47242127,1333,evening,12.53595801
5447,105,59.3035394,63.38027216,764,evening,20.53092666
5448,62,49.83616978,2.643856911,1395,morning,20.09857852
5449,62,46.16057825,24.92644395,1056,morning,39.88629501
5450,128,48.7373841,14.91653857,855,evening,15.11265014
5451,100,47.00245425,0.100424109,988,evening,33.92388567
5452,43,16.29697335,51.4940771,1415,morning,66.38962483
5453,32,30.03676841,38.11076709,1412,night,18.25161672
5454,96,48.86215028,61.32802423,1396,afternoon,24.18466574
5455,37,90.74212398,21.6364231,1011,night,33.91959579
5456,95,22.23848625,83.10530866,1031,evening,20.44290276
5457,128,39.61652354,38.31631562,1377,morning,5.345051024
5458,126,39.4173351,48.29046967,733,afternoon,10.42617481
5459,44,63.81577891,73.2485939,1187,afternoon,0.857744941
5460,51,51.86589439,16.61651228,1077,evening,34.52166932
5461,98,37.14113964,26.23433809,1157,night,9.837457502
5462,116,73.08391151,15.47519959,535,morning,52.05208652
5463,37,30.15250476,76.80816129,1030,morning,32.00575462
5464,36,39.85112191,9.752181443,1251,evening,39.96901131
5465,70,27.76709918,48.90029625,520,evening,64.23022948
5466,86,69.85478029,74.99096377,1342,morning,16.63814427
5467,24,49.03071491,50.77618363,1146,afternoon,6.270242703
5468,108,35.76276433,50.86768959,1154,evening,82.23848754
5469,108,58.92066716,6.367474784,1041,morning,164.3787141
5470,74,81.57694008,78.28612124,598,afternoon,7.375765069
5471,121,4.828486543,60.40076895,1130,afternoon,40.5267498
5472,109,62.31945876,66.75130614,806,afternoon,2.250491939
5473,29,84.67385226,76.57995829,1095,afternoon,0.835640541
5474,113,81.09897799,56.06178019,986,afternoon,33.72979477
5475,53,45.00337728,50.86229963,1166,night,8.837547921
5476,99,51.92687731,66.31652406,616,morning,60.71463461
5477,113,54.16057611,90.00081695,457,morning,21.58902919
5478,68,44.8407199,63.84972298,1220,afternoon,45.70406117
5479,98,68.4789293,78.83217508,1291,morning,3.276632561
5480,46,17.87741376,48.02717519,791,morning,62.2543862
5481,123,61.51129822,58.95719405,589,morning,6.319316374
5482,60,48.48101477,18.0149644,1291,evening,25.19542415
5483,77,70.21677928,48.85180459,855,afternoon,28.22445108
5484,39,72.1983381,14.8889917,1068,afternoon,2.04671356
5485,110,52.2007672,46.70214462,1128,night,113.9111287
5486,114,37.54917206,6.495168365,704,morning,10.79644604
5487,88,70.7642206,57.6207377,620,morning,37.56489318
5488,41,24.52059398,28.67354473,1112,morning,29.96143618
5489,54,28.94427837,84.16438438,647,evening,1.009293068
5490,123,48.47034639,37.62637284,1396,evening,59.49332157
5491,68,39.60438081,91.7773251,795,night,10.89081001
5492,56,45.696319,47.28876381,570,afternoon,8.592736109
5493,103,43.92249396,84.88730167,1470,afternoon,1.810051468
5494,56,49.47013949,29.72714653,585,evening,8.643724145
5495,71,79.74853776,45.16021181,537,evening,29.03221805
5496,72,26.90127366,63.36655177,560,evening,6.726898444
5497,51,40.67084477,25.865089,891,afternoon,18.84895663
5498,36,66.49275399,65.73283265,1096,night,48.23836311
5499,59,50.73123767,28.86023609,775,afternoon,93.15769831
5500,103,30.58783281,48.4292673,1168,afternoon,36.16842
5501,54,48.25968314,2.336980228,633,night,6.534723769
5502,52,19.85424113,7.818232218,1484,morning,14.49337889
5503,35,70.64587121,22.71011915,1266,afternoon,24.22644429
5504,75,52.36669645,80.64930027,1460,morning,61.53328882
5505,73,94.00664092,66.03841935,1451,afternoon,23.8038312
5506,37,27.59734713,89.34481271,1341,afternoon,20.27658366
5507,32,36.70212336,90.47109206,983,afternoon,9.02135097
5508,51,53.4229159,37.4671402,1106,morning,20.7705472
5509,71,76.34265532,36.75309062,630,evening,11.51326629
5510,74,40.29543822,83.57430496,711,morning,24.93508912
5511,102,35.92746433,42.64432701,1086,afternoon,49.61962267
5512,59,51.51727033,85.72013049,732,evening,87.41012497
5513,103,36.56435525,50.5929836,1446,morning,49.75848869
5514,90,59.51985143,42.47131242,1314,night,52.86020288
5515,121,51.52803077,27.90698978,689,evening,13.29464685
5516,70,63.97106506,12.64868445,1502,morning,35.67284485
5517,62,67.88472175,52.59023075,796,evening,14.73518409
5518,110,57.32660944,32.52251153,1117,afternoon,0.735907021
5519,114,73.07708395,24.9440222,1275,morning,64.76573627
5520,44,43.2488717,16.96601663,1133,night,1.611239088
5521,86,21.1215993,38.86221212,715,morning,3.6828892
5522,87,28.44741887,55.58727615,1223,morning,0.556862257
5523,90,48.29450093,83.70259641,1512,evening,2.088767351
5524,116,58.3567136,82.01900035,548,afternoon,1.824797834
5525,73,61.67429042,85.50634212,1277,night,33.93159027
5526,113,37.04557922,57.62336156,1193,afternoon,57.62164058
5527,87,67.30933856,55.95499271,1425,night,47.79042369
5528,80,3.601706822,90.51416695,975,night,29.5278678
5529,44,39.05788265,28.85469124,1353,night,46.25277058
5530,63,59.88328717,14.54505521,562,afternoon,18.29534314
5531,101,68.25316627,8.277477226,1191,night,71.0636396
5532,98,65.14294709,88.10446335,1201,morning,18.48051437
5533,96,68.60853854,37.17732159,1119,morning,0.858521322
5534,98,53.47003746,49.87262698,562,evening,36.3677014
5535,85,47.57290257,80.30600462,615,morning,53.28866909
5536,64,12.43929936,37.31680449,1447,night,7.630497039
5537,58,45.15896868,86.79547506,1260,night,11.47494202
5538,99,27.05371815,32.16978697,752,night,35.61959295
5539,68,62.32568716,73.23822263,1521,afternoon,25.58661014
5540,117,22.64314444,66.73699385,868,night,66.20995295
5541,108,46.89692055,20.13461053,999,morning,19.48390325
5542,112,26.19643915,12.44978053,1290,afternoon,33.48369053
5543,120,49.76282881,11.15546734,1079,night,9.508684744
5544,79,47.36871247,65.09138357,526,night,79.53587006
5545,125,14.92891716,1.294376101,519,afternoon,13.85142788
5546,77,56.8851536,66.06741861,1190,evening,23.26527559
5547,39,44.30790085,78.19657682,815,afternoon,28.75108998
5548,118,50.55845397,30.25102309,847,afternoon,8.801880289
5549,34,41.69679871,74.57004976,1183,night,11.4265769
5550,71,35.66297539,16.5386289,735,evening,20.94032005
5551,45,65.13576736,96.04909474,1345,afternoon,9.476812859
5552,93,70.623839,23.20661885,809,night,4.183135395
5553,105,69.38055443,48.83650438,1000,evening,54.34459286
5554,87,22.65088344,98.04963086,635,morning,11.77909933
5555,106,77.77147949,90.71379758,1348,morning,16.13488345
5556,86,61.25839954,65.94651577,940,night,23.76691548
5557,36,74.98855792,36.91927587,808,morning,55.43469435
5558,64,74.65339019,70.00883363,1114,afternoon,4.535854253
5559,98,56.98197433,46.0273556,1446,morning,29.50128885
5560,110,34.11090962,10.88399616,1419,night,12.97326898
5561,101,34.83257384,79.59776888,710,night,61.10175446
5562,100,36.3907091,87.1611562,1340,morning,32.46955259
5563,66,46.3797211,40.76069331,714,morning,4.706327691
5564,101,30.22683003,66.57263103,1025,night,10.56927302
5565,47,15.69595785,3.036264737,757,night,1.10490948
5566,48,16.32286359,19.72501461,702,evening,44.16360932
5567,70,49.3234335,57.02639223,1495,night,15.97113528
5568,43,44.61343661,27.40826235,1434,afternoon,1.49694139
5569,71,60.19665919,94.43635913,1138,afternoon,0.406433712
5570,110,46.39105355,83.70441278,1194,night,93.39956373
5571,86,73.04784886,65.5006213,1262,evening,57.38454126
5572,56,38.21428519,99.88398077,1007,night,12.21391011
5573,110,56.60793724,24.32478924,1101,night,21.80647527
5574,104,61.0419863,91.91270374,1251,afternoon,25.73400186
5575,80,51.06956571,30.4573439,1319,night,21.72614998
5576,64,70.27360698,59.65947527,1239,afternoon,11.04508416
5577,96,60.52333654,43.43672064,1163,morning,14.85702165
5578,69,66.10671934,44.32145941,701,night,5.996316657
5579,36,37.17931558,76.25100241,1157,morning,1.013366311
5580,58,45.61286979,34.75434199,1071,afternoon,5.042730686
5581,73,6.267580757,50.75283834,1246,evening,0.394340047
5582,58,48.7439155,21.17136013,946,evening,17.02547967
5583,27,22.5938953,76.34715593,1071,morning,32.44317484
5584,109,96.93910032,55.19315333,1203,night,5.987817827
5585,50,56.02507479,25.50635973,1314,morning,22.90167436
5586,77,42.0318768,26.59350814,820,night,11.789899
5587,67,65.05168777,29.353678,1403,afternoon,3.834776007
5588,118,22.18578592,69.92919503,542,evening,4.094821366
5589,116,40.12158111,59.5092002,1221,night,28.87908129
5590,116,43.02619329,82.22456606,947,evening,3.756960835
5591,117,62.89419979,57.15299152,1332,morning,24.17337499
5592,59,30.43575744,30.6653392,801,evening,6.344687758
5593,62,36.05506914,96.2870202,1278,evening,60.32705385
5594,82,52.23172434,88.61041999,752,morning,1.538165611
5595,120,62.62846,27.88213981,946,evening,14.68595287
5596,86,54.2282883,91.2692965,1428,morning,43.0028297
5597,67,31.87657938,72.01243403,501,evening,41.48738948
5598,50,52.13073214,41.46937908,725,night,4.691841931
5599,70,36.29988146,46.68768176,649,morning,6.571745874
5600,64,31.14166053,44.63815423,1320,afternoon,23.7113826
5601,120,58.16254488,79.68634814,872,evening,34.58451134
5602,75,60.92704151,17.55042031,865,evening,41.86414083
5603,82,49.72752453,5.866789183,569,afternoon,29.07084743
5604,64,60.22171296,49.84579116,709,evening,45.85191837
5605,73,65.39855556,29.04095674,1370,morning,17.38809604
5606,115,1.047061082,56.39243141,585,evening,24.67094012
5607,119,58.21172343,97.8194871,829,afternoon,17.0341681
5608,72,80.97324354,67.1452565,654,night,42.93195114
5609,98,44.31531801,95.92183289,548,morning,5.764301122
5610,90,80.7429259,73.20547124,994,morning,8.726947826
5611,52,56.30739874,7.591503482,795,evening,54.38948014
5612,103,51.59290544,88.93008714,1013,night,37.59410848
5613,54,55.32660382,19.89195969,1203,afternoon,39.86007198
5614,102,19.5729006,86.4789339,1050,evening,3.131711914
5615,116,83.43145067,74.90834012,1305,evening,19.87306305
5616,134,40.05897349,83.86175772,1240,evening,24.92676473
5617,128,26.03660749,25.35804423,1120,afternoon,45.41298305
5618,60,39.32705128,80.73968173,1403,morning,16.45747062
5619,35,50.46113919,61.03520447,956,afternoon,23.34217971
5620,95,72.58853761,8.187302573,1348,afternoon,8.167407282
5621,42,48.49087361,88.91319266,991,morning,53.53563678
5622,34,43.57592022,87.68112646,1321,evening,73.56415085
5623,116,43.89189562,57.19911323,1414,evening,18.71768389
5624,87,22.87979686,45.26243113,1246,afternoon,17.24758809
5625,52,39.46206893,40.05470241,655,afternoon,11.93672344
5626,32,38.19469157,60.27372829,769,morning,9.3111417
5627,45,55.00110708,84.16907897,775,afternoon,24.18121744
5628,84,15.54231984,56.59276597,1437,evening,5.54543641
5629,108,41.17068405,12.96518149,1300,morning,26.69807356
5630,43,76.15300192,30.61691824,753,evening,24.71941726
5631,29,58.3990767,66.824679,695,evening,35.53156059
5632,64,68.79996678,64.68247529,497,morning,7.675594931
5633,49,42.13838624,51.88981282,574,night,36.31573327
5634,128,83.32206167,24.04779453,706,morning,0.512057492
5635,73,65.93920803,27.05797066,1270,evening,22.93463433
5636,39,51.36909085,48.42496182,1400,morning,55.75081628
5637,77,62.92360338,39.4496249,827,morning,39.03705429
5638,115,25.2859378,31.59369061,1088,afternoon,57.08052665
5639,82,24.86788686,82.94581237,1071,night,4.817257852
5640,38,66.14076287,50.40187233,1408,night,38.07064023
5641,107,72.67625667,50.30687564,1042,afternoon,18.99409842
5642,66,31.60395806,42.80559228,1377,evening,11.70989844
5643,26,67.09088482,68.09028151,1019,evening,13.19065859
5644,102,60.69477285,17.56496858,1363,morning,3.225610962
5645,83,34.10176657,94.35880696,1505,night,35.81598147
5646,116,30.12910892,10.46126683,1469,morning,29.98172088
5647,110,35.5731662,71.02997741,522,afternoon,4.96822371
5648,34,40.22553531,70.43026692,582,morning,23.57255481
5649,57,42.06610778,11.39377704,631,evening,4.16648999
5650,117,18.15693322,99.30427528,1031,night,11.27776267
5651,100,40.25141154,3.431387804,1281,afternoon,1.353765267
5652,62,56.35848472,36.46899658,520,evening,29.11220155
5653,87,63.24094541,42.4770251,769,evening,0.37543846
5654,39,38.18741713,80.28061733,1038,evening,9.062957762
5655,27,79.88541673,2.98173811,900,evening,9.305863454
5656,34,50.40374179,55.70201586,1141,evening,41.3921605
5657,133,100.7103358,20.4001018,994,afternoon,17.96944387
5658,63,35.06518837,57.25887603,1309,evening,25.54419255
5659,60,57.23499022,64.63468903,909,evening,8.594198982
5660,28,48.24702367,3.414111678,1126,evening,23.79749813
5661,128,36.65197228,6.746464414,1292,night,4.847455321
5662,79,67.23171801,8.522440494,1323,evening,146.2394632
5663,112,65.25505671,85.22774449,735,morning,21.83051254
5664,56,44.87061807,92.66671733,1392,afternoon,63.45330882
5665,78,56.36887486,43.77226725,1273,afternoon,3.3511482
5666,60,55.19490097,87.47962934,1318,morning,26.77872797
5667,94,44.77360883,47.62101778,736,evening,33.35546232
5668,62,34.88340969,40.11262943,629,afternoon,46.67031427
5669,123,49.96370488,53.12449589,594,evening,19.96113244
5670,72,46.18607091,79.01856183,638,night,1.10244574
5671,50,28.77119557,22.37658378,789,morning,9.081384004
5672,84,63.15310443,30.17318184,1051,afternoon,9.880648583
5673,114,50.89668397,84.88744607,1343,afternoon,11.50095645
5674,84,47.28345977,91.59764408,1205,evening,2.901998215
5675,82,20.17710374,12.30098596,1249,morning,0.019022994
5676,112,56.34171884,70.49349991,1164,night,21.9996454
5677,70,20.23439363,0.962018807,1464,night,40.0432216
5678,46,52.82163104,24.61872147,697,afternoon,7.845007034
5679,78,67.04700873,6.862783803,1397,evening,35.50602045
5680,50,83.2433512,51.53914457,1039,evening,39.40484214
5681,95,51.33842105,34.33837201,524,evening,15.89211564
5682,68,85.16677387,13.75875038,1113,night,22.33622007
5683,57,64.65377566,0.032082709,1183,evening,11.30623031
5684,84,59.44869806,38.83872139,583,morning,14.11085305
5685,82,72.31791992,29.44717005,958,afternoon,26.68255678
5686,65,76.7814703,4.668887629,1073,evening,13.47870894
5687,93,66.46920453,85.17689008,934,night,20.85980437
5688,91,47.17827655,41.07778887,1008,morning,40.84990971
5689,79,39.27353715,77.4784415,1212,afternoon,100.2338272
5690,86,24.18111971,42.20420653,1375,afternoon,66.50818432
5691,103,53.36130829,6.751531371,1288,evening,73.77661901
5692,106,73.62633579,39.4263099,814,night,72.64696159
5693,94,30.76571058,88.61324107,658,night,8.293627823
5694,59,28.46827489,0.777240269,908,afternoon,87.79208295
5695,92,85.95857105,89.53034259,1352,evening,7.544920453
5696,110,44.87622607,65.67277944,842,night,59.90053912
5697,85,15.58671569,99.56336226,935,night,26.10255959
5698,125,20.87109114,91.61176545,1413,morning,54.73349451
5699,138,58.85325932,86.89523804,883,afternoon,120.9005452
5700,78,40.47864379,3.750980081,1135,evening,62.55238749
5701,63,59.56905526,28.02479159,1231,morning,50.86683313
5702,78,45.56587746,37.47437469,1344,evening,6.939243347
5703,78,54.22561605,69.98225884,724,night,58.9633899
5704,117,85.34579316,64.86407917,657,afternoon,5.436923504
5705,52,46.2679571,17.16958334,978,morning,21.56737137
5706,27,73.54927679,73.6835755,929,afternoon,20.93545033
5707,38,52.26950148,15.56279928,1235,night,21.94049946
5708,39,26.98643919,45.64331937,632,afternoon,38.52796224
5709,119,89.52741936,57.87395152,1241,evening,15.12710291
5710,123,92.44718746,87.06824035,688,night,18.29981228
5711,71,46.93723659,63.13220356,511,evening,32.27801099
5712,92,53.03610302,95.48437252,1337,morning,34.4060246
5713,119,74.79091456,99.44935977,967,evening,17.26264187
5714,95,46.30355519,50.88224531,841,morning,1.60657801
5715,96,69.32967728,5.147980569,1427,night,8.99613392
5716,97,33.72400465,2.831889992,714,night,86.48028596
5717,93,86.66087267,85.56481622,788,afternoon,78.68772196
5718,59,57.26896757,49.98501199,1230,afternoon,31.46456163
5719,64,65.01552718,36.67936868,1154,afternoon,6.145744561
5720,116,77.1299041,28.44560908,1090,night,3.018118469
5721,103,66.37432938,28.17896407,1384,afternoon,89.58892386
5722,51,48.98678597,7.281988563,1461,morning,61.94671043
5723,108,84.41003755,30.2992833,1169,night,15.22133844
5724,104,66.70246425,64.48061786,1120,morning,29.79534099
5725,91,46.70701294,38.52099474,1149,night,73.65528278
5726,126,19.93590481,94.78178118,1381,afternoon,4.460359474
5727,66,49.70882998,66.81704276,975,evening,30.33968602
5728,81,39.40925526,86.3976658,560,afternoon,75.57952378
5729,102,50.4914099,11.41602894,1258,morning,54.33268383
5730,39,37.16678288,45.05158697,520,evening,10.1535941
5731,51,57.68303062,4.143863595,868,afternoon,91.1261307
5732,126,41.0183063,89.50134977,1395,night,6.813157687
5733,66,78.54128136,14.68686121,802,night,7.017544151
5734,79,62.27804985,80.54214773,554,afternoon,3.047959855
5735,38,40.69116239,92.38110614,1209,morning,3.770924837
5736,33,50.18141379,44.18883043,870,morning,43.02086447
5737,119,60.17554565,38.93609148,1199,night,9.683247403
5738,122,19.94503874,60.01176983,1329,morning,61.00649842
5739,78,59.36647578,74.03300113,502,morning,58.47455666
5740,47,15.80680727,64.56098938,1476,evening,3.715292227
5741,90,80.7009947,0.115467082,979,evening,22.80107585
5742,66,42.53996393,78.59352809,1089,morning,40.3499223
5743,71,70.97885446,14.73880374,823,night,34.43173097
5744,38,27.10221763,44.9676311,1121,evening,3.283405859
5745,91,61.48843882,28.23566776,962,afternoon,11.64693447
5746,85,26.5395216,92.79074936,1130,evening,28.40067308
5747,132,44.11837348,50.21082051,768,afternoon,26.3363779
5748,94,69.35494396,52.2160537,1507,morning,50.46457287
5749,41,62.33926357,7.614692725,503,afternoon,1.731385113
5750,96,61.31069331,89.73610214,998,morning,19.63841026
5751,79,42.92447183,23.90274917,963,night,56.70408424
5752,57,29.08825153,41.39575219,517,morning,151.8195814
5753,42,65.62250331,98.52945704,1107,morning,4.126029747
5754,31,31.59845094,11.38951563,871,evening,31.14592082
5755,74,37.5563828,71.8527867,636,afternoon,0.039964736
5756,112,78.54716119,26.01344048,1397,night,12.90179301
5757,87,61.5663232,41.97901003,836,evening,17.65018065
5758,71,22.72855272,41.8192928,1035,morning,12.73325328
5759,80,49.78281016,93.22329743,815,evening,29.38564648
5760,25,46.83928991,1.03623456,1190,morning,0.464980533
5761,49,42.50723342,36.72040768,1319,afternoon,71.6629349
5762,50,43.11556426,85.24233731,779,morning,11.50493619
5763,114,76.17067528,91.05121858,697,morning,4.888336454
5764,47,89.89056796,31.13246231,1083,evening,17.03199972
5765,124,49.15006395,24.19546576,970,morning,21.64554054
5766,116,53.27647333,46.12694681,1389,afternoon,1.602644004
5767,65,22.71688854,74.58395533,1240,night,48.14544671
5768,71,83.89329472,15.40385698,526,afternoon,40.11863313
5769,68,36.8278681,78.44667914,1080,morning,21.51062041
5770,58,41.54070602,51.26724275,1422,afternoon,6.172513169
5771,69,65.8095115,14.08055387,869,morning,78.34728413
5772,73,55.61754422,67.17593617,859,morning,47.42189443
5773,54,60.98719337,62.8200788,1321,afternoon,7.985968463
5774,46,63.58876687,62.2362758,632,evening,39.95261696
5775,79,49.83609879,75.47865578,811,night,3.206350372
5776,59,67.65846665,18.12227857,853,night,3.782040421
5777,81,15.85602032,69.74973517,908,morning,17.64142992
5778,110,82.71284292,88.72943572,534,evening,36.29229433
5779,73,46.36635365,53.03112955,1186,evening,74.77548274
5780,126,67.46405945,48.60296985,1330,night,106.2019968
5781,95,59.85334104,79.77881364,815,morning,35.3207852
5782,78,10.0438438,14.62360058,560,afternoon,45.86349265
5783,108,54.36825945,34.08739808,821,morning,21.42773478
5784,80,7.7424435,85.37842373,1347,night,1.726184303
5785,104,59.88129963,49.97742869,1507,afternoon,4.016034356
5786,121,54.34672417,84.04361138,742,morning,105.9918379
5787,35,24.41377453,25.18680538,1536,evening,14.97684447
5788,125,53.7669217,38.95745852,679,morning,44.3352676
5789,42,40.49761754,82.3618586,1236,afternoon,7.471894991
5790,28,46.72645008,16.34953067,846,afternoon,22.83712029
5791,58,0,89.47776846,759,morning,4.970635085
5792,47,25.23676615,30.9863249,1135,night,49.62170505
5793,88,34.25925007,97.26968714,962,afternoon,5.520029893
5794,61,27.25979246,82.77274901,1513,night,36.71883837
5795,111,39.49138746,45.55852152,1009,morning,4.907690299
5796,75,36.55587237,74.2244644,1311,night,51.22217059
5797,80,56.03429153,55.52622352,1318,evening,20.96994253
5798,62,0,85.32474671,1124,morning,15.95264074
5799,121,89.84953343,51.81089023,1435,morning,12.31955298
5800,54,37.69563933,98.79952716,764,afternoon,34.91623431
5801,36,43.87191796,13.35069584,1253,morning,2.765179331
5802,36,61.89274892,67.64690444,705,evening,58.17943024
5803,78,84.7781078,24.56535273,1024,evening,42.96946371
5804,53,38.21755402,19.12277218,539,morning,14.00177939
5805,57,63.78720311,40.82507477,655,night,114.0065679
5806,102,36.58111535,36.74616201,548,afternoon,53.52472634
5807,121,68.80502198,4.633530418,1058,night,9.47506671
5808,94,63.94278555,42.77236242,1534,evening,65.60723427
5809,120,28.68088953,95.19182724,1233,morning,3.126551936
5810,60,61.58053688,46.68759436,1112,morning,35.0940721
5811,32,21.45438222,30.1815206,917,night,4.22422764
5812,56,35.17133602,94.90759977,706,evening,111.797024
5813,88,23.21164329,50.57225005,1440,afternoon,1.529295929
5814,105,50.01854875,28.71024715,930,morning,7.948740241
5815,116,69.96700027,78.29895045,1193,night,22.65892895
5816,82,25.14813291,22.36134387,627,evening,26.30939367
5817,75,58.01821415,24.77491049,1012,morning,21.57946142
5818,91,45.16191866,32.43320004,1252,night,40.42348489
5819,114,29.46545835,39.47684261,909,night,0.046683745
5820,129,41.55983248,58.28789498,937,evening,24.89075663
5821,89,61.57771937,51.52846684,833,night,28.63186286
5822,102,68.8046188,74.37307887,1149,morning,7.036555577
5823,96,56.14996907,71.71708595,1221,night,32.28821512
5824,61,49.25905195,4.556016702,930,night,31.83788169
5825,124,50.45845231,13.39043508,564,afternoon,22.6605924
5826,34,35.36695705,21.51919216,547,afternoon,9.004349101
5827,97,51.93777993,59.76637918,1462,evening,16.16458461
5828,36,20.59562205,89.52643509,1156,morning,9.5420358
5829,123,47.62826792,32.49066139,1416,night,44.05440163
5830,122,83.98668594,96.37440831,1447,afternoon,28.91720869
5831,75,41.22107778,17.28605581,546,night,4.918429954
5832,88,72.42380616,92.47323631,705,night,25.15283679
5833,58,63.41868829,80.10021763,900,night,70.07149009
5834,37,78.75651881,38.90334055,1313,evening,53.65664102
5835,66,0,20.63121399,919,afternoon,66.54862484
5836,28,53.54117648,39.12928791,676,night,74.67029865
5837,51,61.76100896,21.37386466,844,afternoon,6.255354962
5838,55,65.96758687,56.11517326,1036,night,38.14957676
5839,108,74.02560732,57.48187616,1101,night,31.0153782
5840,95,63.92824799,76.81893121,641,morning,1.018800406
5841,118,54.73159914,52.78650636,810,morning,45.18011359
5842,32,30.82456527,34.51462291,533,afternoon,6.965263489
5843,42,11.94219462,91.15989615,1153,night,74.67066198
5844,87,76.78637909,7.799856417,1432,afternoon,54.10491125
5845,46,37.85411436,80.87816903,1118,night,43.94629328
5846,79,42.99494055,40.95746182,1048,afternoon,35.79934941
5847,43,68.11119141,18.10994418,1429,afternoon,19.05096951
5848,107,49.61861175,12.03557301,712,evening,47.96149445
5849,62,26.85460235,22.0764409,605,evening,51.31615091
5850,97,15.85028143,12.19558268,945,afternoon,3.110212153
5851,90,42.83000946,45.89305753,972,morning,12.0617354
5852,94,51.91830795,34.96896605,691,morning,11.42253566
5853,76,65.92441352,35.65890448,859,night,3.992794397
5854,67,47.50182251,15.6868293,686,evening,111.6302505
5855,67,50.40004501,65.97425544,1407,afternoon,26.28286905
5856,42,23.60266924,60.77971351,1155,morning,26.73316315
5857,123,70.82637835,98.22864304,661,night,14.46015531
5858,110,110.2617537,16.76442393,937,night,43.91921014
5859,86,76.02383374,83.40154369,694,afternoon,19.36787023
5860,103,74.21410426,3.387161488,1335,night,40.67264661
5861,128,56.90220224,7.331911233,1149,evening,63.11597356
5862,68,29.09796597,64.80516487,1360,evening,32.09419412
5863,86,32.7645223,40.64696538,640,morning,29.27530588
5864,117,63.17293019,23.05010858,987,afternoon,46.38223303
5865,65,67.81590512,0.2756511,1170,evening,20.97560721
5866,76,31.21735097,66.3145931,854,morning,50.08225991
5867,33,59.09137647,44.08485707,595,night,2.911812786
5868,139,52.2624905,17.07872255,833,afternoon,8.309264323
5869,102,59.90304234,97.22239491,653,afternoon,77.54655469
5870,79,57.15504317,35.08417825,791,night,5.633081096
5871,37,58.18585645,30.30597008,1432,evening,18.10275866
5872,115,11.09170193,51.0314219,1128,night,19.65947499
5873,90,86.47748792,27.7206768,908,night,16.21371456
5874,81,78.30690975,27.27621222,1408,morning,60.50167129
5875,49,49.7008893,96.62866278,1078,afternoon,41.55717453
5876,118,26.39801755,26.11476218,734,night,49.85452148
5877,118,61.26438539,60.54668333,653,morning,142.3179251
5878,56,20.7614013,3.744667701,1432,night,110.451622
5879,36,83.5390299,15.43492478,657,afternoon,66.79799668
5880,130,46.77169486,2.20802053,1418,night,25.01602181
5881,99,38.07162557,53.4476706,1253,afternoon,10.7561408
5882,41,61.67283811,49.16065607,835,afternoon,38.58858003
5883,69,40.60895312,33.09225145,911,morning,89.4409189
5884,62,44.3995973,70.02813683,1355,night,138.8458043
5885,29,34.12816167,62.57946538,753,night,28.49740024
5886,87,62.50171613,60.03417227,1020,night,36.19954604
5887,36,56.15006282,33.62581141,998,evening,9.802164835
5888,49,71.0069332,32.71457277,1226,afternoon,6.753435244
5889,127,17.49775662,87.34483836,605,evening,30.55300521
5890,104,25.65635243,54.39647661,499,afternoon,7.652181629
5891,84,39.64781367,27.22341901,505,evening,15.09295536
5892,108,72.22482896,54.32207407,1090,night,20.35222277
5893,28,21.49867249,26.67708203,763,morning,80.95609782
5894,60,33.00853475,18.52990394,1215,afternoon,113.9056402
5895,122,78.40866769,28.21764023,910,afternoon,8.514778878
5896,105,60.59373115,62.88924858,715,evening,4.246293717
5897,45,71.60679616,51.58380308,1399,evening,7.642206312
5898,100,48.1783021,16.45003609,487,evening,21.94968382
5899,85,85.36616198,90.79128221,652,morning,45.82388609
5900,71,20.97837682,49.8296102,1159,afternoon,22.14375523
5901,74,45.71178883,79.37252459,1158,morning,81.15266641
5902,127,44.06865199,33.06884273,1395,morning,30.43496142
5903,56,44.31589571,95.75593998,902,evening,19.82936953
5904,62,24.88978374,75.20930977,1059,night,44.12850015
5905,21,61.08958384,45.45068706,1064,evening,92.17939462
5906,75,25.50756993,90.22928325,1052,afternoon,12.15606815
5907,33,23.35288417,71.74664806,1362,night,9.647518008
5908,63,0,43.05281937,1364,afternoon,7.199351757
5909,42,35.1568392,97.41376199,540,afternoon,23.0132452
5910,122,52.93412919,29.85433385,1184,night,18.94660385
5911,81,55.76904795,25.6570752,1318,evening,8.51921156
5912,96,45.51926801,89.46562077,1012,evening,38.36792086
5913,136,36.6069119,70.73718407,572,night,10.59543012
5914,43,41.88906876,34.55098126,792,morning,42.38159289
5915,59,36.50769848,23.18023943,1439,afternoon,54.76968076
5916,28,91.0789438,17.80382988,1488,morning,60.33612101
5917,40,25.43382641,31.34963701,1287,afternoon,4.751073931
5918,42,34.49287748,12.55399833,1480,afternoon,10.95585064
5919,94,49.99016063,14.53481461,751,afternoon,22.28031479
5920,71,28.07680191,77.66243023,1321,morning,56.04331601
5921,88,50.92186285,6.376021292,1452,night,15.3776934
5922,53,17.23761996,43.92882798,1188,night,32.35261314
5923,78,52.47716566,40.49988354,653,morning,18.18450845
5924,75,41.11502696,96.01910388,1260,morning,0.901864762
5925,90,35.09342869,46.55416735,671,night,11.40919441
5926,62,44.16274704,16.08553651,982,evening,42.40628702
5927,102,39.18087451,8.840469391,666,night,39.3125849
5928,67,41.94265654,73.24386067,622,evening,64.53790649
5929,90,65.33222796,14.77364451,657,night,26.95974686
5930,72,85.9803449,93.79831084,954,morning,43.62961358
5931,75,0,55.92133295,492,evening,16.09278701
5932,43,45.35745262,40.16965871,905,evening,12.90969097
5933,44,24.34447284,68.43326748,1488,morning,12.45809569
5934,118,43.17613976,19.89280761,520,afternoon,5.196496962
5935,132,58.05464494,38.22575173,613,evening,17.27613789
5936,39,97.74364134,3.341384998,993,morning,49.93456005
5937,53,43.55238352,87.76781663,676,afternoon,0.366654597
5938,39,52.59725492,42.52570731,1485,evening,25.66217183
5939,92,31.7218285,75.88251924,792,morning,5.694458744
5940,116,30.6765629,91.68548007,1096,night,40.89846379
5941,44,29.72431584,65.27931396,1026,night,4.532208091
5942,41,35.64874511,37.57467006,529,night,5.375426966
5943,44,40.50554309,61.95284838,619,night,1.306470959
5944,101,78.43094648,36.03310479,773,afternoon,17.53797943
5945,48,43.07525738,56.73139726,1014,evening,31.28550723
5946,69,61.10148887,43.21653237,906,night,10.22362019
5947,57,55.88155351,14.98684215,677,night,1.267717362
5948,71,69.04468985,78.01011474,617,morning,80.93399973
5949,104,11.95808385,49.64190563,1388,morning,59.09474507
5950,93,56.86050088,19.01426542,570,evening,18.64225391
5951,65,54.59238974,89.18296732,1207,night,51.99519406
5952,48,48.00335566,85.32187238,794,morning,48.45851024
5953,49,71.52579357,55.88261499,1462,afternoon,24.74010276
5954,92,47.58289931,97.03186769,968,morning,22.44829714
5955,97,67.57850918,92.71702676,1038,evening,31.58263855
5956,35,53.40138401,89.70058379,1174,night,38.41809643
5957,96,54.94704507,13.32917759,1490,afternoon,51.57851136
5958,51,56.32357128,29.46295646,1497,morning,25.63421958
5959,67,46.01257611,41.01902153,1380,morning,41.14189097
5960,56,81.27946648,83.19092717,693,night,6.160126921
5961,75,71.5117339,87.12357617,890,afternoon,41.12711302
5962,52,48.80929429,75.14851962,784,afternoon,1.796994122
5963,62,53.4196882,47.23992895,664,evening,32.22865853
5964,37,59.61978705,16.19011509,608,morning,37.3963236
5965,27,66.2013427,3.519619443,998,afternoon,102.8392868
5966,60,82.25403048,69.93023551,1129,night,16.43414787
5967,40,68.13554014,99.41540756,1359,morning,3.632834667
5968,47,46.5115168,34.54721193,918,night,12.22267328
5969,117,33.64910695,56.87319028,1359,morning,16.3001207
5970,116,69.84342676,81.05818671,1308,morning,44.08863521
5971,21,55.78067644,18.64815992,538,evening,6.182631242
5972,63,30.34888614,82.95570095,960,night,5.582935888
5973,108,67.06702901,62.53431115,759,night,7.445731817
5974,88,80.32840812,56.98483089,1419,night,7.877413912
5975,49,50.14191165,76.22816832,787,morning,77.2264956
5976,107,81.33209182,24.09485418,635,evening,5.243541665
5977,99,65.32378104,61.4780404,828,night,15.98166281
5978,106,26.82824749,24.03762535,985,night,15.48977845
5979,28,58.45113256,17.95354081,1379,night,4.094368113
5980,105,14.57680166,62.33546377,706,morning,3.461319711
5981,138,57.08076768,26.92811016,1175,evening,72.16897627
5982,116,29.50728623,71.43791732,1293,evening,54.30496133
5983,106,53.84623396,51.44854394,1232,morning,81.19400113
5984,42,63.55100544,69.49537628,1334,night,11.44323442
5985,86,38.23496065,89.16188512,1087,evening,22.42823483
5986,116,83.80966682,13.82460445,1517,evening,8.862389024
5987,100,31.57048384,6.673864789,1123,evening,14.92265549
5988,40,7.226142885,39.99169147,869,morning,47.41913351
5989,123,49.42230545,71.67076716,1428,night,19.40354101
5990,132,77.30397884,88.61514858,974,afternoon,3.482371589
5991,38,49.58006121,3.479440473,694,afternoon,0.095851774
5992,134,38.13970763,79.29581561,1353,morning,8.081225936
5993,61,17.0264883,7.541712368,600,night,6.071127101
5994,46,38.57071181,58.05756757,1400,night,47.40888334
5995,80,27.15719554,34.41028608,1053,evening,32.95494725
5996,81,54.87317494,1.765419027,976,night,54.66174261
5997,107,56.56828533,9.709344441,1165,morning,16.27791182
5998,58,31.02100202,35.37262141,977,night,26.28576704
5999,31,43.47491903,95.37534116,609,afternoon,16.20561836
6000,84,78.92403505,15.48320678,593,afternoon,7.500065787
6001,54,41.48104909,27.19770597,1335,evening,29.90393483
6002,40,40.97341716,99.41330747,1322,night,14.7598157
6003,96,53.7302583,48.06204789,812,morning,8.603674943
6004,65,21.80202071,26.22451067,1313,afternoon,83.64758231
6005,71,68.99624107,61.59394695,1476,morning,3.422411596
6006,47,41.73786544,43.60322677,1389,afternoon,44.99019562
6007,32,26.83845291,85.83081264,1429,afternoon,23.92426967
6008,110,60.74576438,0.797914337,687,afternoon,43.19545449
6009,118,40.2456436,99.67766087,534,morning,2.825084965
6010,124,32.48347647,6.631244137,645,morning,14.84921154
6011,103,51.452973,53.71236864,941,night,47.69454217
6012,87,71.03540618,69.73999899,1195,evening,50.63467231
6013,98,41.78607077,54.98302007,1459,night,46.66383607
6014,46,30.69646425,30.07737591,1062,morning,40.91824383
6015,109,5.083803638,85.54327692,549,night,14.17689587
6016,52,20.9990735,43.04230308,1449,morning,37.78399426
6017,30,40.35252853,30.07013421,624,afternoon,3.476964205
6018,36,23.85125226,76.83337011,555,evening,5.323848249
6019,22,36.02417566,14.5855868,1472,evening,23.29067317
6020,38,88.56028131,20.50090486,1402,morning,23.92900216
6021,95,74.62291821,25.2769766,1061,night,19.14740501
6022,117,33.63812926,43.48809775,771,morning,39.84070922
6023,78,52.76189987,2.033630696,1291,morning,24.89070602
6024,80,28.38909674,99.17756521,707,morning,2.038748816
6025,85,81.24229885,60.01509529,1086,morning,65.46375631
6026,86,51.42272007,97.07194402,708,evening,29.66837494
6027,134,71.00438554,80.7453265,1160,evening,67.74034153
6028,75,34.26690666,13.43099965,854,night,16.8377889
6029,67,82.02501134,20.90680551,735,evening,0.055141287
6030,96,41.20105971,3.444927872,1121,afternoon,43.15121338
6031,92,14.68425257,83.37904775,930,afternoon,25.04227305
6032,66,46.52984417,59.34576141,1091,morning,0.595539433
6033,109,36.26251771,21.50650502,1485,afternoon,25.50194406
6034,58,70.10173822,97.00847997,856,evening,80.24578959
6035,108,37.5916332,73.67389749,547,morning,7.02372646
6036,106,60.75643475,70.55188254,1149,afternoon,9.928155554
6037,84,36.35512679,26.6993896,1431,night,31.45308562
6038,103,33.08335692,31.33736306,1440,evening,51.59671425
6039,60,50.0162863,66.79788416,948,morning,30.79440534
6040,79,60.63507154,59.35516484,637,morning,33.41513667
6041,102,18.79129055,64.72835431,594,evening,11.86680516
6042,91,68.45864996,87.88227821,693,evening,0.302429169
6043,79,68.74143476,16.04009232,712,night,54.95157662
6044,35,43.90887654,11.63334173,1360,afternoon,160.4539947
6045,42,46.19456375,56.4633159,801,evening,60.39018732
6046,73,0,50.01557417,790,evening,15.20017877
6047,103,86.05298529,40.28698872,1287,night,13.00769756
6048,34,43.56611294,90.47127573,761,evening,96.46744811
6049,68,71.67893803,55.83802563,1036,morning,133.6842253
6050,80,37.89864722,56.72513739,721,night,28.42061388
6051,120,50.05785842,36.64293172,1130,evening,21.67527346
6052,93,60.46111972,34.4071836,928,evening,21.79133295
6053,86,40.82165544,98.76044453,1086,morning,6.762132882
6054,92,18.69611066,62.30727672,1106,morning,39.08064569
6055,127,47.48250323,82.51156767,585,night,5.628505588
6056,72,21.71183548,44.74581532,557,morning,7.057203901
6057,127,32.74408979,19.18543051,1232,morning,33.64075209
6058,94,37.39990334,32.48409932,1123,morning,61.04084458
6059,55,51.57926946,34.61272671,1121,evening,32.8916598
6060,128,37.14006473,56.49125249,832,evening,19.32658159
6061,113,25.61368071,15.46156837,945,afternoon,35.64688921
6062,108,53.75551729,38.70181212,491,evening,18.20818596
6063,34,63.04500996,10.05771756,701,night,31.85751456
6064,57,22.27246703,49.65303885,1128,morning,45.47284873
6065,47,50.38147582,94.74244267,909,evening,0.443924262
6066,102,65.04893332,33.89336749,1482,evening,7.414894247
6067,59,52.02938662,4.971245043,1061,afternoon,36.43062093
6068,67,25.7915193,60.876052,579,night,15.39450716
6069,53,54.78855397,63.47296697,578,night,22.15349802
6070,122,49.99301386,47.9569709,1079,morning,34.65591386
6071,88,53.03999972,39.68595884,874,night,22.42939012
6072,82,50.75534984,89.26646006,1136,evening,54.4083396
6073,67,9.62868469,93.84371833,1138,night,14.3004508
6074,65,46.52958718,67.31615827,1065,afternoon,35.30792105
6075,122,69.00581869,50.12249745,1317,night,16.62201844
6076,112,78.74171689,6.75477021,528,evening,22.60648106
6077,111,69.88762865,30.10381535,1484,evening,3.622375164
6078,123,50.51672103,28.50917447,1187,night,53.42068056
6079,106,63.83507003,5.824249622,1218,evening,11.56728364
6080,102,60.85984565,84.33630967,1276,afternoon,10.75195261
6081,63,45.35848932,86.70476064,893,night,2.788690689
6082,91,72.98628341,91.23708834,1004,night,21.1804652
6083,74,37.06633995,74.18093106,735,night,16.23371623
6084,81,47.84624469,71.051397,1073,evening,3.125426941
6085,57,68.04278435,47.78265095,1414,evening,41.77810652
6086,56,31.66359883,85.73979376,1172,night,2.061581435
6087,35,23.28382182,51.01345658,886,afternoon,4.700884218
6088,52,30.5936208,2.964110874,837,morning,18.52437247
6089,120,58.88327416,58.49103708,1198,morning,13.28361099
6090,127,94.67068251,39.04575911,1272,evening,9.668831024
6091,38,73.95620272,52.12979487,1275,afternoon,24.8983813
6092,112,65.65524736,44.07060962,671,evening,22.2884169
6093,45,81.31952551,49.67981941,1417,night,16.99092248
6094,66,55.7882777,10.85727268,887,evening,44.90744579
6095,75,37.64329166,1.45332018,1006,afternoon,20.68447248
6096,122,48.77277457,34.01874027,543,morning,115.6069503
6097,53,44.64930882,25.45388749,1122,afternoon,48.55615557
6098,42,30.73817017,25.00577148,875,afternoon,3.376568475
6099,61,45.83295096,93.70952241,804,evening,9.605009163
6100,35,18.80188864,81.89850384,1451,afternoon,23.02817839
6101,99,43.54759436,1.337086204,1482,afternoon,18.98349099
6102,108,48.04533176,0.871921041,948,evening,1.443638046
6103,89,46.54138325,77.68999249,511,afternoon,22.53285469
6104,90,83.65781507,98.48605807,843,afternoon,27.89316833
6105,61,54.00636874,46.52063595,1232,afternoon,18.67315679
6106,29,85.29315968,43.31297648,1209,morning,60.32740577
6107,78,22.55166551,27.58245251,1308,afternoon,24.39779669
6108,93,67.52717606,66.66337408,556,afternoon,46.3173987
6109,39,54.27945848,47.16494113,1472,night,26.51642066
6110,52,48.05090105,16.75187087,758,afternoon,72.00839388
6111,44,23.48731246,48.13746527,1190,night,7.231128968
6112,115,56.8048542,37.63710118,1324,evening,53.45670951
6113,40,95.4856159,88.98059131,1320,evening,17.82571277
6114,69,58.81258485,77.15866101,1406,night,35.87768766
6115,123,49.0756982,70.12474424,971,evening,25.04865898
6116,84,52.97360925,32.71602232,1447,evening,3.457423679
6117,115,61.79284176,13.9615382,757,morning,17.21225597
6118,79,81.25223517,86.46789842,855,night,33.61455794
6119,89,42.60561338,34.27473865,1021,evening,68.60250475
6120,117,53.69949417,59.29565922,626,night,7.394642603
6121,76,50.09655963,59.08255679,1282,evening,13.16362893
6122,80,40.88772639,92.80530816,781,night,13.41711901
6123,85,53.92347106,17.17236336,606,afternoon,22.29302061
6124,26,80.61282712,77.16454628,1137,night,59.63438366
6125,117,36.95938975,46.25905775,642,night,15.10190236
6126,105,57.36862461,17.47520116,1060,night,4.763123912
6127,61,58.05052962,83.56386073,633,afternoon,21.19025559
6128,117,49.80376817,82.01391059,812,night,1.151881308
6129,106,58.60785789,4.018240985,1272,evening,12.66873159
6130,100,57.73486057,70.94400176,1095,evening,21.66073687
6131,62,31.71326147,15.35198862,716,afternoon,21.87453025
6132,35,48.79765383,61.03603498,639,night,51.3639595
6133,103,49.69520159,64.38026314,556,evening,48.45159176
6134,79,29.01963276,66.52445504,1477,night,9.965023538
6135,110,51.1791076,12.00968624,1140,morning,10.74506016
6136,43,49.44839141,59.83159089,1395,night,119.9678196
6137,106,90.46605832,9.986321146,1423,afternoon,14.9020375
6138,46,33.50706382,74.55541872,1267,night,4.623373864
6139,72,70.00699112,6.37446326,1516,evening,32.09538471
6140,61,59.46598786,75.78110344,1055,night,8.372178331
6141,111,70.65950116,88.34924041,574,afternoon,27.74376667
6142,129,33.97539941,29.85416424,1051,evening,51.65796132
6143,86,12.34739333,77.82919848,984,morning,5.722446762
6144,87,47.85284399,41.75212093,1191,morning,18.02437179
6145,108,65.41192301,79.77136068,1038,night,14.48410817
6146,72,43.56960824,68.62523697,1191,night,221.9169655
6147,38,47.05152512,28.91405123,583,morning,37.30557804
6148,70,89.50875633,19.37336589,975,afternoon,2.578785299
6149,91,35.44994134,91.47421361,938,evening,7.78630269
6150,45,68.50836024,83.89791706,894,afternoon,5.132904742
6151,55,30.38294147,65.99020184,741,afternoon,0.460254345
6152,66,73.00324737,34.93716182,1061,afternoon,11.38740809
6153,85,48.60377102,51.04593835,761,morning,11.76716033
6154,81,59.76667688,55.78641309,708,morning,8.036124818
6155,72,37.14911648,8.606995113,785,evening,24.16275883
6156,120,51.88359807,97.22338658,1034,morning,7.394288089
6157,110,53.37515396,9.181920905,1001,evening,84.93986066
6158,115,21.72764173,72.16836592,1439,evening,39.55483298
6159,121,40.13381402,49.28016559,1323,morning,3.882788937
6160,129,55.3438503,75.98787303,797,morning,9.394553586
6161,137,34.92471055,26.0930316,561,morning,121.260593
6162,91,53.50724116,39.51103557,593,evening,6.701251111
6163,50,46.29742484,52.55014543,1010,afternoon,3.731447925
6164,120,61.88716872,12.07341547,979,evening,7.931376494
6165,48,46.6305203,85.18373699,737,evening,37.53783981
6166,91,97.6175485,99.15375228,935,night,21.88642305
6167,45,10.61176421,41.75875688,892,night,2.098662261
6168,38,34.13956649,37.68164245,884,afternoon,13.47240884
6169,103,63.56187965,59.40806203,791,evening,2.718115139
6170,46,53.7120527,68.86686806,876,evening,10.30356956
6171,96,58.72611041,86.85764124,874,morning,5.624691242
6172,127,0,37.28910033,521,night,7.475940823
6173,122,46.35844168,76.4827274,1055,morning,45.17433555
6174,94,50.12376901,24.00807043,1493,night,45.9045779
6175,116,62.16810692,68.0447986,508,night,39.54965933
6176,32,57.11143575,46.67452203,650,afternoon,34.96650547
6177,74,50.26082048,66.16805545,748,morning,8.437689983
6178,91,47.95886445,37.98076357,1356,night,17.43391938
6179,106,24.80865281,29.43393303,887,morning,18.48813419
6180,71,56.90056306,48.59901482,539,morning,22.96238106
6181,130,47.53951523,89.51027147,1204,night,58.21045837
6182,69,41.3635796,67.48520451,990,afternoon,65.84583248
6183,122,49.73751922,61.16572898,682,afternoon,7.302405325
6184,132,42.80489779,71.98652243,567,morning,16.96870288
6185,47,21.05766798,72.91116775,752,night,4.805919981
6186,108,63.13822757,29.47440688,903,night,31.3386958
6187,75,87.43691546,23.27376291,1015,evening,25.46388234
6188,87,55.54492173,50.91318668,797,afternoon,57.07941318
6189,91,55.90749459,14.78366648,570,night,21.94988486
6190,121,79.99125816,47.47406406,1368,afternoon,45.5731893
6191,106,88.06338381,69.30452653,718,evening,11.48574083
6192,72,46.48509615,0.741016438,563,evening,35.54996533
6193,69,35.55569007,11.11474549,902,morning,1.229699623
6194,50,58.72933651,96.21537191,1174,evening,4.929516363
6195,96,53.1503407,92.79419688,1010,evening,17.77024446
6196,54,69.3240443,41.79165073,1221,night,65.3829123
6197,102,50.07466509,59.00328161,1393,night,64.91448049
6198,101,51.53498421,15.52924364,570,evening,27.39660559
6199,47,30.79335287,33.10119888,1181,night,4.173995399
6200,29,70.42676661,79.29321785,585,night,34.27368503
6201,45,37.29275133,85.59665745,1183,morning,5.839645942
6202,49,26.13199974,40.52921669,1369,night,12.94496651
6203,90,0,31.1052691,1399,morning,11.31452284
6204,68,47.97635405,68.16818983,1016,night,64.74564714
6205,72,35.79242103,71.79031568,707,morning,35.4829937
6206,51,45.32597748,98.38070282,1106,morning,2.211225496
6207,86,40.22532024,69.7328808,813,afternoon,55.61928298
6208,123,42.69394013,24.01649974,1204,morning,16.88468956
6209,47,33.53044011,5.99845825,1157,night,42.16609805
6210,74,35.04170748,25.76052045,1090,morning,44.9743229
6211,111,31.01757747,22.66526241,773,evening,198.925182
6212,72,46.06610261,9.283428158,1416,morning,12.7827813
6213,47,27.09621864,44.43875803,1309,morning,59.9509613
6214,45,75.1563026,28.81391234,792,evening,10.1396609
6215,112,49.81889979,92.50905676,1342,night,162.3791623
6216,65,19.29160562,40.39097487,573,night,15.84175936
6217,24,54.39557187,87.6616611,1450,night,32.38019947
6218,24,32.03736754,30.67320604,698,morning,156.1435348
6219,58,70.8988395,83.14905921,511,evening,6.709965549
6220,72,37.73609993,45.45145536,993,afternoon,29.34496541
6221,79,77.86719882,3.235819879,1381,night,192.7044705
6222,74,69.9942597,48.69534301,1202,evening,86.4507438
6223,58,120,22.67681883,749,evening,7.482344845
6224,39,51.94920426,30.74421673,1435,night,3.11835089
6225,63,63.79019072,68.43574024,908,afternoon,16.65757619
6226,108,50.25200423,52.95046565,1375,night,43.23588209
6227,110,51.70104654,88.86124995,1379,evening,46.77808868
6228,50,74.65960123,93.5954657,970,evening,28.05105638
6229,100,65.45100596,69.09573801,1337,afternoon,28.62662911
6230,57,48.15809348,86.35354134,1041,evening,3.857483786
6231,124,76.4171545,19.5074392,749,night,17.45939325
6232,110,70.02554855,7.927447797,1195,night,25.75256988
6233,100,81.13115677,33.29691084,1477,afternoon,34.5223305
6234,94,74.40626404,32.57162961,1349,night,2.887873015
6235,70,42.93118413,66.50925179,1327,night,35.19855693
6236,113,40.78984655,84.03597606,1348,night,85.04352648
6237,53,41.4903654,29.68823432,1425,afternoon,46.28639566
6238,40,65.61752055,42.47730007,1276,afternoon,29.33511997
6239,55,76.85798632,10.49553606,917,morning,3.065490418
6240,77,71.16659968,41.274094,803,afternoon,47.44833155
6241,40,21.43853579,21.44087053,1398,evening,32.62621008
6242,98,35.70958621,38.24553818,1332,morning,23.86829548
6243,104,63.66501109,26.63472598,1133,evening,48.6063782
6244,58,74.57970824,80.87295348,1227,afternoon,33.67198365
6245,106,56.16216242,0.406268769,525,night,19.02932975
6246,134,80.55988614,33.87082617,1303,night,8.0196658
6247,47,12.18755709,96.92356405,1130,morning,21.05596248
6248,65,45.81303493,67.89926969,1428,evening,5.01958525
6249,121,78.34278799,77.21672313,787,morning,1.862507427
6250,76,56.78279997,85.98737632,616,morning,7.995608167
6251,131,33.89911815,36.18440901,719,night,13.72333688
6252,115,65.79682041,6.594462025,1319,afternoon,31.22207659
6253,49,52.74829343,41.06899563,1397,morning,20.75688648
6254,93,40.76060934,65.27064419,677,night,39.85720662
6255,129,18.56760147,37.07915802,760,evening,40.12240917
6256,91,63.92494816,44.83125112,878,morning,36.73293236
6257,49,28.26564712,82.55039839,987,morning,23.78743517
6258,43,92.84365249,3.623712473,656,afternoon,32.6331291
6259,56,14.35074174,33.4721026,649,afternoon,113.7292701
6260,29,51.09615749,48.84130279,836,afternoon,36.70296928
6261,45,65.03098792,29.91870349,1169,afternoon,40.69974205
6262,82,29.65936296,44.58293496,1407,afternoon,10.32515316
6263,77,35.80938286,40.17643402,762,night,19.50181913
6264,91,67.00422573,92.39089431,1287,morning,17.13884732
6265,86,30.98575717,49.31225465,724,night,13.08408123
6266,103,88.41265885,47.6321958,629,night,18.46122612
6267,79,51.11272505,25.44880958,689,afternoon,27.34069583
6268,43,41.60990289,4.632282501,1137,morning,29.36089794
6269,86,82.442653,29.94781045,1400,afternoon,54.89777507
6270,81,28.82836202,2.720818001,889,afternoon,32.041541
6271,55,84.59521487,82.67742498,827,evening,61.06263249
6272,121,30.35242578,20.42876641,1403,afternoon,32.06691914
6273,73,75.18976241,91.11935289,771,afternoon,12.9271206
6274,115,87.28819079,88.58360462,901,night,29.89827377
6275,55,47.92035173,66.46958762,1261,night,39.17126418
6276,35,47.85659793,86.25436814,661,morning,34.71786644
6277,63,44.2984089,87.79150351,1233,morning,56.89607384
6278,126,34.36198442,77.63463833,614,afternoon,70.79944256
6279,101,51.6959304,50.79279327,943,afternoon,12.24860523
6280,86,68.13485742,95.00464758,1101,evening,2.466247243
6281,121,61.75988659,81.77410608,544,evening,32.04924712
6282,45,60.17280998,12.69850089,924,night,3.504869222
6283,75,35.32997824,41.99082913,651,morning,64.62040045
6284,119,28.44702262,53.96911869,1014,morning,51.80690244
6285,80,85.3567596,52.94145066,1421,morning,37.50341593
6286,78,23.30039931,37.95347931,514,night,78.18214642
6287,106,46.96262797,53.16402516,1048,morning,65.45966849
6288,64,65.04618074,9.299204381,1166,night,76.89256819
6289,81,80.4226216,65.52324362,714,night,39.89117125
6290,104,50.42888441,49.77421944,868,morning,13.78764754
6291,114,55.48709437,78.76529767,1311,evening,1.467665025
6292,101,40.5492207,69.33876944,1050,evening,1.906109294
6293,110,84.616579,11.27697938,872,morning,47.27220331
6294,124,77.44599727,35.07095467,1035,evening,6.37279025
6295,82,29.99070327,73.62467026,557,evening,11.26673059
6296,81,63.12603898,33.68861927,696,night,26.46440698
6297,94,47.67999805,56.69010331,1401,night,4.215507002
6298,92,56.24742315,96.12695464,1261,morning,126.6549967
6299,37,33.97296869,7.992060509,1308,afternoon,50.96491524
6300,39,10.91438252,19.02892057,1444,morning,26.36340455
6301,82,27.82791732,48.06094016,638,morning,71.72899455
6302,93,38.8879071,73.84334507,545,night,20.41112017
6303,25,40.02448529,33.01113381,475,morning,68.17532984
6304,57,3.130173162,11.74614831,1052,evening,52.4575843
6305,39,56.22827543,31.57758309,742,morning,0.425502954
6306,75,21.81194194,64.44325559,1139,afternoon,47.79784374
6307,103,49.21612377,79.25477889,672,night,45.96453517
6308,80,26.32226159,97.70128913,586,night,11.45452883
6309,112,14.21406308,76.13456983,1009,morning,20.37979813
6310,71,49.00461778,49.22586656,647,morning,4.461785032
6311,117,45.98984665,29.26170559,1489,afternoon,32.95072475
6312,114,51.89041856,92.75163836,911,evening,33.66193704
6313,84,81.92449775,53.4210324,1233,evening,119.6328521
6314,105,64.1949031,68.87936077,859,night,38.48542163
6315,54,89.41927802,47.24403574,1102,morning,17.79080636
6316,109,43.85890376,24.21070626,865,night,5.963521905
6317,67,35.56665824,54.69384472,1504,afternoon,46.49482328
6318,130,59.17335368,83.99041961,1040,evening,13.09918417
6319,108,87.16749024,38.33209279,1053,evening,86.32497178
6320,110,27.62136897,66.87265028,1339,afternoon,9.734049993
6321,54,78.00316751,4.235615426,740,afternoon,6.567195308
6322,106,59.50202809,93.65375773,838,night,29.06186326
6323,79,41.17510294,96.99315399,947,night,74.17673426
6324,87,80.0656891,38.62946037,862,afternoon,4.561945401
6325,43,26.00756704,49.83839135,672,night,1.266662248
6326,51,63.35157859,16.05827019,928,night,102.6895327
6327,35,46.28897527,19.61967165,1236,evening,4.410614827
6328,56,72.34921239,60.20686235,1230,morning,28.05806544
6329,86,56.69841064,62.70044639,861,afternoon,6.660493351
6330,32,71.94162533,34.16069321,1016,morning,5.506215446
6331,74,50.96386003,37.4028188,1203,afternoon,5.08969782
6332,93,41.30232398,50.62285295,722,afternoon,37.13315321
6333,82,48.38233315,93.97924096,636,night,42.76627091
6334,53,53.65935619,14.9656634,546,night,3.828190235
6335,47,57.04670595,55.15278113,1293,afternoon,4.405228801
6336,33,63.64766236,5.818614232,1062,afternoon,81.6937717
6337,75,50.33029467,45.83490979,699,night,26.66463564
6338,47,63.59299832,39.72122063,561,night,45.6009983
6339,117,94.37665723,16.4199003,1107,morning,2.519597995
6340,36,35.52048246,16.39955414,1179,evening,1.615070423
6341,37,70.09318514,45.0096398,1393,evening,15.1352563
6342,112,36.38426912,12.65949055,1149,morning,24.30758472
6343,76,31.13104441,29.47783773,647,afternoon,13.98033962
6344,121,78.71116736,7.121835242,1305,night,37.4934349
6345,47,31.98457391,29.7293724,977,afternoon,33.21290098
6346,73,49.49430853,53.36924615,1313,evening,17.76403536
6347,99,33.9957522,74.38710048,1276,night,2.482484647
6348,115,98.36316393,83.04068631,685,morning,27.15506395
6349,69,49.43388296,33.78424958,1183,morning,8.307359073
6350,71,27.98691826,93.87968867,1320,evening,14.62489395
6351,60,32.63846162,24.06247873,971,afternoon,0.435074935
6352,51,92.43289228,8.057636044,779,afternoon,22.08841553
6353,106,45.71569159,92.50096658,876,afternoon,36.01849105
6354,133,48.36628641,53.98105629,1419,evening,25.84676327
6355,86,79.68811948,35.13793029,993,evening,41.77859651
6356,37,75.47029767,89.81108565,735,evening,223.3490655
6357,137,32.43359545,77.57457649,1006,afternoon,30.03649409
6358,48,34.09055212,83.24437165,533,morning,7.495375927
6359,63,38.94182766,29.23434493,1420,afternoon,25.47938693
6360,35,43.45764676,87.34852293,1175,evening,8.43408702
6361,68,66.64612918,64.97724831,930,night,12.02336786
6362,81,48.26179282,73.80158566,595,evening,13.01797276
6363,67,43.87554384,31.24221768,806,night,22.01817273
6364,131,50.10043989,24.50155154,1376,evening,22.25323169
6365,59,38.69319561,40.81815177,847,evening,33.01706888
6366,106,81.11720302,57.52127282,795,night,17.27290408
6367,70,36.0644392,66.59869119,734,evening,6.236390238
6368,129,50.53551911,49.79645518,889,morning,20.25846059
6369,44,62.34933879,69.886423,1111,night,47.75802154
6370,132,63.49749033,70.83315731,898,evening,36.40304412
6371,118,42.21720385,66.60745191,516,night,3.674415802
6372,92,71.92915666,25.10884679,851,night,88.88935664
6373,86,92.86227315,44.6328489,917,night,10.95109088
6374,79,86.04331034,76.57482117,846,morning,26.48990959
6375,59,0.401213169,88.69614451,1348,evening,0.977803692
6376,42,48.33489774,50.11711283,733,morning,72.06443942
6377,122,36.76293636,98.67907397,807,night,34.51974962
6378,120,61.12249098,17.47126554,696,night,9.69120055
6379,120,71.0422919,22.43791067,1002,afternoon,34.49709015
6380,127,27.01510303,46.07513067,932,afternoon,10.38252899
6381,80,67.35875054,50.87405786,972,afternoon,9.022037264
6382,91,49.47021656,42.44771118,500,night,17.77108221
6383,113,44.7519551,43.03969893,1229,morning,27.4936032
6384,97,60.57274029,48.72506237,1304,night,7.046859175
6385,101,47.09518613,32.01663819,1081,night,40.7492969
6386,46,72.65762105,13.09431116,1375,morning,25.88615064
6387,136,42.12366305,95.61086683,475,evening,0.224643625
6388,96,76.66778682,79.49869283,1129,afternoon,23.91365182
6389,43,49.57630462,81.49031289,1018,night,16.38917422
6390,107,2.452918492,36.49589008,832,night,33.20172434
6391,40,33.93870544,40.38843095,1427,evening,68.41940612
6392,71,47.90953899,93.58432614,788,afternoon,9.140749662
6393,129,57.39172219,97.29134004,992,evening,33.59632439
6394,119,48.02670433,94.26208647,1113,afternoon,4.934511208
6395,103,36.05593147,64.26001821,985,night,2.684420295
6396,75,85.61886485,24.27159367,1160,afternoon,80.57185051
6397,56,78.08282155,60.49733501,1003,night,59.47802098
6398,99,25.85670378,58.90866039,1286,morning,20.87881944
6399,46,33.15406404,90.82351603,712,morning,4.466222551
6400,63,56.3826857,31.16686019,592,morning,9.168166769
6401,65,46.95376032,20.06799301,1483,evening,25.13681061
6402,61,0,26.58070069,943,evening,31.65351123
6403,42,35.62079805,24.3145043,930,night,35.1943798
6404,98,64.66107071,64.8384419,1084,evening,41.32760501
6405,112,52.24285952,81.24329852,1375,evening,7.066774906
6406,33,31.37755275,36.81132424,811,evening,10.54008543
6407,67,38.8176549,17.64129306,1114,morning,0.381103994
6408,39,45.53494102,34.30916166,758,evening,2.305958767
6409,56,101.2145327,54.65583721,907,afternoon,11.10975658
6410,115,50.72432955,66.44860378,1299,evening,6.165637817
6411,125,35.53700908,54.97986674,506,afternoon,20.35016131
6412,98,86.06189683,25.67302917,841,morning,56.64710883
6413,60,61.59361286,91.80187808,1334,night,38.51078345
6414,32,33.89321587,43.78126046,1169,evening,42.14382138
6415,117,50.38668896,45.89699736,1189,night,27.50772314
6416,39,46.16831218,96.73852254,994,night,36.16289161
6417,56,60.97230999,86.83674504,676,night,5.953592808
6418,57,24.85147259,80.62691713,1417,night,24.11986555
6419,35,26.16816931,18.26910161,1495,evening,25.36050266
6420,81,44.85663009,83.80873087,1272,afternoon,29.72319617
6421,62,32.39606683,45.53086412,747,night,45.32586731
6422,66,70.34422291,20.93937817,817,morning,86.47335531
6423,75,29.43111565,99.0881966,866,morning,37.31472072
6424,119,98.14912265,17.20542603,620,afternoon,76.74961448
6425,55,46.96415465,92.1937626,726,night,23.94988855
6426,26,52.63042698,0.052853393,1046,morning,10.24685558
6427,37,57.02052462,43.79180598,818,evening,32.23489216
6428,56,48.54190506,2.98959878,1260,morning,118.7989158
6429,115,73.59389927,91.24521417,851,night,37.1061963
6430,73,52.91156515,12.58890325,1471,night,104.2265546
6431,122,39.57173222,67.30984739,584,night,0.679428827
6432,132,22.69971479,63.12203753,1361,night,8.966772931
6433,116,57.82635165,77.90684087,1414,morning,9.589804589
6434,90,68.28783362,74.68776453,691,evening,16.69555986
6435,120,24.65267369,3.244885815,1342,night,0.938181695
6436,73,42.37738324,38.8400627,686,night,73.69077246
6437,126,69.31363067,32.25230662,969,afternoon,36.83529112
6438,96,32.97293038,97.28852636,1335,morning,2.630421384
6439,42,32.79083264,77.4893202,1091,evening,5.760146433
6440,102,46.96840461,70.7959766,883,evening,27.72262084
6441,105,76.30652942,44.21603867,990,evening,71.74335512
6442,106,68.37172908,89.09683327,1087,afternoon,2.750772063
6443,121,76.32143199,1.681965362,1199,morning,17.037942
6444,59,30.12727045,22.84386942,1256,night,6.694807688
6445,99,36.80878084,69.50128001,1137,morning,5.965959121
6446,56,46.43162989,50.83878514,746,afternoon,39.28958728
6447,125,43.86990072,53.38072756,564,night,52.54596221
6448,117,34.46410757,41.63449394,960,afternoon,76.20432726
6449,57,59.61646652,16.64582808,1024,evening,34.55904129
6450,80,17.40376461,16.62214827,994,afternoon,2.037077393
6451,97,52.99214253,29.44812208,1266,night,13.25145254
6452,114,83.23726667,46.83096418,883,night,17.47808607
6453,76,51.57002928,82.41258338,622,afternoon,9.684272286
6454,95,33.35565486,44.68320217,1405,morning,23.28728931
6455,66,24.39145023,89.77953209,655,morning,7.943742966
6456,62,57.21616544,12.05167029,1309,morning,68.90673496
6457,76,84.72755967,27.17729769,1075,evening,4.646720205
6458,106,54.26870147,7.05237638,948,evening,16.65648889
6459,31,43.29596972,51.0025566,1457,evening,4.000785755
6460,43,34.74021309,9.003229519,712,evening,13.30681658
6461,38,20.45270045,79.56841449,955,morning,19.89519964
6462,69,55.44978944,3.976370695,1456,morning,24.21625864
6463,113,17.96984451,47.53934258,1117,afternoon,12.08096152
6464,123,68.30340041,42.06145095,594,evening,49.76423669
6465,58,62.54175869,20.22328569,683,afternoon,21.73387083
6466,105,45.67903551,58.68537791,883,evening,146.4575443
6467,91,62.95590273,38.60983418,1400,night,3.955466259
6468,95,53.45423395,19.7966811,1381,evening,6.083498709
6469,86,62.77717095,82.65627969,1118,evening,48.55353818
6470,70,67.89290937,66.06954912,1370,morning,24.24096445
6471,91,44.89928951,1.215285054,1201,night,13.38971071
6472,102,24.07291088,50.18646826,1357,evening,15.8518509
6473,121,95.1601189,27.13067038,662,night,24.88880574
6474,118,45.73457606,91.51122634,602,afternoon,2.690480702
6475,62,41.44003518,72.55808501,1347,afternoon,43.46128872
6476,85,58.87974447,61.1614697,902,morning,17.88805911
6477,66,46.13427095,8.905408117,1283,evening,15.95709578
6478,115,24.84027819,93.06459147,1314,morning,44.50970769
6479,97,26.16326047,14.42012444,687,afternoon,25.26286283
6480,36,32.19299551,45.07466405,1148,evening,42.09139371
6481,71,57.14683232,68.10415711,1373,night,79.19889298
6482,98,36.09049148,49.47690122,755,morning,87.47288994
6483,32,68.71026241,88.24700359,949,evening,16.82515066
6484,105,46.90050722,83.53412621,1531,afternoon,2.161477089
6485,92,48.42655008,13.53678498,845,night,0.377106735
6486,69,51.19958521,61.76362602,1024,evening,36.64694603
6487,112,29.21196008,5.220315029,1148,evening,2.551886822
6488,85,75.504304,72.05775061,599,morning,14.83851581
6489,87,56.20507228,73.60209203,1014,night,32.56470233
6490,94,46.5381314,34.44911496,1221,morning,192.8522165
6491,127,39.41620304,78.65938174,1113,night,7.571992884
6492,114,39.02954338,65.27024509,660,evening,0.292698644
6493,93,26.85521597,50.40507282,599,night,1.263818623
6494,122,23.36766068,45.52725542,1101,evening,7.581237639
6495,127,23.3725762,10.91405049,865,afternoon,148.8825832
6496,96,71.25919951,53.11039793,1130,afternoon,2.407688013
6497,93,34.66902805,15.60999519,1472,afternoon,41.500796
6498,81,28.47410729,65.60304627,778,morning,4.873121049
6499,79,75.75901917,59.47139662,580,night,6.835781696
6500,93,51.21393194,29.0530887,941,afternoon,2.695412224
6501,64,26.52457553,24.69990797,595,night,7.767459227
6502,50,61.41492407,47.60624915,985,morning,3.682783521
6503,87,79.06363212,51.24879141,523,afternoon,0.527023062
6504,51,63.56027643,79.79253162,1119,afternoon,48.08061084
6505,107,52.76380251,30.39580001,1250,night,6.33989284
6506,114,59.35776143,40.34226353,578,afternoon,3.787558049
6507,58,73.89629902,34.32953399,780,evening,9.531890661
6508,103,84.55963781,39.41168039,958,evening,42.045177
6509,107,30.979118,56.70968413,623,afternoon,7.638604195
6510,65,50.44750867,55.74711238,830,evening,23.42037967
6511,96,62.0915563,36.13423348,1311,morning,7.340009233
6512,100,53.43968609,60.24352842,1364,morning,14.68616878
6513,86,60.59392383,61.60446823,1463,night,22.1026444
6514,46,94.17232883,52.68978317,802,evening,42.5421612
6515,115,44.7635685,45.23617073,1220,afternoon,9.925674123
6516,109,21.74502824,7.793661537,1442,evening,17.74363782
6517,89,87.00122534,54.12680475,738,evening,30.89311491
6518,77,85.35587541,71.26999905,1208,night,9.657410096
6519,68,60.86521299,21.53271447,1471,morning,7.455249687
6520,71,40.09694351,77.7835166,1252,afternoon,25.24302186
6521,75,67.15043009,58.64302854,1462,morning,91.34417187
6522,29,50.65297222,23.75209585,1272,evening,72.26438713
6523,89,43.81229201,16.29512724,652,evening,27.51591255
6524,32,36.47194948,24.54014513,1310,afternoon,16.44517227
6525,85,49.67482299,75.9086098,671,night,25.02838043
6526,32,60.93797992,25.05118744,983,afternoon,48.58397272
6527,38,53.28353257,68.32237186,862,morning,2.923318737
6528,54,67.68631294,54.58165239,1244,afternoon,45.58634638
6529,96,45.61527944,54.68455592,835,night,32.1900482
6530,135,41.62798481,85.25993218,1252,afternoon,9.402013802
6531,121,57.74878965,87.47271213,1397,evening,62.63381289
6532,84,51.72602894,53.69089506,1223,evening,2.499391319
6533,103,79.68100609,6.529057172,1325,evening,75.28226072
6534,102,43.06840931,16.11846368,551,afternoon,14.72691904
6535,48,39.9542804,94.86674549,1301,night,49.87213564
6536,48,46.62392356,13.46876889,1057,night,5.033263582
6537,25,41.73669017,83.53517734,1223,afternoon,25.14738421
6538,53,37.39585852,54.04068055,922,night,1.020576305
6539,93,17.3570473,11.40123112,861,evening,9.802332879
6540,62,26.92827392,91.95037062,613,night,53.09811771
6541,31,47.59575222,92.81049816,603,night,18.17354855
6542,131,23.84860682,61.53615075,976,night,32.3202682
6543,67,61.29314896,38.88600445,945,afternoon,49.38627446
6544,130,57.39961937,60.74987771,1208,evening,22.67179573
6545,35,36.60232122,62.77601354,565,afternoon,26.44403193
6546,34,48.94294626,62.21382599,1049,evening,43.61699448
6547,45,46.16744727,73.34083045,1198,morning,3.850167096
6548,90,13.90369017,6.714445203,1148,night,2.227237649
6549,55,58.89883581,10.25300146,1476,afternoon,29.17971668
6550,112,38.0500508,28.27785411,1054,night,110.7437002
6551,42,30.50494212,34.96921983,1222,morning,31.04810259
6552,107,63.56419967,63.80304749,964,evening,36.63337645
6553,79,54.86408427,17.18750563,1092,morning,32.23671722
6554,51,68.22492923,54.10292571,1508,afternoon,27.91900174
6555,84,47.64225019,18.53395265,620,night,6.605242592
6556,84,54.30600174,35.5486302,1395,morning,55.0290605
6557,58,65.98312895,93.54990447,1399,evening,25.76988788
6558,99,83.52674929,89.56993864,742,morning,115.0029241
6559,59,43.77050983,95.31039306,780,night,2.147521086
6560,85,54.96189059,59.14194608,1227,evening,10.63534524
6561,96,61.47136526,50.13002131,602,evening,3.139541661
6562,80,61.31177513,84.89148265,633,night,58.8037504
6563,128,39.73660586,7.966487766,649,morning,51.0911253
6564,128,47.75945955,97.84494464,628,evening,44.49175236
6565,93,61.27531231,46.23723542,698,night,34.05259168
6566,22,53.52062829,67.57863491,1207,evening,3.381526686
6567,73,88.29276892,72.84699159,1304,afternoon,15.62370424
6568,68,43.8098538,62.88398473,1154,evening,36.57349943
6569,39,34.00538042,89.15251593,705,morning,13.4280923
6570,61,59.69016296,28.81612886,523,evening,37.95858036
6571,87,31.23245464,53.23081738,690,afternoon,10.08070897
6572,85,40.83095999,43.03053297,1267,evening,23.52749039
6573,79,51.61368723,70.41288244,1123,evening,13.13345451
6574,76,49.34076174,39.51151726,1415,night,76.33993455
6575,50,48.79182101,89.28602375,1140,night,17.52291768
6576,74,38.73026428,49.04301357,1206,evening,10.13456677
6577,93,57.39487988,53.60081069,1117,night,1.761006537
6578,67,93.45178722,49.33932678,501,night,4.71555402
6579,123,66.58885365,62.26361968,567,night,24.96583523
6580,58,13.12517963,51.04015155,653,evening,36.23370534
6581,64,41.85375062,93.74180987,1052,afternoon,92.61432529
6582,47,60.63955672,13.1122408,940,evening,27.24991605
6583,55,20.08344613,1.342734887,532,evening,34.25499523
6584,32,1.568796677,52.17863309,1298,night,29.01246967
6585,47,35.50328356,76.4630814,1304,evening,69.83066939
6586,77,33.82646462,64.81957791,792,morning,10.80500485
6587,46,82.80158298,96.27341515,775,evening,27.73124423
6588,97,57.10958716,18.22770106,889,night,96.40447601
6589,110,47.10781463,69.39825671,990,afternoon,0.21461484
6590,121,43.68145239,81.58678515,1071,evening,9.481585744
6591,61,59.01316158,91.20639587,969,afternoon,42.6619489
6592,73,53.96115101,52.85514609,839,morning,19.04161843
6593,102,58.97546256,36.31063682,907,afternoon,5.531460089
6594,85,56.46325779,95.53612328,1322,evening,25.43447431
6595,35,70.78307364,79.14711229,621,afternoon,21.71251205
6596,29,50.65633165,47.08439348,1394,night,18.16067747
6597,96,65.57373779,65.11660589,1259,night,12.54489546
6598,43,57.13675821,27.85768806,592,morning,1.619021184
6599,131,54.04914612,61.48418739,761,night,27.79957255
6600,62,42.00728983,54.00297045,573,evening,21.84812086
6601,90,48.69021114,3.922532401,1408,morning,26.4103118
6602,121,49.0413536,86.57478324,1450,evening,0.07329493
6603,102,71.57503241,49.0192249,984,morning,2.589088168
6604,39,54.71281061,47.97365743,1133,night,5.506762459
6605,89,31.92586334,28.34298624,638,night,17.85006883
6606,87,19.06711039,19.63876008,1437,evening,49.49203815
6607,35,27.24301595,29.1371823,1073,morning,8.464826191
6608,89,36.22174133,64.99805015,551,night,49.56103769
6609,103,59.2180756,9.764923121,1265,night,8.046363667
6610,63,37.6182294,33.28643739,1103,morning,41.47411995
6611,124,74.52993599,97.87403032,967,afternoon,62.19937642
6612,29,25.46803767,27.15285757,1019,afternoon,50.8602558
6613,50,63.25855281,96.66550152,1320,night,40.22618462
6614,115,12.74176968,10.48107677,722,evening,1.176039663
6615,117,27.65417862,79.39851503,1492,evening,12.02117765
6616,98,30.13371723,43.97381719,1467,morning,6.563809697
6617,111,29.88534796,19.48169385,933,afternoon,19.30715626
6618,36,37.24995328,78.74224906,716,evening,13.12206698
6619,90,65.73360101,0.698079139,1082,afternoon,28.85447156
6620,116,64.35227085,34.71402069,603,night,25.02363841
6621,80,29.86257501,60.48573322,1493,evening,16.90856898
6622,97,46.07593517,23.09702458,870,afternoon,43.75441244
6623,105,59.08772055,33.25333955,1487,evening,0.44747827
6624,85,46.29989376,9.145336417,1020,afternoon,60.24388681
6625,49,81.54273961,85.3212328,931,morning,0.088644687
6626,46,57.64001483,42.21663449,1381,evening,18.04527315
6627,45,32.73534228,14.52951368,659,afternoon,63.94642752
6628,102,34.72463494,19.90940114,556,morning,16.23839435
6629,126,30.66540667,27.51668995,1143,evening,42.2770738
6630,116,36.01461931,22.94664754,1013,afternoon,15.47151114
6631,77,50.43073519,50.33067346,812,evening,57.09913479
6632,36,45.28987947,90.52181704,581,evening,215.0799974
6633,78,40.60849692,18.39150931,949,morning,68.56995211
6634,90,61.63619912,45.34464631,1405,evening,1.720914778
6635,87,56.85858636,66.39294883,1393,afternoon,4.814084526
6636,119,18.40859727,18.37941689,973,evening,23.41714691
6637,97,24.51962226,15.39921114,679,evening,97.79197445
6638,96,30.3124626,15.53627292,1094,morning,15.6426661
6639,130,33.84349966,88.19839634,558,morning,9.73211981
6640,83,37.21770587,71.12654369,1199,afternoon,100.5541899
6641,107,41.93323201,33.63687776,872,night,37.01087954
6642,79,57.12866617,90.25612187,1449,morning,44.14707449
6643,86,27.52082226,95.35457008,981,morning,3.520938259
6644,126,34.70899741,39.82737915,514,afternoon,9.137181726
6645,124,18.32363396,51.04475648,1421,night,21.01271812
6646,59,31.57496906,35.80846436,569,evening,40.00395155
6647,81,45.84376679,22.7555823,750,evening,12.79845465
6648,108,32.05831428,78.00098872,1274,evening,6.854851627
6649,61,29.36445589,64.9062672,826,afternoon,17.24254417
6650,17,39.75063261,36.68903874,1150,afternoon,16.56493659
6651,112,54.72019445,1.437998318,1282,afternoon,61.89983647
6652,109,31.63950759,76.36733953,1384,morning,81.436624
6653,27,70.43687934,47.73714295,927,afternoon,5.547072844
6654,90,33.0733253,7.308532532,1496,night,9.834011903
6655,109,41.67062225,12.45023784,544,morning,46.25682667
6656,118,73.15749082,62.83778727,519,evening,8.433065738
6657,121,61.48773461,54.63323545,1144,morning,9.222036898
6658,83,47.22062697,24.04782686,1130,morning,33.8697607
6659,111,57.42882215,13.98792859,634,morning,21.45157519
6660,104,24.65623777,88.4734277,884,afternoon,36.48187378
6661,120,86.12853419,13.48669051,863,night,2.26062358
6662,80,25.70365082,8.567621611,1299,afternoon,21.0477639
6663,89,54.16945228,61.99418732,858,evening,33.51973974
6664,65,72.46095541,25.25522827,563,morning,19.29696337
6665,58,55.26021572,65.65999914,934,morning,4.102659576
6666,107,48.97177757,48.90980363,1338,morning,4.312188403
6667,44,72.51060777,21.12484291,1164,night,26.60193266
6668,128,62.4074638,6.963864096,1387,morning,4.666103637
6669,114,40.26159512,7.065087303,1112,afternoon,10.86205283
6670,100,80.84852256,58.58602444,627,night,17.45783988
6671,130,35.11138272,75.8245228,1131,night,26.99160525
6672,32,82.5097502,68.96597853,550,morning,9.249254927
6673,75,61.86486006,59.28530351,876,night,15.58828916
6674,104,42.12985652,21.09281524,1458,afternoon,13.75767339
6675,51,29.57784868,86.17885977,1253,evening,3.06330154
6676,103,53.19875392,62.8845754,859,evening,48.85260017
6677,67,37.64750749,69.41985579,952,night,40.68875414
6678,25,52.15741622,22.38310769,1315,afternoon,45.99214786
6679,42,65.27060776,26.14910036,1318,night,4.781293735
6680,100,67.67971698,90.75495602,1230,afternoon,21.86606781
6681,56,77.77399296,47.60735707,718,morning,12.02597767
6682,93,29.49926135,55.38424646,731,morning,12.85422514
6683,45,54.8269923,11.07654908,965,morning,2.042121183
6684,92,21.71983045,39.45739817,969,morning,87.47298449
6685,54,50.07867099,88.70360332,1093,evening,84.25240165
6686,123,18.92050109,90.01510011,879,morning,15.7435337
6687,59,92.36926363,73.01526896,1299,morning,57.81282632
6688,47,75.89518845,54.56376742,1144,afternoon,12.01921613
6689,39,19.16352926,93.08222407,979,night,24.58968814
6690,86,37.44587171,87.18409986,1010,evening,40.94835007
6691,111,64.46542128,84.63512038,510,afternoon,22.21119603
6692,55,54.68272501,88.18072545,798,night,5.366936518
6693,41,50.38372526,45.32383872,1340,morning,14.29443536
6694,67,55.03082527,52.54899498,1261,night,42.75149604
6695,46,67.06235864,42.40126013,636,evening,45.54177104
6696,49,90.19947037,74.00670198,1191,morning,12.37074377
6697,114,27.34540367,59.19271309,1201,morning,23.32689464
6698,88,45.90397955,6.969782492,1128,night,6.962427848
6699,109,14.02275645,13.66002144,971,evening,8.673850018
6700,108,48.97070714,19.23244444,1268,afternoon,4.692993703
6701,79,82.82978104,67.05538364,958,night,17.28346364
6702,31,59.47042149,10.98051089,812,night,38.17667328
6703,98,65.43512476,54.08197426,1031,afternoon,63.40513567
6704,75,53.62993613,84.08349768,1168,morning,23.60390485
6705,51,35.63998735,94.75145234,1062,night,31.66960793
6706,99,19.30289685,42.82321576,614,afternoon,9.31101324
6707,82,79.02123076,53.34295754,833,night,6.771757047
6708,41,41.05140962,83.15280332,1016,evening,15.11078375
6709,84,46.37079402,93.57417888,1409,night,24.55514149
6710,57,10.7601252,38.9861424,784,afternoon,1.024138625
6711,92,37.0699679,35.30605184,914,night,2.89867855
6712,70,52.63761256,45.08446422,1204,night,29.89006662
6713,132,56.83067693,25.38047201,859,night,6.668434918
6714,132,82.1695259,85.96643065,948,evening,18.11885854
6715,64,44.95386869,31.81977277,836,evening,82.70893178
6716,119,47.86625941,44.94573154,1407,evening,59.54692285
6717,110,80.43485426,31.99632672,1173,morning,1.974736647
6718,64,73.47024393,11.89210522,1072,evening,1.815055188
6719,86,21.84352554,60.66473898,1325,night,4.708356438
6720,38,78.96935036,58.76105374,1262,night,3.712665408
6721,70,17.90328353,29.49001434,1489,evening,8.783481725
6722,39,59.41231245,3.139816904,827,afternoon,13.95964652
6723,57,65.04728475,93.67466516,706,morning,2.597553391
6724,42,53.74543214,35.55472392,1082,night,18.51453317
6725,83,42.48934749,53.87547447,743,afternoon,22.63949674
6726,65,41.04752661,14.37487306,696,evening,32.5053919
6727,103,0.545149823,25.11680725,924,night,15.6434127
6728,116,53.02783343,43.52527733,808,morning,10.5248232
6729,43,50.64997866,56.22443832,807,afternoon,30.91568615
6730,79,80.1056741,85.40141676,612,afternoon,72.63976523
6731,89,44.55858848,29.04132605,558,morning,15.14984326
6732,85,39.46753766,87.17807702,568,morning,10.42028254
6733,78,39.74545249,45.84438733,641,evening,37.94561819
6734,44,33.2142205,43.26768683,1002,afternoon,62.9340618
6735,65,40.89955315,39.6414871,1228,afternoon,96.41785267
6736,33,29.39189146,88.61781368,936,night,7.459451608
6737,109,62.27108165,25.10171585,1355,afternoon,10.81929833
6738,106,57.97809673,85.73641722,1049,morning,70.88943789
6739,94,20.91942793,8.910348759,584,evening,9.440934807
6740,58,51.89029873,95.53280368,1415,evening,12.72096479
6741,117,72.28079871,50.30157558,657,afternoon,30.60466121
6742,88,71.15321869,99.89052049,766,afternoon,25.18943561
6743,118,29.20853992,60.79339401,732,evening,63.07558904
6744,103,76.65139216,11.76020717,536,morning,28.39079262
6745,83,39.41049266,6.089168654,760,night,20.13451367
6746,82,50.42961446,19.34188395,1034,evening,2.30472893
6747,86,42.96374929,42.11489268,598,morning,110.6980814
6748,52,25.93511055,74.71896474,820,night,16.46184984
6749,52,34.40275588,0.071479513,534,morning,25.49962363
6750,54,74.8999822,25.73467781,604,morning,20.9163862
6751,85,75.44452582,58.75699517,803,afternoon,40.17838364
6752,89,63.61644631,29.78833632,1303,night,31.19200339
6753,38,45.49344633,35.69436434,692,night,12.58709401
6754,53,86.02464219,30.07635729,1334,night,22.02175241
6755,100,69.7652092,95.31829192,1010,evening,52.46746282
6756,46,47.65923221,6.583317673,1168,morning,30.10906084
6757,123,10.91112898,90.75112423,664,evening,92.75971694
6758,58,67.22531513,32.32391753,628,morning,42.0659319
6759,86,74.83014746,24.65466421,886,afternoon,19.9187102
6760,74,58.57321944,88.32685346,1071,evening,49.35361244
6761,121,11.7957538,28.70844261,715,morning,17.51211869
6762,101,53.96483761,98.74835095,491,morning,7.19302437
6763,70,93.52125784,54.80877178,534,morning,29.80399739
6764,129,46.92792044,47.63719727,1205,morning,13.10377517
6765,80,89.27439085,97.64870876,857,morning,0.755307879
6766,71,64.04285837,22.67668684,892,afternoon,7.226806817
6767,37,50.94574799,90.89693291,642,evening,5.48447712
6768,87,78.05795765,59.15246045,933,afternoon,47.52269941
6769,75,37.8376715,75.4967711,930,night,38.91718484
6770,45,25.27242495,58.20342976,573,afternoon,28.59829568
6771,113,25.68743158,61.86484643,1051,evening,81.69366862
6772,50,54.15223989,15.49213969,1139,afternoon,5.884425167
6773,71,58.91744802,15.16626298,1429,night,5.34493928
6774,110,36.35526264,39.71570039,833,morning,71.93451736
6775,107,74.39131399,34.63892403,826,evening,31.2291725
6776,53,51.76704129,71.2060448,719,evening,24.46630673
6777,124,66.58835901,72.27603782,1427,afternoon,40.39994842
6778,57,36.36822181,56.37920397,754,evening,9.92484094
6779,63,46.36043874,40.20092017,1053,night,27.10746268
6780,121,14.69113736,67.68095877,1039,night,16.70079818
6781,104,44.37795987,68.7345549,586,night,11.00056493
6782,44,54.51155679,80.91019451,1139,evening,62.69969693
6783,115,38.78953859,81.17302005,1266,night,5.254245477
6784,104,48.7872517,6.956716314,1215,afternoon,0.54147049
6785,76,54.78083193,37.40513651,702,evening,13.34661842
6786,45,39.30272484,41.99291964,634,morning,6.634537718
6787,79,44.71096982,84.692505,1522,afternoon,49.98484336
6788,49,35.37883688,50.18077869,936,morning,4.062023764
6789,92,31.17480707,48.88057556,530,night,83.17232805
6790,51,74.58959643,55.37722489,1054,afternoon,5.501014689
6791,79,21.39849803,12.72141148,1319,evening,66.0166874
6792,49,67.07754035,56.52965939,1036,morning,5.531293701
6793,125,22.71156782,55.15472462,1377,morning,1.473780242
6794,125,80.22911772,75.44254554,1537,night,20.07399248
6795,73,61.50550718,63.41531935,851,afternoon,13.21887094
6796,135,42.52585815,95.50300337,1278,afternoon,27.32684316
6797,98,68.87842958,8.010137134,635,morning,30.70959542
6798,69,71.74250521,77.16515782,1162,morning,81.71610051
6799,41,61.57753846,75.15023854,654,morning,91.54869914
6800,43,59.47901346,26.9344933,789,evening,20.49447684
6801,40,54.47513418,69.85502702,639,morning,7.021109564
6802,101,78.33382428,65.93212478,786,night,8.521369488
6803,62,49.50262858,29.87058646,860,evening,3.150649855
6804,90,52.40126601,72.37825039,886,night,9.849831501
6805,95,67.24537272,93.06523425,1423,afternoon,72.70438738
6806,63,43.63262904,30.52190038,709,afternoon,13.60511725
6807,120,72.00041137,98.00826291,507,night,29.78872412
6808,72,67.83943779,22.42867931,1039,morning,119.2861991
6809,116,106.9192576,13.46417102,759,morning,3.386203658
6810,114,47.53405912,7.70503483,1179,morning,44.80006805
6811,135,61.96907805,21.36833561,517,morning,36.08823999
6812,89,59.33894702,34.25116181,576,afternoon,51.28439742
6813,58,66.20336938,73.31595328,1269,evening,4.42610852
6814,44,48.58217759,7.201097852,563,afternoon,20.90144921
6815,106,59.29426903,50.72651616,1356,night,29.99023765
6816,53,52.90647123,51.87426805,624,morning,42.82397355
6817,125,67.20006649,22.79430362,527,afternoon,37.40976526
6818,33,11.56779073,4.54566589,763,afternoon,25.38660093
6819,67,45.22930241,22.51190221,1137,night,18.99928036
6820,72,92.4255642,23.03895145,876,morning,85.27249595
6821,115,80.81575615,68.80237527,527,morning,6.018775278
6822,54,56.06674524,23.37794587,487,evening,6.857535631
6823,104,61.84412579,34.02641928,1037,morning,3.532207474
6824,86,60.39740762,4.742996104,1363,night,3.586216047
6825,96,62.61278653,62.39459953,867,night,62.02266831
6826,118,32.46939227,47.4143756,517,afternoon,27.98205622
6827,73,36.69106305,34.49694701,754,evening,82.04326426
6828,69,36.98376276,70.28803448,739,evening,65.37522248
6829,49,41.10503409,68.21218985,1203,morning,10.72230696
6830,63,81.48062481,32.79071562,1241,morning,30.75959359
6831,50,26.67333833,70.94076512,819,evening,14.31387894
6832,111,89.2761379,34.82099097,527,night,62.66692692
6833,61,58.10388933,22.19992744,1286,morning,39.75614366
6834,109,26.65932675,71.98298514,1247,night,3.953914821
6835,44,38.60364497,72.80257352,1369,morning,8.762285078
6836,76,58.77015406,86.57669384,1187,morning,32.15141572
6837,95,24.15436238,50.09442514,1106,evening,8.476235363
6838,102,43.03417632,23.23789726,586,morning,22.90958032
6839,86,27.25956226,83.689707,1200,morning,8.401486131
6840,93,62.70990887,17.46669465,1114,morning,34.42082792
6841,69,27.57519635,93.86135876,565,night,2.339350217
6842,48,19.83978935,30.66535311,880,evening,38.32056996
6843,59,79.2838346,1.876296704,672,afternoon,12.32978109
6844,103,43.89918646,18.67663217,1464,evening,18.12779076
6845,79,42.13998145,41.47918382,525,night,19.82485668
6846,79,59.42611492,5.518930377,739,evening,6.484179431
6847,100,49.44509562,40.95209776,749,morning,85.5017854
6848,125,33.54614136,20.28820824,1208,evening,0.004888479
6849,87,37.78652236,1.895433186,1309,night,13.99220747
6850,112,64.36900327,29.90064777,1468,morning,4.127226188
6851,122,30.71722141,22.63045546,1225,morning,13.38508123
6852,52,49.27832283,41.97597269,1509,afternoon,3.292666687
6853,107,83.35716011,75.9015323,723,morning,14.27856326
6854,90,44.0500345,50.977555,1156,evening,6.465661197
6855,107,74.64972308,76.80652654,816,morning,24.20863139
6856,65,29.80429892,33.66792235,1361,evening,0.360880607
6857,95,53.68973056,1.31845933,610,night,21.16253094
6858,91,74.92134958,92.21731393,1072,night,9.970450106
6859,41,38.58788553,31.47145066,1436,evening,11.63428497
6860,126,88.34495775,52.68776374,753,evening,13.1403129
6861,33,48.92476524,46.92146971,1316,morning,31.72875485
6862,36,26.7475509,58.30850822,622,afternoon,42.53631694
6863,119,70.07881594,88.49641034,1315,afternoon,12.00109428
6864,115,81.70377475,86.72445026,599,evening,77.70477009
6865,81,25.05923137,98.10302267,714,night,41.14063013
6866,43,58.8290255,52.8369266,700,morning,15.51725427
6867,83,36.54293232,92.24641936,1511,night,3.087683418
6868,117,29.57046666,48.24502356,1198,morning,24.65261272
6869,27,32.3604972,4.440383924,1433,night,28.5393056
6870,34,54.20349052,14.61948676,1494,evening,4.396113285
6871,125,75.86950079,33.39860731,736,night,57.32125128
6872,61,48.78157167,72.54576577,1309,night,14.4102604
6873,78,58.40004499,8.13715024,1269,afternoon,4.959336172
6874,39,38.9216602,36.15519744,1298,evening,22.0740474
6875,56,47.47293308,98.23610469,627,night,16.44754199
6876,119,32.637231,78.56803763,688,morning,30.82986476
6877,125,13.78852328,57.19957235,775,night,5.682954529
6878,117,39.76459566,6.17702532,844,morning,0.629467962
6879,75,72.58579422,1.461891267,1286,night,19.41438385
6880,130,0.1057837,10.52482359,991,morning,5.130708386
6881,94,72.02653662,32.71300492,717,evening,5.104011207
6882,109,56.57415684,60.6393346,1525,morning,33.98913827
6883,53,47.22842497,19.74801656,1155,night,8.983366702
6884,102,39.49342548,5.115107426,995,afternoon,54.97532913
6885,57,59.57834082,9.084832308,1150,night,21.69211247
6886,80,77.97104067,42.67949518,1056,morning,28.10098222
6887,88,55.15980747,77.31270144,589,night,11.60986237
6888,59,45.79157393,82.10875506,936,night,7.600928657
6889,114,103.9794186,29.1052416,721,night,5.193747194
6890,111,51.72306758,66.34381667,1103,evening,36.83587254
6891,100,17.2329912,39.27098107,1146,evening,35.05136729
6892,72,56.55650325,97.25127035,790,evening,20.35820808
6893,70,38.23203066,40.49609185,1447,night,45.6028914
6894,120,42.93909703,39.59036305,989,afternoon,48.67447647
6895,127,75.56906724,50.15676133,774,afternoon,17.51155003
6896,38,67.55596641,2.550253001,1374,evening,31.59381766
6897,105,14.75897946,41.79282798,865,night,72.94829581
6898,79,15.41353222,82.87080144,791,morning,2.548786668
6899,71,52.82151704,61.20820147,892,evening,0.366099817
6900,120,69.45146034,96.94210774,1093,night,19.23723301
6901,125,5.079598833,32.5622889,1431,afternoon,12.09232051
6902,92,69.59248989,16.15242876,860,evening,2.73080019
6903,101,99.32097422,75.05763762,1362,afternoon,4.867405842
6904,123,73.72690409,4.36569916,1369,evening,8.931923445
6905,46,34.13832256,15.95558729,1289,evening,3.140691892
6906,112,62.84137648,50.6949731,675,afternoon,11.52929633
6907,80,54.65994037,75.35386609,1132,morning,4.274566877
6908,105,85.63609706,60.09699839,1136,afternoon,29.40040525
6909,92,72.70506948,99.48925684,880,night,35.78343336
6910,60,32.02047786,65.49404052,770,night,44.81505279
6911,27,61.74269929,72.49673427,1250,morning,61.15266869
6912,88,33.593129,99.39159961,1205,evening,0.093079358
6913,112,70.76325185,59.24625262,1068,afternoon,5.822079125
6914,98,44.92443298,71.46183633,981,night,50.56659478
6915,124,49.21151348,29.83275881,1268,evening,0.928899177
6916,36,53.3885671,53.67555173,866,evening,32.8482867
6917,96,38.97691944,91.1952407,1169,afternoon,5.981228115
6918,117,52.12923108,85.33219542,847,night,21.1825554
6919,118,59.17770855,30.62879152,1309,night,98.34772134
6920,41,44.37725667,35.721789,1239,evening,31.38330203
6921,46,54.38708617,84.63736096,843,night,13.77648108
6922,86,35.11960547,28.46739115,666,evening,35.03925726
6923,59,25.38824426,88.76179683,756,morning,0.167326923
6924,93,49.31811511,77.37694427,1413,morning,90.17264011
6925,39,70.3486709,15.23564823,1305,evening,12.66823993
6926,32,69.69660501,71.97649801,619,morning,117.5356644
6927,60,68.44117427,83.43268954,725,night,33.84873524
6928,55,70.19750648,14.43427522,1231,morning,10.16298337
6929,129,53.68303595,45.7348805,620,evening,28.6561618
6930,96,39.03472473,86.26281637,1225,afternoon,14.35314823
6931,83,44.78157066,19.86500079,568,afternoon,30.88355641
6932,112,47.57836691,44.90891445,851,evening,46.91396098
6933,76,36.84031321,61.27702102,797,afternoon,19.09143434
6934,28,61.85872845,9.725235941,811,evening,7.535382302
6935,62,37.75925419,21.20557882,998,morning,119.623608
6936,42,13.00541059,46.67303767,812,night,15.9638746
6937,91,71.17244782,37.3681356,1178,afternoon,5.821667436
6938,108,60.20633351,32.47759911,1331,morning,40.32157676
6939,94,15.49468994,2.636700172,1399,night,31.95063341
6940,107,37.04119322,92.79349716,557,night,50.88199501
6941,117,48.07490035,87.14228011,605,morning,0.050329057
6942,63,49.93822653,39.26194793,1015,evening,12.79980369
6943,133,92.09521798,18.13749471,624,afternoon,11.32951168
6944,69,30.81544453,6.904576724,1160,evening,77.24670324
6945,63,29.57828943,12.31878804,770,night,12.90818068
6946,87,75.42949432,60.20225093,943,evening,22.47445045
6947,69,46.3348854,73.39171948,1049,afternoon,0.105943661
6948,43,73.46695252,15.64219789,500,night,49.53079035
6949,53,44.68236069,11.27904676,844,morning,3.630430548
6950,73,74.37174545,69.10788735,1034,evening,64.19676339
6951,46,44.4494042,51.70223377,566,morning,39.85313747
6952,39,47.50112003,37.18367114,513,morning,24.38428502
6953,55,29.25677374,72.49790621,1007,evening,41.4793626
6954,31,84.5593722,45.56770614,1367,evening,47.23519275
6955,120,34.92452081,46.51216326,967,night,41.79848716
6956,91,24.45797524,1.574125925,902,night,32.44353027
6957,26,82.40250353,31.60092351,1099,afternoon,63.78089524
6958,72,63.17733651,0.503463609,727,morning,16.49856983
6959,130,81.68879487,92.38473129,741,night,25.05286769
6960,51,35.73563873,29.3939091,1237,morning,104.5832671
6961,54,62.10333131,18.05200909,1121,evening,13.96823909
6962,63,78.00208859,9.089729726,1161,night,41.69907154
6963,77,27.14840956,4.663600003,641,morning,14.91780677
6964,95,56.53181581,88.60091131,877,afternoon,19.05603731
6965,102,40.93662456,16.8512844,809,night,12.26763481
6966,87,42.13556461,61.7484855,1089,morning,4.98433713
6967,30,33.57814073,65.12181092,1211,morning,107.4850743
6968,76,58.52477198,31.75444463,990,night,17.78850447
6969,91,45.24897955,83.3246164,1346,afternoon,9.827941568
6970,36,31.49110164,21.40302581,1435,morning,31.17776149
6971,78,78.39894773,7.145796486,617,morning,3.527381851
6972,99,51.02897007,6.854194219,748,afternoon,23.51887171
6973,34,18.65604148,30.04268269,972,evening,25.60772769
6974,81,36.29853638,46.32464915,897,evening,6.54298708
6975,72,20.39428471,62.93632102,602,evening,96.27835291
6976,102,37.47388779,72.87082998,949,evening,27.09224537
6977,77,57.04092276,17.86909502,579,night,7.554669699
6978,101,62.38406896,68.3923033,568,evening,53.77195115
6979,77,66.90262063,18.25400522,874,morning,11.00339063
6980,81,37.52528921,99.71930392,766,night,39.26993225
6981,123,42.87783008,95.90680496,923,morning,29.69605718
6982,93,58.79517026,10.240749,886,afternoon,5.21928042
6983,46,67.25499422,65.51200922,1404,morning,2.977230914
6984,89,47.19595415,90.32668929,773,night,28.05746628
6985,100,62.84164687,8.070243065,814,night,33.10590958
6986,54,38.79604216,12.39815209,840,morning,4.214366226
6987,107,7.017760807,34.69976017,941,afternoon,5.688223058
6988,49,68.1233726,9.572850272,1265,afternoon,1.541652076
6989,90,61.26934212,88.55921525,1134,morning,4.333387827
6990,100,48.05318482,87.55448436,694,afternoon,26.60755979
6991,101,53.49800163,94.87126828,1160,evening,6.718156067
6992,48,73.13020371,20.49920812,1171,afternoon,10.21820504
6993,90,49.8311773,4.535119252,1241,morning,24.30734191
6994,117,0,44.46279765,934,evening,16.04045476
6995,58,9.393041697,88.05532861,1315,evening,55.97321913
6996,78,76.77471803,63.84467993,721,night,25.39322807
6997,99,61.865963,99.83171431,1169,morning,4.249160008
6998,69,72.71870932,90.56867026,1020,evening,14.55084328
6999,31,79.72831695,39.27504346,865,night,8.983065079
7000,66,78.56902365,3.953307466,1415,afternoon,8.992006508
7001,104,21.81425204,0.517130417,732,night,8.89030274
7002,76,45.9644944,64.42061489,1014,afternoon,16.25805687
7003,129,32.29808485,91.57659301,1260,morning,4.249164265
7004,42,53.26622792,44.42301883,1250,evening,8.726289453
7005,96,22.90459888,87.42920741,576,morning,36.26619391
7006,111,50.8592181,56.67408747,843,afternoon,52.71053577
7007,119,15.54992091,9.801967777,1471,night,0.415520364
7008,96,43.05753873,79.83153661,521,night,2.6143619
7009,105,79.16826068,49.25940337,670,morning,57.94042186
7010,120,36.35668377,5.106390349,778,morning,7.248930758
7011,40,36.14722044,81.46035681,736,evening,11.22667174
7012,78,52.51773288,75.76542752,1022,night,12.33338409
7013,40,53.64123473,45.72872584,582,morning,60.26979261
7014,98,56.27699184,1.946423682,1310,afternoon,5.329245788
7015,98,34.09907656,34.69367249,764,afternoon,50.22557827
7016,65,37.97239515,43.49508065,886,evening,18.91596173
7017,127,51.36647168,16.53148809,1159,evening,45.85890131
7018,117,69.67101698,16.09048345,1483,evening,34.94762362
7019,58,35.3938831,16.69808106,1469,night,39.51424991
7020,117,46.05796766,37.05770807,554,night,3.625958529
7021,108,11.29239584,81.75440368,886,night,11.07882085
7022,76,41.27460997,75.93574689,595,morning,7.73054914
7023,60,54.03148042,1.011439666,625,afternoon,4.037555272
7024,54,67.40814618,0.964261434,648,evening,30.58579485
7025,39,34.27628758,7.769643236,1028,morning,35.63625687
7026,105,53.43388298,46.65817862,1084,night,4.57638251
7027,48,55.43255316,88.88822061,958,night,43.89635626
7028,37,14.15935312,18.22571167,1391,afternoon,10.14092095
7029,82,24.85886041,47.67958608,762,afternoon,14.18646614
7030,114,60.04860347,4.074747762,1414,evening,149.9668743
7031,96,51.21028512,2.032644989,704,afternoon,6.395252841
7032,37,51.89921742,0.748230493,1284,morning,3.771003675
7033,72,31.40863961,73.66809237,899,evening,9.380122753
7034,83,21.03917403,2.382491445,654,morning,80.56163964
7035,109,59.575351,27.38155709,1317,afternoon,3.8367057
7036,99,53.34514504,64.50479475,689,morning,28.7090038
7037,97,11.18873526,61.86508972,918,evening,47.26307722
7038,78,48.02326305,5.514476047,1265,afternoon,76.6742111
7039,49,85.61981625,25.66667447,972,morning,19.5044423
7040,36,61.99487188,63.93221884,702,afternoon,18.35753591
7041,92,32.09199345,39.22457666,1065,night,52.73957913
7042,114,53.33680226,46.58228053,937,night,6.538656946
7043,76,45.88424459,20.7085719,1422,night,18.60571019
7044,30,82.92719462,3.775742426,651,afternoon,30.46117649
7045,82,27.48947617,34.52028266,1075,evening,36.12850461
7046,104,75.99032217,68.29839668,589,morning,3.558301114
7047,87,26.12699636,76.65294922,588,morning,60.55885627
7048,72,56.67687843,59.25299197,1489,night,51.15331222
7049,81,62.90217777,39.32009438,607,afternoon,11.43997468
7050,60,73.07692459,58.31357975,608,afternoon,19.40973329
7051,42,65.36684563,70.49886677,682,evening,14.53722952
7052,53,19.51423486,75.52717582,963,evening,119.0557026
7053,36,50.02310738,9.44858214,556,morning,26.31150482
7054,74,60.22426108,80.29837375,936,afternoon,9.460426488
7055,75,71.72640378,6.347636676,573,afternoon,41.10639622
7056,57,27.38921822,87.04574589,1424,morning,51.71872629
7057,68,31.21778167,39.22408442,1512,evening,38.8529379
7058,101,20.72942343,54.69222957,1057,morning,2.616484668
7059,127,49.9928927,28.99824955,1161,evening,10.17918465
7060,129,55.40968656,42.66639865,1282,night,13.50304519
7061,89,57.09058577,84.5193764,1222,afternoon,7.33386051
7062,78,44.68270692,29.56963228,1459,night,19.69568253
7063,76,47.73800814,56.41802432,852,evening,11.54774381
7064,78,47.89394963,64.70791122,1036,night,1.114289646
7065,116,45.34805179,14.64082007,504,evening,31.67089014
7066,82,13.29675665,77.78160855,1047,morning,17.17930081
7067,57,30.868194,99.90675607,1450,afternoon,0.855359185
7068,121,60.75337896,15.50615088,907,afternoon,81.04651882
7069,57,41.1092355,76.78844648,791,night,31.58359641
7070,47,39.98331742,14.70730935,1120,morning,2.304675533
7071,51,75.32602419,95.02562531,1412,afternoon,66.05417585
7072,45,71.50649448,41.09855878,789,morning,16.38639099
7073,77,35.39163831,97.99169598,942,night,8.21749932
7074,99,79.82232848,6.79177861,1175,morning,1.412966317
7075,48,46.08747148,79.09811409,664,morning,40.97382699
7076,94,65.99854678,47.33780993,1174,morning,104.5253784
7077,119,49.30861577,28.94940332,1045,afternoon,6.148558665
7078,82,37.20371694,74.78880847,1220,afternoon,16.18265258
7079,74,66.03724125,63.53287492,471,morning,8.134977876
7080,122,31.95691699,90.28849147,1290,afternoon,25.49192226
7081,115,46.85486349,24.88096891,681,night,61.50733655
7082,94,49.94292801,93.97453786,733,night,4.201919942
7083,45,42.29172627,64.18682173,1309,afternoon,10.62363645
7084,131,22.80590394,45.04340633,1304,morning,5.397465593
7085,58,60.13240122,5.313131272,1438,night,7.789335663
7086,97,68.4131883,76.51761294,1178,evening,4.175439768
7087,82,53.28402115,85.84016321,551,night,30.20546783
7088,91,34.78565482,80.95846116,625,evening,1.334245938
7089,109,93.35281659,73.56660943,723,evening,39.16706407
7090,134,45.37829943,96.94111711,825,night,4.598892601
7091,86,45.0360921,84.9102795,1416,morning,9.305118798
7092,36,0,92.78790236,1298,night,12.7064514
7093,93,25.1803088,73.04788159,961,afternoon,14.39203908
7094,58,73.21037539,82.02071594,889,morning,5.695759149
7095,42,115.8581935,28.91582151,606,evening,20.13057048
7096,40,75.71662678,66.88991702,730,afternoon,67.54703393
7097,41,29.1601361,20.55387865,665,evening,18.41489546
7098,59,59.52180971,6.927047603,1019,evening,0.847458668
7099,125,42.22240502,57.92563979,1316,morning,13.54849389
7100,105,42.83367528,78.29089737,768,night,15.48229454
7101,68,23.96279918,8.275777848,1098,morning,9.994848901
7102,110,60.38970556,18.12817034,1398,morning,10.52816211
7103,73,24.62879474,9.296738287,1192,afternoon,6.654050969
7104,131,3.985279564,63.41779656,1474,afternoon,94.17172841
7105,79,41.8129864,7.95020794,658,evening,22.61521666
7106,100,0,9.329557496,938,morning,23.08535015
7107,26,33.83937128,26.41673181,554,afternoon,16.63306073
7108,85,61.99243924,27.02348646,519,morning,28.7852863
7109,92,72.63548445,55.7503625,1287,afternoon,16.51127525
7110,108,62.7522417,3.218635988,894,evening,35.03543055
7111,43,45.38476331,61.53446969,984,evening,2.770455126
7112,115,39.1176644,41.17081661,952,night,0.90388585
7113,103,31.46879741,17.87318684,1406,evening,24.79531447
7114,92,79.72796039,65.33462939,673,evening,39.73858234
7115,47,24.82534886,32.96739621,523,night,33.1703759
7116,82,52.48482458,82.74894244,1416,evening,15.25701249
7117,85,61.87029698,98.94324883,1202,night,0.096658748
7118,81,10.29300697,77.90288844,1220,evening,3.862584702
7119,128,1.692982204,74.2990006,792,morning,14.92892639
7120,84,61.82537577,35.5153454,1078,morning,32.75118481
7121,125,20.89800157,53.46056907,876,afternoon,11.22096108
7122,47,56.19095826,5.268133218,782,morning,22.7529404
7123,48,32.48779791,72.73352343,741,evening,5.79024896
7124,65,55.3522306,67.50402988,818,evening,5.574179576
7125,132,58.0636171,26.93520089,1268,night,40.73396081
7126,30,70.09938115,53.4136431,716,morning,17.30872052
7127,53,58.86098899,67.93138578,726,evening,89.29894146
7128,109,54.4903247,36.78940808,1474,afternoon,7.121158072
7129,62,84.79011525,72.56080783,548,morning,17.81328917
7130,69,30.45778439,79.67125916,505,morning,6.258236364
7131,42,51.04744973,22.3536722,1091,afternoon,8.86959635
7132,72,68.20870353,30.1254122,557,morning,30.65437683
7133,72,0,40.15629208,1257,morning,72.11532929
7134,37,80.49843638,23.56781439,766,morning,4.123643927
7135,111,46.67595072,77.56075514,759,afternoon,4.163567604
7136,116,58.57958892,57.18427303,794,night,91.38836793
7137,83,40.13625928,38.01028373,1506,morning,39.98558795
7138,115,58.80433729,1.606186764,1535,night,11.25492253
7139,64,55.3082884,32.58711388,1112,evening,15.67343551
7140,38,27.5154517,83.65019747,611,afternoon,46.66240016
7141,94,41.2034343,74.35115475,753,afternoon,36.00155612
7142,84,60.0570815,6.737908246,989,night,28.21102606
7143,36,79.41336339,80.14453545,895,evening,60.0117413
7144,115,42.4805911,17.90547283,1038,night,11.23684143
7145,86,24.17738073,98.70536871,1215,night,7.119411252
7146,121,57.06354328,86.85468952,777,night,15.81800676
7147,118,43.98083767,91.32605062,793,evening,0.224917986
7148,114,66.05087101,76.94503957,1145,evening,21.23481401
7149,31,35.08457183,71.07768061,1181,evening,13.63487053
7150,114,22.78326709,24.44373186,630,morning,4.244522955
7151,114,81.38681141,58.63984152,893,afternoon,62.50007833
7152,97,40.53243676,69.64248539,916,evening,6.485587572
7153,86,31.88658083,28.80863142,1042,morning,36.72162865
7154,34,36.32096473,39.83079991,654,morning,36.69699298
7155,74,78.20671101,94.70502979,1172,morning,1.305707352
7156,48,95.86544583,40.79575021,1002,afternoon,16.73968897
7157,28,34.20652955,31.53804708,613,morning,19.40940768
7158,89,46.10451761,10.72125001,572,evening,51.03389423
7159,101,56.43629474,34.13413608,1344,evening,29.3803143
7160,72,12.73750985,61.21430237,1420,evening,1.962502854
7161,83,39.78389316,14.77320963,720,night,17.86809892
7162,87,87.80138296,60.52864852,1463,evening,10.73689863
7163,131,43.49398927,74.1195576,1265,morning,5.6241692
7164,36,75.27543204,76.824397,615,afternoon,9.690693776
7165,94,48.64487748,98.48085774,632,night,55.01910406
7166,29,7.44238817,43.4561635,1347,evening,29.02737729
7167,75,69.84103759,3.243263859,771,afternoon,17.15039506
7168,117,43.03427542,85.46898568,559,night,38.24122775
7169,48,78.63544778,8.351428054,871,evening,103.4698622
7170,123,54.04225558,86.16572065,1374,afternoon,78.58688796
7171,69,50.12709015,98.27004393,796,evening,3.056175933
7172,107,59.42096364,90.68230195,762,evening,12.11655801
7173,44,57.59826068,96.40104968,1279,night,11.26819549
7174,64,15.31620188,2.333593146,1328,evening,24.21281279
7175,106,71.21723114,1.136982356,714,night,2.842952811
7176,99,49.3405444,21.02977776,728,morning,76.42331106
7177,65,50.54263955,79.87122972,621,afternoon,45.77054239
7178,41,58.36310127,8.941465354,1083,night,3.929515707
7179,106,68.08230672,74.65182278,974,night,8.801690466
7180,88,71.10190501,1.256005972,1310,night,4.631747275
7181,47,63.31696275,73.10993051,767,night,19.48285962
7182,80,15.07927451,25.00692399,1306,night,66.25152402
7183,59,48.58083199,44.04388555,851,evening,31.03760994
7184,39,31.27953531,97.65054152,1307,night,27.90610631
7185,67,53.58465933,55.17351322,767,night,2.322353079
7186,40,46.02616681,7.462366166,1208,evening,71.02794416
7187,115,90.72006985,87.31316686,534,afternoon,9.886657213
7188,107,22.73550005,32.36673204,1231,night,69.11790735
7189,120,50.20228097,58.53533504,940,night,18.15557524
7190,101,52.26278108,71.17719965,1291,morning,22.57290685
7191,44,40.6715328,77.75132042,944,night,27.86604427
7192,77,49.53939726,43.24953718,1333,morning,10.21179826
7193,68,92.83133993,77.30875946,660,morning,54.15551807
7194,117,57.24951402,11.68942981,1320,afternoon,95.35318752
7195,132,80.23441368,52.56688411,1467,morning,10.0012092
7196,89,40.60077453,2.188546077,1506,evening,0.004216151
7197,85,65.44624867,40.62710759,506,afternoon,22.37194907
7198,76,33.78402626,36.47663225,1011,night,26.95715886
7199,103,32.55948431,97.81326167,658,afternoon,1.967881821
7200,101,14.3703303,39.78486125,1065,evening,33.52421938
7201,44,28.67975535,90.70921738,1265,afternoon,10.36213849
7202,29,51.1195072,43.52997918,990,afternoon,95.58266996
7203,120,80.92063788,53.3387805,738,afternoon,45.61739187
7204,84,47.6710854,35.07161256,1015,afternoon,2.260509838
7205,112,54.6432182,64.00155438,802,evening,92.61504898
7206,107,72.91326806,73.91203097,1003,evening,7.733168652
7207,34,43.52729261,79.10600352,1479,night,48.03326618
7208,36,30.47766944,69.39395458,1284,evening,30.92414839
7209,111,32.75739032,32.99475577,1002,afternoon,23.05550194
7210,108,72.4254318,33.05958793,1425,night,80.94162189
7211,31,52.89062392,34.79078216,1419,evening,27.93264177
7212,132,52.8922597,3.783140516,617,morning,58.71107067
7213,56,32.17293937,94.30519693,1155,evening,52.75521958
7214,97,76.86622835,19.57252329,1282,morning,33.4582853
7215,102,86.9465976,15.92087286,840,night,20.22193071
7216,93,53.46412442,55.23544695,1132,night,3.099395665
7217,73,68.36339873,4.741552446,987,evening,5.016894646
7218,48,37.10266859,83.7843317,822,afternoon,22.83046716
7219,114,75.48816635,87.62005539,576,afternoon,12.11327811
7220,40,61.51150154,39.78098471,863,night,6.990040168
7221,89,25.39266656,97.1418673,664,evening,102.4163495
7222,121,59.04191757,32.42572697,605,evening,58.68729901
7223,128,58.94101631,26.02361246,596,afternoon,16.87852546
7224,106,53.633064,98.96891928,639,morning,61.45910977
7225,83,60.16997855,25.03051795,758,night,1.83909018
7226,87,49.06367342,44.42524428,669,evening,3.135074603
7227,98,46.3329862,61.18679992,707,night,88.71747102
7228,117,54.99481015,32.25301249,1281,night,35.01949646
7229,81,43.00566532,38.4216905,1472,evening,43.35726096
7230,58,37.04361132,72.07589936,1041,night,53.67316785
7231,55,72.2076232,72.30251033,1384,evening,1.640777263
7232,113,38.53099517,80.3618488,665,morning,37.95606393
7233,70,46.783456,59.37017406,945,afternoon,13.2389929
7234,99,40.40555851,23.3523857,1253,evening,51.11258592
7235,119,32.59284035,33.31093706,1254,morning,14.71544986
7236,91,80.83606254,90.07067342,1450,afternoon,43.78069823
7237,75,21.18008777,73.37283903,865,morning,69.46734073
7238,103,57.94553462,8.802837715,658,night,12.43323514
7239,39,47.38409998,75.36164659,1259,morning,19.01042867
7240,91,59.57432983,33.06576285,736,night,23.12835432
7241,60,46.59158537,2.322698479,632,evening,34.92741757
7242,104,59.84936744,48.37318237,1316,afternoon,55.75721987
7243,29,55.66138156,88.3396201,1404,afternoon,7.086483074
7244,36,61.77253831,44.43493954,958,night,87.36328706
7245,90,84.87219252,98.88001946,1460,morning,46.19485558
7246,71,12.66270847,17.80764968,710,evening,4.508449198
7247,54,51.6252448,35.08973985,983,morning,12.27695515
7248,52,30.12474054,1.661881089,722,evening,8.685029351
7249,60,35.50784293,5.035390153,1529,evening,5.195706843
7250,99,30.95768718,35.43169169,1282,evening,31.04659932
7251,53,44.15707874,52.83881404,1250,morning,2.041744826
7252,72,72.44333824,23.70941033,1339,morning,27.39667096
7253,107,42.44175343,16.64603797,1332,evening,52.75769364
7254,61,56.91813828,42.06735037,843,afternoon,13.47755132
7255,89,67.93549361,17.06756016,1053,evening,20.18114809
7256,133,32.96749329,63.08966484,1061,night,4.669548271
7257,118,34.04725444,95.52890453,1242,night,38.23287944
7258,120,50.00636526,80.65434103,1149,night,71.82327683
7259,82,13.96422941,21.52137835,1362,morning,39.58849829
7260,45,90.18452936,95.11353093,612,morning,3.937196888
7261,36,50.11291583,75.11277351,1447,afternoon,12.71469553
7262,128,61.19171018,15.4972038,780,afternoon,5.705751362
7263,87,46.09186279,57.94306806,625,morning,26.70663282
7264,113,62.72165494,96.64786444,880,morning,38.45846902
7265,49,46.51397403,9.675811931,1470,afternoon,111.0453754
7266,63,61.16625707,27.10049748,939,night,20.96996028
7267,41,75.93457516,37.4091744,1179,morning,30.42341172
7268,40,5.957235161,11.55942732,1527,evening,3.380780916
7269,112,63.32572777,29.92459867,1220,afternoon,5.061559829
7270,85,39.41259888,69.23252165,913,morning,7.907040853
7271,84,27.90582331,47.72387878,1178,night,1.675857751
7272,96,21.12926221,42.1074114,580,night,15.73638965
7273,31,51.95252332,43.19392588,1112,afternoon,90.59485903
7274,62,55.63966273,75.9652255,1186,morning,31.74582668
7275,87,37.48516974,99.12809174,1352,morning,17.18279014
7276,66,24.83347117,58.86459125,515,afternoon,20.42942739
7277,109,52.29348456,75.15501898,1014,morning,4.756694769
7278,126,51.38814268,37.25598788,1302,evening,3.05236979
7279,114,62.02618528,86.06400687,944,night,8.99384348
7280,116,63.74790446,42.03258292,816,night,10.97992613
7281,34,73.29156469,93.51230221,1458,night,3.932240426
7282,100,63.47993535,74.35046273,863,evening,35.27193062
7283,69,17.35638688,70.74432009,799,night,76.98728284
7284,95,49.8143298,29.01349476,1080,evening,5.748819661
7285,66,70.000182,79.61371353,1208,morning,54.62871482
7286,121,66.96118276,10.52812091,1389,evening,10.6284932
7287,90,98.59474318,53.80242401,602,night,28.0105881
7288,125,67.78313949,73.53772976,1168,night,2.786447231
7289,82,23.06528823,88.35919865,1041,night,8.205467334
7290,86,18.39616804,56.96536623,1116,night,5.162090171
7291,111,51.11903144,25.83229715,475,evening,5.276276624
7292,98,53.01804618,84.88614394,1276,evening,81.30118165
7293,122,39.03212508,76.79805041,1289,afternoon,13.56929971
7294,71,65.36256752,15.35647574,1027,afternoon,6.547829711
7295,80,0,87.23875612,1051,evening,5.636658246
7296,55,40.7208858,95.98772359,1364,morning,33.52740728
7297,120,4.341686983,53.77342591,1404,night,38.0274252
7298,47,34.95992722,3.836494636,1012,evening,116.9989176
7299,55,43.05546744,91.56143243,703,afternoon,29.51132864
7300,64,71.02488403,12.27658567,967,morning,18.41933
7301,80,25.56399024,63.31217585,551,evening,7.613779068
7302,104,47.26684259,40.09072314,1358,night,1.203871759
7303,101,39.52073781,99.20336513,1096,night,63.80528998
7304,112,47.56254992,91.71646706,1422,night,46.65629541
7305,55,42.2382664,78.45037917,1048,night,47.71358909
7306,108,44.93158562,19.92770978,1221,evening,11.66055704
7307,60,36.9658512,69.91929878,1218,morning,13.27591636
7308,75,57.3956064,57.21458088,608,afternoon,45.92522575
7309,49,72.04736923,13.53467627,1337,afternoon,34.90085269
7310,56,50.83730957,79.46811036,933,evening,31.46100021
7311,33,90.16624633,8.645633789,1132,night,24.26984971
7312,120,51.57090684,48.16096741,1201,afternoon,13.78321601
7313,111,66.12109473,42.65634402,724,evening,40.5579559
7314,108,34.80506908,80.61974087,1232,evening,13.43120211
7315,113,47.6980112,42.75674178,543,evening,39.8070985
7316,54,43.79201368,69.431088,893,evening,6.337404577
7317,127,25.54691338,47.8260728,633,night,26.78148585
7318,59,34.63129382,58.20207849,1267,morning,13.26331984
7319,61,57.14711278,24.10409978,686,evening,52.90876898
7320,94,75.67820635,20.2453264,1434,morning,21.9376006
7321,114,61.23019868,70.99132995,717,night,29.34617697
7322,22,56.72444905,12.23303776,1237,evening,2.607847825
7323,122,32.84359446,17.59839991,1200,night,20.51015897
7324,56,59.71029734,94.09464002,859,morning,45.52379149
7325,36,37.34961485,25.33290475,1093,morning,58.98058026
7326,99,26.55343286,32.32957436,1252,evening,38.31455372
7327,103,32.01654092,63.31943143,958,night,16.26810958
7328,117,47.59890962,44.0354274,877,morning,8.931012714
7329,101,39.20077909,55.90004488,627,morning,14.78718348
7330,126,55.75163811,14.4592598,766,night,24.73865426
7331,27,42.44432786,67.24076762,743,afternoon,0.17452533
7332,100,55.55697318,15.65833521,1041,night,72.91508997
7333,47,43.77863938,74.77255301,1316,evening,12.63493671
7334,114,49.03081131,52.36172875,598,afternoon,47.80798795
7335,31,30.38143411,81.61930122,912,evening,22.9377138
7336,135,78.70456617,17.26830649,1056,morning,32.55804165
7337,23,17.3882199,37.75398854,1242,evening,42.7507633
7338,104,99.78911419,84.68319917,664,night,10.18652491
7339,56,59.47649837,79.87123071,942,morning,27.94845751
7340,119,18.74618945,96.57539746,987,evening,41.78693739
7341,104,51.97929678,22.19604559,511,night,44.21136202
7342,119,54.44748633,53.90280324,672,night,16.13579641
7343,65,79.85246754,1.788474209,588,night,39.11546581
7344,40,23.0226016,96.5234577,1325,afternoon,10.78179607
7345,98,23.04645056,17.51271591,805,afternoon,3.980790933
7346,102,56.89638723,90.47076065,1463,evening,3.594629713
7347,50,53.86593851,67.83331443,1171,night,21.13851196
7348,90,79.34490112,93.68484811,1029,evening,14.49923801
7349,57,30.03677636,24.82291741,1402,morning,7.93649625
7350,79,28.39622697,34.51642867,1221,afternoon,14.88690582
7351,112,87.40348118,16.44017669,558,afternoon,15.92285738
7352,71,49.08866069,42.24335939,578,night,24.19439216
7353,53,35.09086119,94.74994805,1403,night,1.789995605
7354,72,64.11477999,57.11631667,1013,night,71.58585362
7355,100,8.983416944,41.61262876,591,morning,13.9660647
7356,58,57.5657226,32.48663313,810,night,28.66491712
7357,57,37.36111184,58.4761802,1157,afternoon,10.97581357
7358,34,39.95773403,72.32173832,672,morning,43.02371554
7359,125,75.90737778,40.67884672,1360,afternoon,18.41326597
7360,75,58.58361025,23.08988646,1309,morning,11.64917642
7361,35,27.44497245,58.50042662,738,afternoon,99.56757931
7362,112,51.02932935,36.55626403,1028,evening,60.12043807
7363,97,52.34001606,99.43244335,680,evening,5.965555886
7364,28,44.75740324,44.10446259,1461,evening,36.18325976
7365,96,30.79458351,43.44888208,1059,evening,42.11164055
7366,113,54.5359064,83.94669885,837,evening,1.055042459
7367,85,64.01605061,25.10189834,1044,afternoon,97.2979015
7368,41,59.07454458,6.598705535,532,night,7.956973221
7369,58,35.74334671,85.38188143,916,evening,71.70121622
7370,119,46.84474694,58.90403542,1085,afternoon,31.8456112
7371,75,5.837702241,26.01567711,816,afternoon,21.52992358
7372,69,81.96691014,34.27585566,1227,evening,46.23066047
7373,54,37.96747974,42.56503845,1080,evening,33.72043235
7374,46,39.59646106,68.03910242,1301,morning,40.44085131
7375,105,23.70985627,46.81820761,498,morning,58.53796103
7376,81,67.21822966,39.58195578,807,night,19.11331977
7377,46,70.56151431,78.04665023,640,evening,16.63963158
7378,100,38.60582457,7.18485315,1126,night,69.01097035
7379,41,27.24341986,65.25368907,508,morning,47.9632627
7380,50,50.40924894,44.89233316,1169,night,0.582986471
7381,107,43.41301257,33.48535077,740,afternoon,31.82376299
7382,31,64.88627288,92.75756897,1497,evening,70.27240139
7383,38,47.37422968,77.79293404,686,evening,34.52085794
7384,64,45.94956826,21.92587485,791,night,24.18549464
7385,49,63.40888026,65.23364367,1492,morning,5.803547041
7386,46,18.48016148,82.22864915,1364,night,90.22079201
7387,66,43.77462274,98.93395655,858,afternoon,29.53304219
7388,88,53.84348023,69.84249941,728,night,3.195041534
7389,103,41.44418655,69.06909484,649,afternoon,78.78482481
7390,102,55.61452324,61.32919946,799,afternoon,21.80765617
7391,100,54.43207663,4.000261134,1174,morning,5.131663344
7392,55,67.58200011,58.50564658,796,night,7.70619731
7393,91,44.51294146,80.50476559,1416,night,103.0842442
7394,41,9.345712547,39.54184442,894,night,17.2147266
7395,90,19.04809581,58.69792491,964,afternoon,16.32496481
7396,29,59.2713662,92.64882146,591,afternoon,19.97577894
7397,64,53.6285274,17.20341057,1082,night,36.17126788
7398,90,45.48262872,28.04757666,1154,afternoon,13.62486012
7399,85,46.93414267,11.03175228,1433,night,16.39579878
7400,105,37.0392627,50.02446042,629,night,41.12660798
7401,45,37.10851694,83.9649392,573,night,18.55214628
7402,70,39.05907116,43.52170092,865,afternoon,37.50808299
7403,51,44.41517049,6.98398577,770,evening,98.27729663
7404,129,52.44049209,26.35377152,1174,night,98.52254576
7405,116,48.46787675,88.97065096,716,night,17.77226913
7406,96,43.44992848,55.75241104,1234,morning,8.005871035
7407,68,63.91412254,91.40712302,1153,afternoon,8.679809833
7408,114,67.38149014,83.44380633,1152,evening,51.31456062
7409,121,76.774282,41.42916131,1087,evening,2.492322966
7410,111,46.22985041,63.35439999,1160,evening,1.23760308
7411,102,39.58996085,66.44251338,860,afternoon,34.31616912
7412,52,48.72710397,74.67974362,1078,afternoon,72.27617105
7413,58,39.02852826,33.29665065,757,night,7.872249566
7414,27,49.68277585,28.89894456,980,night,1.683642988
7415,79,58.1403871,68.4588771,1190,night,67.69612618
7416,67,52.1299538,81.87542315,1175,evening,13.11610689
7417,94,46.77019463,41.42467865,1050,evening,23.93662639
7418,118,62.77309241,32.10685444,615,night,54.2819617
7419,69,83.52909657,82.55366428,1017,night,8.630592326
7420,135,35.84652727,68.69505394,1151,evening,27.58048395
7421,41,56.68611104,34.35500194,698,night,143.0651919
7422,85,46.18722515,52.96660261,1378,evening,40.56369804
7423,38,33.12173291,96.08624929,699,afternoon,15.19209312
7424,100,35.60806449,74.98713382,758,evening,43.83291271
7425,67,41.87110919,22.16648085,1221,evening,0.660398913
7426,77,81.4650416,29.50311463,575,night,7.275140459
7427,46,69.06297364,26.52206563,1033,afternoon,40.95694098
7428,119,32.13481807,84.83489653,871,night,9.12393822
7429,118,60.8915656,64.14192294,1231,morning,4.044147219
7430,78,30.58404959,93.9997389,1069,morning,10.41464854
7431,53,37.47378839,9.093417102,659,afternoon,5.638172043
7432,116,76.25983442,5.200379599,1124,night,16.37524405
7433,57,89.66850319,67.62018256,1316,night,3.990202323
7434,113,12.12870606,26.66239146,1483,evening,54.54998356
7435,123,50.61528897,67.91716327,1234,afternoon,45.4204879
7436,75,58.15263412,72.34701733,782,afternoon,11.00055945
7437,56,44.50904643,30.44811433,1120,afternoon,22.01450947
7438,114,52.81224005,95.26681084,1101,night,57.93784636
7439,57,41.88782532,77.47408866,1040,evening,79.36158544
7440,85,62.54800787,36.73551035,1332,afternoon,2.865184084
7441,127,43.16517726,41.21186613,619,afternoon,38.40624596
7442,53,61.18592816,71.58714502,1336,evening,4.366709483
7443,86,69.70813757,30.40367486,1165,evening,0.607112934
7444,65,66.89763748,29.5375179,794,morning,2.467050454
7445,85,46.32015714,62.49095388,810,night,25.73217844
7446,75,4.862091747,13.47942799,1002,morning,14.20184248
7447,100,59.79740159,99.33426973,1476,evening,3.789866053
7448,107,21.08661223,28.72373216,1085,afternoon,19.29226275
7449,107,59.2468453,38.27144665,1148,morning,21.29239235
7450,111,57.65386767,22.42650267,919,evening,46.44957428
7451,38,45.85428039,64.34960357,1042,morning,32.68915715
7452,116,51.33644095,6.048862952,1377,morning,18.81890991
7453,121,79.09590014,92.7808657,1195,night,11.7617965
7454,39,75.90855584,30.39853758,689,evening,0.060316932
7455,61,42.97194514,92.73752634,663,afternoon,53.52119548
7456,101,12.20716705,25.35391974,1178,morning,9.317689637
7457,39,81.41890609,51.37881669,630,morning,7.194144109
7458,105,18.43992479,69.51716818,792,evening,39.79560724
7459,45,51.82409988,61.26268794,1197,evening,2.230371282
7460,119,48.53200002,51.24925644,1264,afternoon,9.139500121
7461,103,58.70703057,78.85327129,554,morning,17.13098668
7462,53,75.98613637,47.04940385,667,afternoon,17.47946542
7463,60,51.21208849,33.31744416,1169,evening,5.153837699
7464,74,39.90544237,71.85929277,1294,evening,1.228437011
7465,53,55.69286221,93.72715463,931,afternoon,19.0765814
7466,118,22.73957861,60.13853751,1505,night,13.26997727
7467,87,36.31910143,27.97093276,1021,evening,10.05786164
7468,87,45.76836398,76.28088062,1246,evening,9.467177153
7469,53,60.86159045,76.19247841,1114,morning,21.04607583
7470,76,77.72754508,26.68641253,724,night,0.657105209
7471,93,71.62555803,38.46302719,752,morning,3.364247358
7472,53,68.4127094,14.09448274,766,evening,11.80034945
7473,94,71.84204026,7.966757732,520,morning,19.60709027
7474,108,61.78266703,80.7362722,759,night,35.50817726
7475,51,51.55039517,37.25762537,1203,afternoon,10.4062781
7476,60,29.99810629,28.13119594,1175,afternoon,32.99243201
7477,78,50.63612257,25.60913202,1139,afternoon,14.68905477
7478,114,17.150281,7.480560559,1361,evening,44.71240298
7479,42,39.55875158,98.48627383,630,night,19.65351746
7480,74,51.29741278,36.70455674,1209,morning,23.38667827
7481,53,51.19343124,16.42494125,735,night,17.13161929
7482,26,37.41496163,86.41403498,734,night,4.277778535
7483,86,15.52442304,72.3119843,706,morning,5.632102148
7484,40,38.78196782,66.26208146,1115,night,15.34950761
7485,102,44.89772448,29.7214713,1133,night,3.121491837
7486,32,53.78453774,41.54589072,885,afternoon,4.531366721
7487,57,63.84344773,84.1087337,1517,morning,29.32385663
7488,114,43.84378549,63.98972377,1173,morning,30.09156608
7489,95,42.30428585,34.56521086,1042,afternoon,4.089595997
7490,63,37.20378667,10.92798185,1247,night,57.68718471
7491,57,48.59368097,90.02704313,980,night,58.28980795
7492,77,68.6873191,95.55374542,579,morning,14.32798185
7493,42,29.05658395,71.87949244,1248,afternoon,20.67233706
7494,47,10.75923962,69.13918108,1055,afternoon,48.51591554
7495,61,54.1840748,53.77100381,650,evening,43.1537936
7496,86,73.51451851,97.15104361,496,afternoon,13.51770539
7497,40,56.12278282,69.4150459,1244,night,11.44209688
7498,100,30.171451,7.673435351,773,morning,32.74989568
7499,22,47.89498923,9.172939317,1049,morning,13.55405554
7500,106,51.11082936,96.35725001,733,afternoon,35.08240233
7501,123,64.314896,94.32794828,761,night,4.164964137
7502,104,32.64267176,55.78358228,914,night,33.44581798
7503,80,81.47149177,21.41407641,1435,evening,46.13390687
7504,114,41.74179393,58.35057577,1032,afternoon,70.49182611
7505,132,36.81332089,76.35438541,747,night,18.27427206
7506,112,55.76363786,0.828232461,747,afternoon,24.65015488
7507,46,22.12411329,82.28125907,1438,night,10.22869952
7508,104,91.14606502,46.47972263,1133,evening,4.893014547
7509,70,59.31908142,46.31639682,1076,evening,5.702500547
7510,27,44.4342831,43.4306763,1252,afternoon,55.84747348
7511,114,30.29242861,69.18460946,728,night,23.39216737
7512,82,46.22277567,20.94614974,983,evening,14.16306017
7513,117,69.44029094,60.6660436,1058,morning,59.84197646
7514,103,42.34946529,4.409677857,1268,afternoon,3.624376525
7515,112,34.89990421,81.13493853,880,morning,27.05918713
7516,119,64.08607402,81.54435188,1283,night,46.92692
7517,64,29.01147162,31.18799536,525,evening,4.003119761
7518,57,54.68006128,10.5419426,1290,morning,3.853683927
7519,117,58.23862037,74.77489552,652,night,1.018305695
7520,77,57.67902461,47.02144117,1368,evening,85.39841116
7521,44,58.62823387,92.49669745,1004,afternoon,35.34733195
7522,106,30.98908088,35.34846418,815,evening,2.223607452
7523,123,46.2449209,84.15090308,1285,afternoon,33.37444503
7524,88,44.96844695,2.532288804,1416,evening,10.85544479
7525,105,52.75023771,77.27938134,1100,evening,3.473551947
7526,103,14.01537518,67.82498765,1098,morning,145.6860009
7527,33,22.01761636,52.62676849,1236,morning,5.949248723
7528,116,93.208661,91.04258837,1137,afternoon,48.06493478
7529,91,64.50970634,94.20111886,1169,afternoon,63.96095954
7530,53,45.7433911,92.96851627,1075,morning,22.67161191
7531,38,51.51969872,59.78029297,1472,afternoon,111.8946148
7532,47,90.36030104,51.93964512,848,afternoon,3.830476285
7533,108,12.51919864,26.89720435,1059,night,97.22575778
7534,120,52.28038993,16.20703527,1366,morning,2.198389588
7535,26,43.1693703,55.70945109,888,evening,19.46472015
7536,52,74.85218862,14.84967235,1481,afternoon,57.93623359
7537,118,61.47637918,17.21156636,917,afternoon,24.16876265
7538,38,93.28268493,35.67429971,716,evening,26.27318651
7539,119,66.28546073,18.67470419,755,afternoon,5.265775493
7540,74,41.15279419,50.17281414,1438,night,124.7140186
7541,133,45.2923872,66.37494856,1235,morning,7.884800374
7542,103,63.69688959,69.79005764,720,morning,58.75488331
7543,84,79.05649423,53.27780102,1237,night,94.088221
7544,45,35.83112911,52.17990418,821,night,9.887567561
7545,35,55.11982171,47.48111287,586,night,39.33720091
7546,34,10.81222652,24.52652141,666,night,2.51364712
7547,40,44.13826697,65.42428317,708,afternoon,40.5794413
7548,36,84.51198715,65.70291891,804,afternoon,19.86904003
7549,44,80.3761444,25.5805009,515,morning,3.764678406
7550,120,64.9862937,70.05690227,1459,evening,67.51157091
7551,36,85.5827399,85.80053312,874,morning,34.07627902
7552,80,44.76789361,59.47093996,1251,evening,5.538985423
7553,47,48.69198847,11.75396213,938,evening,22.83039803
7554,39,44.40665399,32.72607088,1015,evening,11.83005284
7555,101,63.09118681,9.278794216,699,evening,37.19458141
7556,85,108.394722,30.2031095,547,evening,29.62250234
7557,115,57.33357122,21.19442443,1240,night,6.304770313
7558,76,27.17934823,55.46288667,1111,evening,8.31660141
7559,82,27.93860797,42.35444891,810,afternoon,36.57707422
7560,46,32.57779703,72.26840827,1464,night,33.73285647
7561,103,33.76632234,36.304232,1031,night,11.22963535
7562,111,31.98628398,15.47206503,1228,morning,19.51649043
7563,56,54.37992254,23.60249157,812,night,18.88801825
7564,126,21.46843023,54.57831892,1148,morning,3.986825574
7565,130,59.79904586,44.98548354,572,afternoon,29.1111426
7566,44,69.75911683,4.260860818,592,afternoon,9.213582166
7567,38,37.5791813,20.99455004,774,night,18.47983946
7568,83,56.89463986,29.67364865,593,evening,2.233974126
7569,121,63.31155117,72.53595434,1033,night,28.56083761
7570,51,67.56685401,73.04269525,1055,night,54.90234951
7571,39,52.20400978,69.79876132,775,morning,25.29071665
7572,115,31.04493808,81.84614651,837,evening,27.25027866
7573,97,52.15537758,87.38797209,628,afternoon,33.56208001
7574,48,46.86911486,7.110823158,836,evening,6.557247833
7575,110,52.79689135,49.30573034,1134,night,2.138121849
7576,135,30.17063024,14.89592845,569,evening,57.72439431
7577,37,19.64079987,35.40601306,1114,morning,56.2427233
7578,55,9.679682376,66.31970521,939,morning,23.60021508
7579,99,14.92050116,60.16587226,517,morning,6.584640878
7580,98,13.55172155,12.8559617,1102,evening,50.98815509
7581,103,70.49253625,75.70815857,866,evening,7.463264646
7582,48,55.0225512,78.7016755,574,afternoon,59.18020726
7583,72,50.79760683,13.91838783,871,afternoon,16.5373587
7584,80,43.1445562,61.56590552,1317,night,1.77624664
7585,70,11.73297093,94.52293046,810,afternoon,50.92740435
7586,124,57.70011357,9.394084562,682,afternoon,24.67221806
7587,40,54.52796805,16.46067712,1273,afternoon,11.49752539
7588,95,50.91638521,76.55245613,1258,afternoon,18.09546473
7589,102,34.63868308,33.69257002,1250,night,65.19934383
7590,49,36.15689386,95.5571607,1422,afternoon,6.812886515
7591,111,60.46236796,62.43630423,849,night,3.287387935
7592,51,34.65105748,48.32003209,1408,morning,46.08424157
7593,104,71.25787537,33.76635122,551,afternoon,29.16082252
7594,84,81.99052625,23.91247368,1222,evening,61.19957664
7595,60,72.37766143,65.00208024,1030,night,11.28043318
7596,114,51.90554337,59.20289623,752,evening,24.71489969
7597,76,48.13980361,35.79128209,1202,evening,1.300414966
7598,41,51.96696578,91.77767463,555,morning,56.25639016
7599,56,63.58855639,76.18038953,1522,night,6.365502429
7600,98,79.09835374,26.00673769,497,evening,3.652109856
7601,31,61.06419034,94.33659724,856,night,19.88158024
7602,74,16.01955219,75.55390915,969,evening,40.98460329
7603,42,31.4483277,89.71069272,1392,night,7.062839656
7604,113,46.97523683,13.62199646,1036,morning,7.976530324
7605,36,69.72302972,3.299676123,1188,evening,11.37612375
7606,43,95.83268739,49.29182657,612,morning,49.99480875
7607,96,51.44333813,44.8152869,1471,evening,41.27302619
7608,123,63.36075768,86.98039546,1474,night,9.435356838
7609,116,19.04759225,17.21454343,1212,evening,8.836510498
7610,96,35.92917209,2.358221768,1082,night,71.07368548
7611,126,57.10924205,52.92477973,1149,afternoon,28.62109054
7612,83,8.951954639,17.75661074,1357,evening,7.646057153
7613,94,54.92605347,4.950898508,1034,afternoon,4.538056031
7614,129,42.42321609,2.220645541,1163,afternoon,2.05332555
7615,88,50.9078377,14.24336555,1188,evening,8.484871131
7616,58,35.70123886,37.58565844,486,evening,38.19223609
7617,64,60.4646429,88.39683283,1415,morning,13.94003084
7618,82,71.16825477,76.05746107,1132,afternoon,100.5946709
7619,71,64.91357427,53.01682374,499,night,11.75829576
7620,71,64.30683947,43.03447654,690,evening,4.882659751
7621,49,61.3828516,45.57990764,1206,afternoon,5.829172191
7622,132,49.65417291,88.46444145,1480,afternoon,20.10951901
7623,108,41.24056298,72.46311309,739,night,83.15756866
7624,36,68.47762016,17.20125145,1378,evening,69.16166609
7625,62,32.30540398,93.97318876,1133,evening,6.075099504
7626,89,60.01513918,77.29150538,536,afternoon,42.13172191
7627,73,59.48177586,3.415607438,797,evening,41.87570698
7628,97,29.00144785,50.22570281,1180,afternoon,5.420563394
7629,65,31.11781235,65.27817957,1033,night,10.62303124
7630,54,60.20684757,6.098900317,1482,morning,2.372549727
7631,105,54.21770636,35.30601759,1151,morning,2.334280127
7632,78,57.18716277,64.83024617,1076,night,17.50753718
7633,34,45.69759275,81.60876743,1118,evening,19.85088142
7634,77,80.64545481,97.71378956,590,night,0.998789993
7635,111,61.77985748,12.16304529,1215,afternoon,101.6444313
7636,113,76.89399063,63.24023896,1337,morning,19.98404751
7637,39,44.73194062,89.27896843,761,afternoon,46.51246397
7638,68,69.97332598,71.69178596,1113,evening,30.23016684
7639,57,43.69370397,63.23996294,906,morning,28.97328477
7640,116,43.4161307,21.4421975,1146,night,10.83481879
7641,62,25.54196101,81.52973246,1286,morning,65.44074605
7642,95,59.09779687,56.24913831,1231,night,10.68900993
7643,54,29.52650429,11.141623,1241,night,90.79153694
7644,106,37.66722715,93.56017417,721,afternoon,1.20639953
7645,60,22.925273,98.83907373,594,morning,3.65483127
7646,77,12.06605274,53.76724637,1186,night,38.90095434
7647,54,48.34212313,77.64790941,676,afternoon,28.14823237
7648,34,35.7244247,58.33127059,621,afternoon,37.87606078
7649,84,56.6062654,42.22057438,576,evening,30.78442958
7650,58,48.97301669,40.91080337,1273,evening,22.47274049
7651,119,70.90346141,96.43142989,595,night,0.950527452
7652,64,88.52681085,36.87864964,558,morning,49.65073486
7653,47,72.96981719,49.04541871,1057,evening,21.40953832
7654,96,50.60079847,24.84907859,829,night,3.355279922
7655,75,63.45799047,25.32820544,846,morning,6.413922842
7656,81,76.26146131,35.62270954,1029,evening,32.54155483
7657,68,39.9368366,92.47776363,1266,evening,2.404201133
7658,121,67.90133028,39.6538053,680,night,61.08725823
7659,80,76.12744017,55.22895087,1232,night,46.92471537
7660,111,51.64715734,54.57534666,1117,morning,10.97233222
7661,112,59.37343237,58.31512577,744,evening,64.49891459
7662,108,90.91582206,82.00434337,1433,night,64.93070338
7663,136,37.49937738,90.12014079,782,afternoon,54.57557675
7664,126,44.61672544,20.87468674,980,evening,11.03014667
7665,130,61.11947616,86.0447282,853,night,32.00140316
7666,118,32.27865317,54.77071273,1183,afternoon,18.01282306
7667,126,48.52871862,92.44695293,590,morning,23.22312491
7668,62,25.62306608,91.6156575,973,morning,15.81321569
7669,61,12.14050004,38.94332911,1014,evening,0.119882142
7670,83,54.80679583,65.18767408,1083,evening,0.300754928
7671,115,23.33492124,87.14111876,1342,evening,44.46416533
7672,124,31.56831306,38.4708873,676,evening,87.77713305
7673,34,70.47705367,4.382537254,1226,afternoon,7.825587085
7674,40,53.39566202,35.98078462,1315,evening,23.57897105
7675,56,49.26070583,36.54041626,1300,morning,10.96024464
7676,49,42.5568254,80.67456009,1080,evening,19.47647094
7677,106,80.7741733,30.96234799,1300,night,3.771984127
7678,41,94.7689692,89.39836968,858,evening,38.77400101
7679,74,62.13049906,54.86415379,958,afternoon,21.78577223
7680,113,0,58.61541832,1391,evening,11.07648465
7681,119,49.30927882,80.70075479,1283,evening,32.680834
7682,100,28.8693652,13.45752306,880,afternoon,21.47674812
7683,111,41.02155585,1.794162124,901,afternoon,15.539696
7684,104,59.6215904,5.661467549,803,night,22.85534232
7685,98,52.11486273,3.066353424,503,afternoon,92.16366333
7686,120,22.593785,69.98948799,901,morning,2.153927556
7687,33,36.15530463,24.4971087,806,afternoon,77.30247927
7688,117,72.9625969,85.74221085,1300,morning,4.051685664
7689,47,81.78701132,88.28750172,1358,morning,6.934175859
7690,48,77.29991015,35.60869731,1382,afternoon,116.1560231
7691,51,22.97931457,19.48253563,575,night,49.82914963
7692,105,42.96270093,49.88119748,1397,night,13.00270389
7693,74,35.44845232,81.58083701,1421,evening,15.56178221
7694,82,63.33301749,68.48919738,1319,evening,10.66234483
7695,120,44.11201476,2.574225639,1389,morning,7.653384262
7696,110,29.71537224,0.71505528,526,evening,1.884264082
7697,39,79.58700347,11.38035281,1131,night,1.027478547
7698,79,38.43654864,33.67738061,701,night,20.89042662
7699,119,70.22251325,53.68822102,770,afternoon,22.6574116
7700,91,37.79671601,81.75849434,1069,night,43.00946098
7701,76,65.74451358,14.2792762,1123,afternoon,2.998819997
7702,126,43.52964919,15.24790167,1006,night,21.69042137
7703,36,29.2075333,86.36303957,1210,evening,77.49318727
7704,33,73.03307855,92.40249244,617,night,57.45022094
7705,87,35.85023645,55.12894022,776,evening,22.94374753
7706,134,52.19133441,78.48926031,1050,morning,4.303444712
7707,34,24.01382644,34.26711179,840,night,5.08988284
7708,57,22.4376521,94.62668811,1087,evening,19.46458803
7709,36,80.76869663,90.4880452,765,morning,28.81935873
7710,99,52.79577509,84.96049456,751,evening,115.3549181
7711,84,47.8844962,1.298158917,682,night,53.38768228
7712,42,41.54693089,52.32980843,724,night,16.05191539
7713,51,34.43945915,2.666180224,879,evening,12.93120288
7714,100,61.66046547,67.74455538,1187,evening,0.407363406
7715,75,78.40804857,18.34436303,881,evening,0.23235012
7716,69,66.3505833,63.9479961,1094,afternoon,19.29867605
7717,91,62.21372029,9.795859421,1383,evening,2.154121476
7718,118,43.7225937,75.66161496,1017,morning,5.100921915
7719,70,62.70008953,72.64479898,616,night,117.9337536
7720,118,88.9792515,0.460988349,668,afternoon,37.89510594
7721,87,44.68129757,79.20531696,977,night,18.05815195
7722,95,57.18242427,16.37873243,940,morning,58.53304465
7723,69,77.204786,10.92901373,1230,night,5.859111239
7724,40,89.0055194,50.02472061,1459,afternoon,14.7953226
7725,40,52.79643777,59.00912187,679,evening,10.47611623
7726,114,66.96431604,10.31058093,619,morning,161.8664399
7727,52,44.9167497,30.47485735,733,night,69.41046879
7728,83,56.48830533,40.77949023,1278,evening,22.40174045
7729,77,45.13752359,94.36160182,1375,afternoon,16.55148979
7730,125,73.49858287,25.13222578,1139,evening,188.129044
7731,87,83.52712838,26.04880456,548,morning,6.932639064
7732,79,25.87364918,65.93952272,537,night,15.72164629
7733,54,47.90044549,72.71524928,1097,afternoon,37.31975809
7734,124,39.17774174,1.0822158,785,afternoon,36.50501815
7735,95,43.62148604,13.40308527,1511,evening,25.61669428
7736,105,45.16180294,35.7691036,582,evening,91.02782864
7737,32,32.64047964,63.20110078,1046,afternoon,8.501431589
7738,46,55.58580932,13.41190142,1170,morning,25.22355639
7739,56,26.69375186,35.69491154,1128,morning,49.89749631
7740,44,67.65644556,8.020261367,1217,morning,7.937015128
7741,48,55.87597946,57.11138334,776,evening,61.4728732
7742,107,28.7768908,42.63653301,1402,evening,30.57693285
7743,50,27.71914133,78.80812282,1334,afternoon,14.39292105
7744,90,65.6397283,57.38884409,532,night,31.29750054
7745,112,35.92413485,65.91075681,1188,evening,78.95860214
7746,124,80.9467458,67.1158311,568,evening,133.1278164
7747,66,7.531077715,58.96085918,1178,night,9.914940825
7748,117,28.9573045,1.609204256,1283,night,71.93138068
7749,98,42.31210684,83.20592812,1293,evening,1.180514622
7750,91,49.37471098,91.66995821,522,morning,0.219008289
7751,129,63.26889658,53.42402623,835,afternoon,27.61022157
7752,84,45.96172642,11.21582959,490,afternoon,19.71288818
7753,116,43.57581278,65.4701545,1147,evening,19.00014082
7754,71,36.53924534,36.37302845,539,evening,7.999789309
7755,94,34.17512058,7.328007461,1095,morning,27.29892777
7756,91,35.7418099,85.42070837,1315,morning,0.512654725
7757,62,48.44376633,71.17133543,1406,evening,17.06489089
7758,110,13.07512295,80.48250767,1514,morning,13.71557272
7759,114,60.73340811,79.61267033,739,evening,6.434940592
7760,49,51.38755902,35.76783332,1082,afternoon,21.44612715
7761,80,47.65212747,48.22130104,1294,morning,35.16055883
7762,62,72.75561251,23.36544517,1067,morning,50.29436706
7763,123,61.89853663,75.48965358,1028,afternoon,18.61082653
7764,43,52.55241425,52.39617355,781,afternoon,8.228761551
7765,31,63.07181047,65.00055653,754,morning,7.067729744
7766,136,37.54739693,35.66222992,743,morning,25.96685793
7767,120,61.86886748,67.91825308,863,evening,14.79218056
7768,107,66.4194492,67.12046978,910,morning,11.46225563
7769,73,1.058301086,77.01586118,1449,evening,22.20562338
7770,74,85.39845554,15.54374922,1330,afternoon,24.38652754
7771,31,56.68188619,62.36683761,1066,afternoon,7.990474441
7772,37,62.21211734,87.94763543,773,evening,14.25907252
7773,44,71.66019261,9.416122218,953,night,36.89927698
7774,45,47.26452158,96.07466708,726,night,14.70120855
7775,88,41.6758083,20.77831236,713,afternoon,17.61508171
7776,58,55.99532074,93.65463505,514,morning,30.6518155
7777,48,105.1874154,86.80199123,1226,afternoon,6.351444564
7778,128,47.98864144,77.01881362,998,night,60.47582954
7779,90,37.18560926,20.94341904,1052,morning,12.3928111
7780,66,76.84218413,21.64380014,824,afternoon,34.90946799
7781,63,8.26040803,25.93048575,713,afternoon,10.58084604
7782,32,47.81378416,81.04564323,776,night,31.33588847
7783,39,37.28329069,18.76892853,1214,morning,9.744661961
7784,119,62.57782334,58.08407766,935,morning,41.35573007
7785,43,52.72454459,77.75290437,874,night,3.323051043
7786,90,27.99604968,46.06300746,1371,night,11.02281572
7787,25,62.94299718,84.07460678,745,evening,25.14561367
7788,89,33.58775987,56.21029983,667,evening,30.08724141
7789,58,49.05192752,59.51253901,1014,morning,4.460892719
7790,101,41.45714171,67.67833093,1010,night,11.54932902
7791,66,66.29157781,84.59790396,1092,night,3.22048768
7792,88,40.82330143,0.463399492,915,morning,53.9357375
7793,99,0,39.25552789,979,evening,123.4245126
7794,59,27.69533477,96.29915167,906,morning,10.01392093
7795,111,51.26353308,9.867176499,911,afternoon,19.79803594
7796,90,36.80783696,23.34485147,1463,night,21.18860456
7797,33,73.84358868,57.09310786,1417,night,5.389972281
7798,61,29.58308882,85.78797442,898,afternoon,33.04353596
7799,53,61.53409758,9.720333269,1345,night,21.81859557
7800,82,66.15830667,0.403040614,883,night,21.63732471
7801,49,53.52315517,68.7021849,1311,night,1.81102028
7802,78,58.18019516,59.73020482,910,evening,2.49881877
7803,96,47.30352792,27.10605039,761,afternoon,99.97085531
7804,93,55.5105518,95.76149176,1042,night,84.25805894
7805,86,40.27851944,55.91499004,803,night,0.551884589
7806,36,54.52608617,66.34133229,1005,night,23.32581872
7807,39,44.24403834,37.87821956,1436,afternoon,2.011417883
7808,88,44.23854016,92.15882045,990,night,47.27242161
7809,102,36.69865862,27.60766346,1310,night,1.515281291
7810,65,45.66143731,74.87875281,820,night,23.90947354
7811,49,80.17534791,11.66660629,776,evening,28.96999753
7812,36,45.17269648,53.77865341,849,afternoon,3.029626611
7813,96,68.80015829,57.77895642,528,evening,27.06955262
7814,112,60.47672851,18.83535644,521,afternoon,85.25306413
7815,44,54.93905172,32.3776743,1362,morning,3.072333196
7816,35,55.71773881,17.86971969,1066,afternoon,34.62382903
7817,89,50.42120238,84.5026086,1116,evening,9.492867985
7818,55,38.3592215,65.718906,910,afternoon,9.590299765
7819,117,84.36128573,44.64340928,1241,night,23.56615076
7820,85,71.15938235,55.59802505,799,evening,78.8673155
7821,94,50.86199219,34.40415505,909,evening,7.869100346
7822,96,51.38222669,42.87393261,739,evening,150.3216659
7823,79,61.31734315,61.93718007,930,afternoon,2.877217284
7824,59,28.83830242,21.14786009,1147,morning,84.49192395
7825,72,34.34437606,13.40962913,1441,night,0.540158309
7826,64,12.4627263,94.44588932,1459,afternoon,5.308419993
7827,49,45.76970652,23.68544658,1169,morning,112.3776374
7828,92,73.83052455,49.5224447,1083,night,9.282278829
7829,95,44.35967226,76.15225162,1161,evening,0.213819891
7830,95,93.81560139,55.60834088,1004,morning,64.90189423
7831,31,41.28768852,63.48746805,759,evening,73.59288681
7832,46,53.55969883,16.34329469,723,evening,40.92575678
7833,119,44.43363359,39.49284761,698,evening,84.18091783
7834,117,5.220043307,69.02367535,935,afternoon,9.263969885
7835,79,44.4947415,20.97862383,517,night,31.09469641
7836,107,33.17527559,48.35565049,829,night,40.68446344
7837,93,54.69170826,58.92497502,678,night,109.0365602
7838,131,75.51644667,78.93327951,713,night,68.52581867
7839,28,42.94326898,21.63420995,1517,night,1.82638421
7840,86,57.42739428,97.80919338,811,afternoon,12.42229782
7841,67,45.73228548,96.74263492,586,afternoon,28.64483683
7842,63,67.94855355,1.229352038,1192,morning,58.01067571
7843,82,95.61270654,36.79775224,549,night,9.840950242
7844,81,79.69927513,6.783951645,693,afternoon,0.242534326
7845,125,37.67489536,31.72465966,990,evening,6.209186001
7846,120,77.62012673,60.7062886,978,night,16.61925276
7847,57,56.00455684,60.87365278,1282,evening,1.892915384
7848,110,74.63539062,9.666376155,1229,afternoon,1.297490479
7849,81,29.47346725,67.71183364,1112,morning,15.40579056
7850,67,48.2267458,84.63388235,546,morning,31.31312215
7851,52,53.5729384,63.11645285,584,afternoon,37.18854283
7852,45,48.92169427,30.99659425,1267,evening,22.83012615
7853,56,55.79692571,0.249505775,1143,evening,17.17429493
7854,131,47.80185444,64.84085342,1296,afternoon,0.570892444
7855,50,42.87152797,67.77539826,555,evening,9.13832625
7856,91,40.85322383,70.87492658,1243,night,33.24850294
7857,106,33.62593873,3.926056111,1392,night,17.91086536
7858,74,56.16665853,51.64477607,893,evening,9.200794436
7859,28,47.1497438,41.34312636,1022,afternoon,7.818249578
7860,92,39.20907417,76.73482695,972,morning,0.5224826
7861,46,20.02445697,72.2689228,736,morning,52.30005698
7862,52,60.77072291,95.06608302,820,morning,63.12416007
7863,87,63.51334425,89.75100234,615,afternoon,13.65565149
7864,112,31.24760789,55.80067951,1363,afternoon,36.24529629
7865,102,52.06053995,98.04739215,1158,night,2.015039769
7866,118,39.0971455,15.02128092,1159,evening,65.87488236
7867,55,64.36568007,0.71586836,1318,morning,71.18493216
7868,93,40.08601337,10.7832849,836,evening,5.1180194
7869,118,40.16985582,35.51118312,853,evening,45.5067414
7870,96,52.62027483,75.5259365,1042,afternoon,19.23061716
7871,59,41.59854828,38.30668397,1458,afternoon,34.27881993
7872,112,40.22807107,78.06019677,910,evening,19.31285393
7873,75,37.70533223,74.27841377,1405,morning,2.457838017
7874,48,41.15414508,79.43498009,1216,night,54.98516403
7875,72,42.50117635,18.72723122,1376,afternoon,2.689131132
7876,65,50.25736204,51.60335201,1066,morning,13.39574353
7877,75,46.76090216,71.26917885,702,afternoon,127.9735679
7878,48,59.89143396,28.41747037,1416,night,16.68955373
7879,42,26.93108957,83.80264186,1305,night,51.49246996
7880,50,91.78404412,77.93119659,972,night,5.551012557
7881,123,50.44292508,11.98765278,1456,evening,53.17022261
7882,106,69.42622369,21.7887985,1196,evening,18.55311783
7883,48,59.65905727,23.73733958,1446,night,21.39623207
7884,42,52.41352062,87.84765555,1414,night,103.8806065
7885,92,59.02372245,18.67268723,727,evening,65.18290174
7886,41,56.79260026,62.20962923,1096,night,12.82082198
7887,43,46.48617062,6.491207072,1254,evening,89.51847028
7888,72,97.87480043,55.25053566,635,night,3.265038819
7889,119,72.29483573,14.12521023,740,night,0.796048324
7890,131,18.11517411,57.54957249,1057,night,22.8195685
7891,78,71.01825325,36.77957236,649,evening,44.07688
7892,34,51.41629733,60.568273,1325,night,7.490018069
7893,118,82.73277771,39.44432224,819,evening,2.511061401
7894,93,43.47308073,85.42952112,594,morning,56.02845483
7895,126,3.288351287,75.697773,872,morning,128.7477762
7896,40,42.97553122,84.47022094,1356,evening,35.55611562
7897,46,17.95841448,22.20522176,1185,night,110.9851484
7898,39,36.38547132,14.88159883,846,afternoon,53.63476464
7899,61,38.58479694,55.73346684,1018,afternoon,8.7046448
7900,120,57.55375886,87.28332122,1303,night,3.488650281
7901,80,55.09709034,11.06239565,1205,afternoon,49.65227625
7902,88,62.80099572,23.38881816,711,evening,32.3288806
7903,106,61.09270967,74.59982184,840,evening,50.28156602
7904,82,88.82697488,46.53609778,685,night,38.01469286
7905,114,50.03189753,60.34633037,1147,afternoon,21.10550591
7906,93,60.28401538,59.17544242,652,morning,84.81754945
7907,132,67.6926134,41.2354961,1132,night,42.01905453
7908,68,37.08269594,70.5702307,1197,morning,0.256815234
7909,82,24.71728679,85.22691432,1400,night,36.54819591
7910,115,57.36830174,90.77570491,1400,morning,23.56718222
7911,107,42.0095325,4.641159867,734,afternoon,4.465406863
7912,68,65.60431653,55.36061276,979,evening,17.13462781
7913,57,64.68724138,4.037154544,780,afternoon,22.28074647
7914,122,69.78217233,90.09301105,678,morning,18.95899044
7915,85,34.28289429,42.92658074,1124,morning,17.09489191
7916,102,38.51117986,90.052541,1036,night,29.92367011
7917,61,52.13971396,18.76834099,1211,morning,32.24096663
7918,89,46.43702909,16.23712404,529,evening,35.87284137
7919,78,59.13155992,90.83241429,964,evening,42.99373098
7920,31,77.20309083,93.8375583,995,afternoon,53.71970217
7921,43,48.00534559,76.6789634,1291,evening,25.6112666
7922,128,22.88872695,22.20253728,878,evening,2.271746203
7923,88,10.92989797,17.19853928,840,night,13.61263348
7924,44,24.15947682,74.80130728,1137,night,0.113950599
7925,116,23.50081871,63.47747165,928,morning,27.13140503
7926,72,63.34461896,87.20766582,498,afternoon,110.7332768
7927,42,49.04104789,27.68114184,746,night,52.64864238
7928,124,51.49491836,29.53571403,942,night,19.97960402
7929,70,64.43285025,73.16411195,804,night,36.95004484
7930,59,77.25850465,26.78686078,1431,morning,40.62970487
7931,52,46.10440823,46.23772319,552,evening,27.10393141
7932,103,64.85473228,52.01421431,836,afternoon,65.03723347
7933,82,57.04379449,66.91845229,742,evening,11.65119282
7934,75,18.85299807,34.43835077,649,night,33.56903906
7935,70,20.31356026,85.83369797,769,night,2.004980238
7936,38,43.20369074,40.23290268,889,night,4.463692908
7937,42,53.93822266,4.137329703,1079,night,83.64079373
7938,72,59.61163989,6.700209319,1165,evening,23.49697152
7939,112,46.04646831,97.15733663,873,night,42.11949201
7940,35,16.0757478,62.20427935,1171,afternoon,61.04266286
7941,78,42.64334759,49.09280384,770,night,81.60483618
7942,107,13.24853923,86.96806263,675,afternoon,2.821148391
7943,73,45.90646427,71.688469,1322,morning,36.30244932
7944,86,61.20992104,18.13921335,660,afternoon,29.81496204
7945,100,58.57712432,0.729230449,1395,morning,27.49889261
7946,54,39.9550381,98.21303028,1375,morning,4.714706606
7947,63,58.09023369,62.92160441,616,afternoon,44.50973462
7948,22,27.60385097,47.70742344,1150,morning,11.375525
7949,60,37.16323028,94.46561427,702,evening,7.538611081
7950,89,16.86482894,36.92076536,1322,afternoon,36.8553445
7951,47,39.3730399,72.2552617,518,evening,7.275798959
7952,84,34.49364567,67.01142763,882,evening,20.71853676
7953,116,41.82279101,67.70214463,987,morning,11.46077582
7954,122,44.56525763,67.71326936,1313,evening,52.0292524
7955,123,54.98731249,1.042733037,1392,night,92.61877384
7956,130,10.72855501,82.43020443,1450,morning,52.223971
7957,118,32.80150902,92.29539459,1080,evening,15.16930406
7958,89,69.56826371,44.93493855,1288,morning,5.330413031
7959,58,69.91256112,56.04836283,1256,evening,35.95682911
7960,41,51.11428947,32.47156655,1418,morning,70.20749965
7961,62,51.5451442,78.50721124,1366,morning,15.39820085
7962,32,27.45502325,73.6601321,1155,night,1.248837278
7963,107,42.53186458,73.85010136,1007,afternoon,3.983744516
7964,80,66.44225886,73.49228461,1088,morning,14.47023853
7965,120,25.10992499,21.85438938,789,night,20.75106597
7966,30,52.89365695,11.25227884,537,morning,10.29857118
7967,83,61.13811323,31.07542469,1145,night,20.05347939
7968,35,50.94728922,57.53792601,1118,afternoon,95.67977104
7969,109,47.02362956,39.95233701,643,afternoon,2.405206367
7970,67,46.8179431,24.92458363,746,night,48.81423724
7971,64,60.01156741,2.228876731,1408,night,18.22711763
7972,113,53.89189252,12.11331197,1039,morning,31.81279713
7973,104,59.88954302,10.53318973,808,morning,104.5764322
7974,104,42.6631876,95.66392278,1483,night,18.46091273
7975,50,43.58428327,77.88249635,930,evening,3.028830752
7976,41,60.97825579,12.27518608,770,evening,52.79253922
7977,90,32.16251276,46.72106391,1405,night,9.224838513
7978,101,27.4262332,65.44860697,526,afternoon,70.68347148
7979,125,95.45647695,96.10334547,1401,morning,2.564730607
7980,124,58.45423671,26.89639161,1145,night,7.762522171
7981,113,45.08717627,26.40467333,1138,evening,103.3255606
7982,107,36.10735404,56.82576515,872,evening,63.67278964
7983,76,31.62211392,85.73778336,1069,morning,7.408727227
7984,109,49.03686766,27.96211781,537,afternoon,44.94562681
7985,124,48.09202935,12.58252403,1014,afternoon,2.707348533
7986,72,58.77540142,26.61301671,1049,night,5.154070976
7987,102,24.01568052,44.90672829,837,night,6.037007687
7988,40,24.83078772,35.99533064,743,evening,1.324359284
7989,114,55.20046628,86.12129894,847,night,19.88340021
7990,60,57.72991709,94.29454678,778,afternoon,14.86083677
7991,63,68.07334374,37.84498695,991,evening,26.7181161
7992,84,83.23256511,82.34213035,1018,evening,35.01188478
7993,75,44.61319897,6.861130235,1413,afternoon,27.14127387
7994,40,63.41783792,55.37033147,733,morning,9.791491011
7995,95,29.18762195,83.17036764,1360,night,2.58758433
7996,37,0,41.86232446,1090,night,39.50517855
7997,120,30.41576277,14.34338358,761,evening,11.09362429
7998,101,40.41690749,28.40900736,1203,evening,8.512931766
7999,49,93.01199204,49.1907633,679,night,35.18456082
8000,46,16.73970259,84.3497346,1088,morning,17.49524636
8001,73,64.82139586,74.85972719,1033,night,6.864328274
8002,97,38.16940599,8.357553916,1098,evening,43.64313481
8003,31,59.95326569,54.61573441,928,morning,49.25561257
8004,53,50.84611771,87.23507868,519,morning,126.5705665
8005,34,31.70540768,57.71102385,1045,morning,18.93263747
8006,85,70.48937276,6.4937556,1256,afternoon,1.120846478
8007,103,58.97475644,82.31203143,518,evening,21.84808722
8008,125,49.7078736,90.67696976,1185,evening,0.705894123
8009,64,55.87498128,38.91889506,993,evening,88.45702275
8010,82,41.50972802,31.01368754,912,morning,5.764354425
8011,120,11.34272368,54.33506336,1440,afternoon,77.86698123
8012,82,52.2421147,98.40880756,1201,evening,89.8841091
8013,87,94.53279604,83.74642567,675,evening,44.81060536
8014,102,66.90571345,81.10557923,1176,evening,2.740674854
8015,83,55.86309446,19.31435164,1296,night,24.51813119
8016,97,57.70870746,89.51653754,1420,night,13.12092526
8017,73,49.97629972,55.5945733,686,afternoon,51.47953474
8018,88,5.190954011,91.68786552,1399,night,10.79530436
8019,56,28.96863868,65.17106608,1359,morning,18.0035983
8020,69,48.72940758,83.41671153,809,afternoon,25.5777604
8021,56,68.4672776,16.55257173,1402,afternoon,1.078821547
8022,75,86.61476379,70.65214636,1094,night,28.16229902
8023,111,28.47586558,25.72521368,721,morning,12.65991347
8024,86,63.12942699,16.8902197,520,night,22.59820585
8025,24,5.396477986,57.39823291,858,afternoon,4.000099526
8026,94,43.37169466,60.27411138,973,morning,12.27610242
8027,98,49.43804008,49.06178075,534,afternoon,26.1537732
8028,131,83.70574256,8.90408051,945,night,25.42953774
8029,57,33.6768872,24.4749024,628,afternoon,5.157899117
8030,125,43.03818943,23.54508881,1359,night,16.06877193
8031,110,69.84711684,31.370206,1059,afternoon,21.98800259
8032,61,35.33100633,62.80654033,774,evening,2.54142252
8033,135,39.41588712,43.79872696,622,morning,27.44165774
8034,86,21.1708796,96.83851216,570,morning,7.908001682
8035,123,62.46594685,1.584404468,696,evening,75.84986193
8036,62,21.34029231,21.5903417,1126,afternoon,9.381541013
8037,31,71.04724924,57.34073933,563,night,46.44461953
8038,87,25.03611557,87.93394927,959,evening,26.17972533
8039,95,34.85332506,3.390716066,784,evening,34.6885461
8040,90,26.55177675,88.36110712,1378,afternoon,69.61087784
8041,113,44.34168395,50.72734639,1138,afternoon,56.47942642
8042,91,71.53206208,78.54833592,624,morning,4.100206847
8043,51,36.0296328,94.86517666,659,evening,81.42707755
8044,81,30.38959355,21.54044085,1177,afternoon,4.478467673
8045,63,49.64687393,58.79099034,941,morning,11.41100208
8046,121,48.67342552,88.36689423,1287,night,22.21555584
8047,124,63.56717827,84.44106739,1032,afternoon,81.24878115
8048,29,23.6975736,52.09643885,837,morning,29.60026092
8049,68,54.75952322,94.94922662,1336,morning,62.37151135
8050,86,74.79750218,70.84445346,965,morning,85.275383
8051,36,29.70162731,52.41142892,812,afternoon,41.40754026
8052,116,53.81145121,5.790224917,780,night,19.72801845
8053,86,29.65873252,48.73058538,1165,afternoon,14.73137931
8054,99,71.90517682,42.19006054,676,morning,9.654492804
8055,118,83.84423668,30.52530269,1479,evening,21.19260978
8056,134,26.1853476,94.28914134,804,evening,1.476849657
8057,81,55.83207642,92.57000164,509,evening,7.768900337
8058,87,57.14304581,33.72843764,484,morning,13.31048363
8059,68,52.67010311,43.57627921,1453,evening,57.59746812
8060,47,45.47277129,75.18193483,602,night,14.15323069
8061,47,38.57395758,83.50571366,1004,afternoon,8.214317432
8062,45,18.68785231,11.00786029,1028,evening,45.79324481
8063,112,46.75446251,49.07948705,1280,morning,86.02497592
8064,25,67.28298415,91.45045543,950,night,44.72086125
8065,117,72.0721914,66.45880268,1179,morning,4.032350407
8066,51,53.59290371,54.2966358,1424,evening,11.58445047
8067,73,30.22973782,71.80444642,1237,night,27.70642223
8068,84,24.38984615,66.14316433,518,morning,6.54525655
8069,74,37.63637591,94.22488737,725,afternoon,30.36594013
8070,72,11.79799474,91.26363573,875,night,8.076715811
8071,106,0,39.77758587,640,morning,23.47320177
8072,67,23.09780254,3.201923761,1215,afternoon,36.8030587
8073,62,56.23812955,33.26766115,1197,evening,46.36752219
8074,62,17.23034242,20.28899055,1001,night,48.36704869
8075,99,56.57811348,13.15522831,1245,afternoon,44.71724951
8076,112,33.46135063,88.7943761,1103,night,4.423748424
8077,123,74.05572791,70.99313794,703,afternoon,136.1907061
8078,128,37.9834365,3.257868113,1003,afternoon,44.37239473
8079,47,40.76207125,91.97538436,896,night,3.298898413
8080,75,34.99368914,90.30092721,1293,evening,35.87687797
8081,54,35.41139276,94.93892922,682,afternoon,19.04641385
8082,70,51.75812164,82.98759978,1416,afternoon,16.75666498
8083,127,55.73714347,7.887727023,1320,night,33.86724252
8084,57,49.08563967,62.27951531,1209,afternoon,5.513929459
8085,127,24.53708313,8.308795839,666,morning,224.0532099
8086,76,58.13492611,71.33963318,623,night,23.58978266
8087,93,25.80134181,19.70090108,1092,night,27.08903857
8088,100,28.24270393,93.58123364,876,afternoon,16.61164953
8089,98,38.6646219,93.41710635,1479,afternoon,27.93613221
8090,91,65.50268392,59.4602643,623,evening,32.72040844
8091,76,27.22752777,75.2675914,944,night,12.71630645
8092,38,57.35044318,85.81535197,1307,morning,18.60162935
8093,103,0,38.91461925,1043,night,8.8551643
8094,50,60.11070149,57.91909474,742,afternoon,44.34598337
8095,42,70.90421027,17.60234482,514,evening,40.11074099
8096,92,62.15490279,98.54962552,822,morning,49.96976361
8097,45,48.99382744,92.94038255,1217,afternoon,36.40379433
8098,72,36.08682527,48.34207876,904,night,0.609192574
8099,38,31.17540408,55.33343677,1317,afternoon,6.364185728
8100,55,33.07521181,43.66973848,883,night,14.76074904
8101,67,37.97556978,0.166296552,1281,night,8.004442671
8102,123,68.69945196,22.99978277,700,afternoon,22.75929395
8103,102,47.58463075,10.1648176,764,morning,68.51867266
8104,102,65.67682705,32.28989818,1208,morning,40.18827609
8105,45,110.865047,23.62354341,596,night,9.299746299
8106,112,83.0533231,76.16415474,1183,evening,15.20348942
8107,112,49.68856929,50.47969765,657,afternoon,1.600511747
8108,39,38.80357927,81.69942386,1038,afternoon,0.187749705
8109,103,66.6655895,63.56978479,704,morning,16.60855746
8110,121,66.63505321,65.62265121,1412,afternoon,39.05155243
8111,48,60.75774982,87.62452094,791,afternoon,59.1570843
8112,83,79.50354778,84.71913859,759,morning,16.94136027
8113,87,31.11171972,6.329668514,672,night,5.962829212
8114,96,55.72755658,57.8348942,1222,evening,9.088930416
8115,67,49.26032292,41.30899827,947,night,17.68941684
8116,117,63.64295574,59.96374379,1460,afternoon,31.45939223
8117,71,40.7827574,86.26395024,634,evening,23.48107467
8118,68,57.36540937,1.204697561,1481,night,55.09295545
8119,76,14.24019959,1.09680209,1456,evening,0.560844834
8120,122,49.60530975,6.255480979,1356,morning,145.3287081
8121,69,84.23876874,87.48852554,934,night,79.4395192
8122,71,39.61053429,35.34818724,1314,morning,4.862707816
8123,51,47.96523219,37.12305691,1031,night,1.480977409
8124,133,71.38824008,34.54032332,538,morning,28.84304334
8125,123,59.41953117,23.09625071,1111,night,38.33976179
8126,79,15.77032311,3.886252603,768,night,19.34646271
8127,128,47.19154998,90.65136415,1239,morning,9.782937718
8128,103,57.666236,23.28741034,1396,night,30.5791064
8129,89,77.3379961,89.39404013,1290,morning,30.3045816
8130,31,73.5836716,95.57114714,898,evening,4.816761998
8131,77,48.7148215,57.66516482,830,evening,48.20616181
8132,29,62.70695882,37.22736231,1278,evening,41.53019043
8133,41,48.43535435,76.57972798,708,night,2.659237953
8134,47,39.9348828,2.538294606,1239,morning,18.62273501
8135,121,71.91773947,92.88668912,1316,morning,14.99710106
8136,48,70.57594733,40.79163079,630,afternoon,18.62323278
8137,58,55.38170218,30.86021421,1118,afternoon,18.55751505
8138,49,36.93539726,12.69349464,1188,evening,22.27317282
8139,70,49.46450595,95.51703189,574,evening,9.738853897
8140,97,50.77755819,81.10299601,738,morning,19.02569088
8141,88,68.44691114,72.39404977,1419,afternoon,3.143973755
8142,118,43.8909382,93.09645701,919,evening,5.832600765
8143,45,50.56730144,95.98311448,1201,morning,2.7645169
8144,101,53.74031088,26.84469765,948,night,6.180282796
8145,131,44.60746631,78.65249644,1334,afternoon,0.130209933
8146,86,55.12348475,76.69812766,893,afternoon,1.156947358
8147,45,52.22986885,55.7316192,781,night,47.78250771
8148,45,33.68204846,15.04255099,715,afternoon,6.661598339
8149,67,38.88201043,94.03454745,711,evening,22.01844142
8150,129,21.83019399,31.53822156,1021,evening,13.87866441
8151,112,35.22114336,57.88793643,517,afternoon,11.97087873
8152,47,78.53178748,1.938026999,1478,night,58.36856106
8153,115,63.23227961,42.91449033,607,night,19.97925389
8154,95,33.94082862,61.68941576,1485,morning,21.82005605
8155,123,46.16672537,38.09598124,1345,evening,18.43598226
8156,122,32.60620856,47.71063217,1481,morning,9.39771761
8157,89,64.5227977,19.2025192,711,morning,34.4894189
8158,58,55.03566595,35.0221776,701,afternoon,1.449864321
8159,87,63.64733056,72.33642911,591,afternoon,9.916587898
8160,123,43.68780524,96.97119098,1295,morning,32.49837581
8161,76,70.016419,46.87867351,1131,night,1.019647902
8162,28,26.16700163,68.60466243,1086,morning,0.781319812
8163,64,38.14073342,97.61880201,727,night,13.99302744
8164,46,42.0390455,77.47919205,1489,afternoon,8.677635489
8165,41,66.04129518,1.013063692,1258,night,36.21539284
8166,121,39.13306135,93.55406409,800,evening,42.31059737
8167,73,30.6767305,86.65665589,598,evening,1.107380494
8168,44,50.18585316,27.1112879,546,evening,17.20200652
8169,80,98.74158175,18.15513861,953,afternoon,86.05441747
8170,114,30.47477669,89.9224259,1279,night,11.26100717
8171,39,74.77555386,68.86908049,1331,afternoon,6.580447388
8172,82,49.84611663,23.69908306,713,afternoon,22.10030134
8173,44,50.11379555,71.3881815,1488,afternoon,17.98504448
8174,80,37.94588557,60.0224837,739,afternoon,7.435003488
8175,40,62.50526993,30.9215053,1354,morning,7.715339256
8176,23,70.76878057,55.67728516,655,morning,34.81847632
8177,43,80.10039054,52.72674776,748,afternoon,11.69897293
8178,124,55.71372192,50.97742798,952,night,128.1213853
8179,81,36.16073988,51.73665481,1400,afternoon,10.26624797
8180,116,85.74825202,0.040535519,655,afternoon,23.8148477
8181,120,40.94179444,26.86334134,564,morning,2.278072094
8182,118,34.5564923,43.08670367,709,morning,23.21929843
8183,71,55.78435745,12.72533213,1050,evening,18.51946018
8184,95,30.7235634,74.91644604,846,morning,12.89337923
8185,88,40.01002525,84.68870197,847,evening,16.843811
8186,120,62.5311677,81.77721879,1421,night,5.897482159
8187,108,107.4549249,45.96367426,1131,evening,51.48239901
8188,69,61.30912825,69.07018717,1447,night,76.45157193
8189,103,73.69710564,7.688614893,482,afternoon,54.51165534
8190,110,39.85827526,19.93963307,549,afternoon,49.02280559
8191,114,55.34127662,4.693924157,898,evening,23.84770417
8192,33,11.64181055,96.54402218,1410,night,12.1781076
8193,29,23.35027019,57.43125393,900,afternoon,5.659965107
8194,47,53.12941358,17.52400196,1140,evening,51.40163627
8195,34,57.07446752,70.75454553,937,night,1.333017809
8196,41,66.89641912,48.91287973,1270,afternoon,5.990602543
8197,121,46.20753662,43.42576304,1118,morning,15.41150497
8198,62,80.17845844,91.34531815,1146,afternoon,6.493323706
8199,74,61.00681191,70.82060831,1034,evening,26.23967674
8200,81,13.73598736,69.0658695,845,evening,38.63891385
8201,79,13.77385396,9.730870025,763,night,71.93672179
8202,90,52.57138146,9.202868559,900,morning,7.088503774
8203,107,45.2561439,66.44332892,479,evening,9.839058071
8204,74,54.43102521,15.64905333,1160,morning,37.84077102
8205,37,43.27831972,45.32534684,1106,morning,7.340370681
8206,117,37.99248781,56.9805085,1013,night,14.52657289
8207,82,35.30663461,38.80906122,1387,night,42.00724062
8208,105,48.85740018,8.515462262,1324,morning,14.14051084
8209,54,66.79358202,74.33508209,1388,morning,4.745738432
8210,82,28.47582821,88.50319762,779,evening,9.419108288
8211,52,47.22663846,16.16833247,1471,morning,2.529538397
8212,35,78.49351892,85.41035884,1062,night,33.64130732
8213,108,15.17559904,78.86959514,698,night,1.407343165
8214,46,62.85045729,56.38602741,1224,evening,25.60334153
8215,115,45.83111677,59.61003372,516,night,89.90260527
8216,68,34.39550929,65.15681118,949,morning,58.95629592
8217,29,38.91348426,52.47614647,1358,afternoon,2.272145436
8218,33,70.65735548,84.43427309,613,night,37.60361896
8219,80,47.3953282,47.40986644,1062,evening,35.14480514
8220,65,28.48486882,54.70526809,930,morning,10.63118268
8221,47,32.66944199,3.676540342,697,night,3.473191423
8222,63,40.01930005,18.00696722,692,afternoon,57.73955365
8223,34,67.35693715,90.37779869,644,night,24.24358739
8224,68,39.948444,12.15720954,681,morning,35.96081782
8225,52,49.50449992,90.40494774,885,night,18.36385583
8226,36,36.17188983,63.59243157,1138,morning,7.54466519
8227,95,42.03011292,92.01237306,830,afternoon,9.047281524
8228,68,46.76228651,81.43058729,1003,night,22.96034962
8229,101,31.39240347,86.52834602,612,afternoon,8.018517138
8230,82,34.37703333,52.43829038,1320,morning,15.25862336
8231,115,39.57069434,82.5298305,1247,afternoon,2.319531987
8232,77,80.03306127,46.05277601,480,morning,162.1428868
8233,74,51.21438174,4.417292704,1321,evening,28.76681815
8234,49,32.09093892,65.13582831,1019,night,4.736710982
8235,78,66.87592821,72.84532157,766,morning,4.181597581
8236,98,67.94026208,10.15487275,759,evening,19.80789798
8237,116,31.67575132,81.59069548,1089,afternoon,0.752325784
8238,113,82.50043192,7.517378293,508,night,15.93274915
8239,64,57.6645024,44.16141184,1209,night,86.9666126
8240,73,58.39598611,48.79237192,1077,night,52.00920321
8241,45,57.22073707,3.675690907,779,night,79.76029424
8242,119,56.75308163,6.5804556,1252,afternoon,3.533560965
8243,99,47.69325585,45.06441649,812,night,13.89967963
8244,35,62.99251613,31.12576929,1065,morning,24.29026087
8245,63,43.39425299,81.59077654,776,night,38.21778808
8246,74,81.46872345,41.38548094,1167,afternoon,14.94988216
8247,115,10.13964356,10.55270754,863,morning,11.52360376
8248,39,31.80064528,15.78785215,1026,morning,10.91809581
8249,98,57.10690019,67.34730433,1081,morning,46.74160732
8250,57,48.40990692,95.00653,1120,evening,14.42932166
8251,126,39.94482452,86.95973113,1200,evening,0.493418829
8252,102,53.49970932,12.94943285,628,night,44.11838484
8253,127,25.70895698,1.636812996,1194,evening,5.278319556
8254,38,29.2745924,2.643877326,722,afternoon,29.68287489
8255,100,47.45757225,55.48484142,773,night,0.897230517
8256,71,57.67796131,48.58976501,554,evening,14.68100833
8257,104,35.66869491,1.339659572,1515,evening,18.26043794
8258,67,14.03289592,5.712273238,994,afternoon,108.4495416
8259,105,54.59436153,99.97544604,1244,afternoon,2.76905612
8260,55,59.71265586,96.4941235,1216,evening,41.77132655
8261,128,28.17277289,12.67247129,782,evening,100.3598527
8262,118,42.14851002,16.40998958,868,evening,9.726614862
8263,95,68.19781472,90.01628594,913,evening,7.67200538
8264,78,26.82335826,50.74394122,1393,night,91.13947498
8265,33,49.34993405,95.79758796,790,night,20.17438844
8266,127,36.70190771,52.03397507,866,night,51.87848691
8267,71,93.68983604,57.72240864,1251,evening,47.48828615
8268,63,25.45805225,22.01358999,1184,afternoon,11.83584344
8269,70,13.51522502,87.60759024,1368,afternoon,6.228192893
8270,81,62.12499052,82.50026115,751,night,36.40958175
8271,65,43.48678133,33.74230932,1212,afternoon,20.87270538
8272,102,29.38926471,61.23730236,1371,morning,20.22972563
8273,74,40.16664502,34.14423449,1054,night,23.70338693
8274,101,80.31824581,46.39682789,1203,afternoon,0.779617264
8275,119,50.06001284,85.35512337,871,afternoon,0.152415686
8276,85,79.29442656,41.54220348,1019,evening,11.31144941
8277,60,25.21104131,84.05656091,911,night,11.73290906
8278,112,71.74253727,96.01252491,727,night,38.0533645
8279,50,30.63061684,41.63440663,797,morning,11.82089496
8280,107,74.53683882,87.75319496,637,morning,13.36766554
8281,125,72.903682,30.39833487,823,afternoon,23.92497309
8282,53,30.10321834,0.28643783,832,evening,26.86590425
8283,93,58.44689172,8.449141516,1049,night,12.16210305
8284,82,54.13795272,73.71013071,1405,morning,24.50051057
8285,88,68.72229949,10.01818157,1241,night,28.85581228
8286,73,27.34775527,93.91598357,759,afternoon,9.083658967
8287,103,41.86913608,86.65795831,1377,evening,8.065636828
8288,51,50.96021207,51.48510259,564,morning,66.33689255
8289,82,80.09385099,58.15100498,796,afternoon,31.2768855
8290,86,51.19404152,69.4348085,906,evening,11.17860672
8291,126,30.58089516,73.15060481,1313,afternoon,24.00650746
8292,102,56.42070411,49.12066878,1089,night,36.86916354
8293,121,29.69734083,31.34001335,1131,night,0.686676659
8294,107,16.27378687,91.02399551,1047,afternoon,75.70909614
8295,60,46.76683725,4.656857081,1434,morning,37.89372978
8296,36,55.55536178,35.60842698,1307,afternoon,14.93995427
8297,78,53.85573658,66.6505777,1372,evening,80.76356863
8298,55,51.06951598,89.10714797,1241,afternoon,1.72403584
8299,118,85.71327478,7.422416699,811,evening,42.09486766
8300,110,81.02628951,65.89543629,667,evening,22.41465539
8301,103,33.51461494,48.70770552,720,evening,32.78989583
8302,90,68.86618655,68.64889072,1234,afternoon,19.12516961
8303,103,95.2384804,31.72025532,1276,night,4.777989087
8304,94,85.16507271,71.07012821,964,night,9.065309751
8305,76,70.15931571,18.02617019,1289,afternoon,18.65515244
8306,40,47.32037177,77.53995715,574,evening,75.34008042
8307,107,23.90887106,74.93492647,1413,afternoon,2.123056484
8308,83,30.77224505,94.6786663,839,night,3.318187569
8309,66,60.5664524,17.32239129,1273,night,4.971323926
8310,100,55.88861348,72.19985204,738,night,30.00001796
8311,96,51.37316387,32.26500444,931,evening,13.68562873
8312,82,68.20157352,28.18568358,500,morning,4.848895247
8313,81,73.39842159,40.15956124,1189,morning,3.902063689
8314,72,73.37011407,28.52015629,846,night,33.6405178
8315,87,64.72684454,24.81935207,889,night,18.62986009
8316,104,60.34648502,76.8385243,538,night,61.84983465
8317,100,39.46873742,69.95035054,1403,afternoon,15.52673011
8318,48,51.70778504,10.93584964,1123,evening,31.99089399
8319,96,57.1916434,56.01814263,818,evening,47.66619967
8320,126,48.93249836,33.10026543,1397,evening,92.16465475
8321,119,18.18807447,97.10346425,926,afternoon,61.04498974
8322,86,56.41183423,42.50427648,1211,morning,44.79055275
8323,40,48.84605693,4.057367658,1008,afternoon,15.97619333
8324,87,47.2377482,33.17161241,970,morning,121.8931704
8325,104,61.47328361,31.27077382,1429,evening,9.22508078
8326,75,61.06156309,0.56347554,1243,night,32.47883286
8327,64,73.87445259,48.77822931,1092,morning,4.199149204
8328,114,61.8260547,90.5796134,1363,night,27.93663097
8329,55,42.32075308,80.23132407,1014,morning,35.12471801
8330,85,76.46800557,68.46534523,645,afternoon,2.838986927
8331,79,80.0764679,34.3534701,652,evening,10.48453193
8332,85,49.57995051,23.19637323,1409,afternoon,30.77686117
8333,74,74.98314125,34.26165231,742,evening,27.64928336
8334,56,53.26812343,12.30593439,1359,evening,33.09773767
8335,37,72.99233644,9.948848756,534,evening,3.986887504
8336,49,76.47131935,57.45327467,739,night,21.72733692
8337,111,37.3415386,81.39938892,647,afternoon,78.76948967
8338,62,77.99731889,9.939079065,1240,afternoon,92.22439517
8339,63,50.9054746,33.51871015,994,evening,4.065290704
8340,45,57.79712873,12.27540917,1298,morning,67.44215392
8341,54,72.23916147,31.04807272,1181,evening,25.77444043
8342,76,44.85155822,83.02633441,607,morning,41.9410256
8343,85,69.84189081,3.484677679,1198,afternoon,4.898396493
8344,34,53.33866377,64.72136441,1047,night,40.16699381
8345,38,40.91431963,5.98365952,1108,afternoon,2.211900382
8346,67,62.86849715,42.65459097,1174,morning,30.07316196
8347,77,75.05144287,47.40528187,961,night,33.08483669
8348,98,52.11082649,40.15100385,1168,afternoon,32.78474095
8349,73,29.72742625,63.73854734,1174,afternoon,1.813445427
8350,96,43.55591687,97.36633852,676,morning,14.54456322
8351,92,35.86567589,26.72998043,1294,afternoon,40.92372555
8352,73,95.50267873,60.97690304,1002,morning,47.80956636
8353,86,32.51905303,35.49785485,797,morning,16.11036919
8354,47,4.50262312,99.95006742,834,evening,5.302733977
8355,132,42.30235336,95.09968071,986,afternoon,20.76122742
8356,129,53.72712388,9.3402872,1481,night,31.5172958
8357,90,50.65841888,97.35959863,1205,evening,75.92273785
8358,48,53.59714215,73.82713532,1016,morning,34.3093402
8359,122,24.40523618,99.23446903,478,afternoon,51.8907226
8360,99,51.23276505,77.09506598,757,afternoon,9.226222873
8361,106,30.18940133,12.89335404,1273,morning,53.73583314
8362,69,68.10538256,75.04687445,867,night,28.40027634
8363,74,27.13512752,72.66276158,564,evening,23.88794046
8364,44,48.27423997,16.67357767,1194,morning,9.312704238
8365,116,34.10897101,75.31727911,610,afternoon,6.840748369
8366,33,69.04914717,67.47725974,1362,morning,23.54977455
8367,61,40.59573974,99.44440007,925,evening,66.61328384
8368,81,28.9952713,61.873957,656,morning,8.051207002
8369,100,71.08992064,41.46096075,529,morning,9.8007075
8370,47,10.13950566,95.39150443,815,night,88.64976424
8371,112,63.84335759,62.78415326,1412,afternoon,0.809026768
8372,124,56.7374168,34.863211,941,morning,19.93032698
8373,119,100.4499588,2.104566853,605,afternoon,22.57208613
8374,46,63.01347471,75.66395684,555,night,33.78488095
8375,113,60.01202674,11.95261819,1014,evening,6.469617903
8376,42,32.96847749,92.36693823,1031,morning,25.41783003
8377,90,45.61162379,96.13916735,991,night,3.477996555
8378,44,55.24287753,23.64213485,793,night,9.318624926
8379,29,78.44160729,11.28053763,1451,night,0.456697659
8380,32,34.61829348,59.53200311,892,afternoon,18.12171651
8381,47,13.23369851,21.37317983,776,afternoon,5.77516961
8382,128,51.4460277,54.18398914,1200,night,3.052798148
8383,123,18.13230302,41.4204655,806,night,12.66197407
8384,108,66.1897132,79.20253755,1281,morning,2.475948909
8385,97,80.3281561,99.98615362,1303,morning,32.75624411
8386,31,70.61688839,45.6804464,1270,afternoon,6.726875536
8387,71,39.92963639,68.50174526,653,night,37.16446382
8388,79,82.40811969,34.18053026,1270,afternoon,54.95059668
8389,41,34.64222043,86.25014812,677,night,40.56242556
8390,64,30.34711684,3.695264544,707,evening,43.17200893
8391,55,78.59160081,49.35223849,892,evening,30.96497831
8392,91,42.88969953,17.67754374,535,evening,14.16259339
8393,83,53.18137465,17.68433545,546,morning,12.8563933
8394,52,70.29250328,53.29957183,724,night,25.24538164
8395,90,28.01048968,30.77990938,865,night,8.552505426
8396,100,39.31286321,45.90050123,1518,morning,12.67745907
8397,120,38.24631345,30.56599359,1007,evening,5.063206709
8398,100,45.33851648,45.50689485,1275,morning,45.44256045
8399,55,35.79093706,28.59201683,679,night,39.91152918
8400,83,57.43805215,80.35512922,687,morning,20.99041929
8401,76,57.18525406,55.78281021,893,morning,13.8407381
8402,32,50.02449724,16.14333345,1223,morning,35.78842703
8403,91,54.57706068,0.845809054,894,evening,2.654340571
8404,81,36.90636221,1.749443708,1418,morning,1.467804098
8405,68,50.42287897,42.1690107,1315,evening,36.09591437
8406,88,16.2976959,31.41186484,1251,evening,23.95942316
8407,89,69.8000368,26.21111794,1462,morning,39.64189429
8408,63,38.78227687,62.29257098,1197,morning,9.837432658
8409,103,39.63961943,81.31984131,854,evening,3.438634317
8410,85,31.30714816,6.337988488,771,morning,16.86156216
8411,115,52.80087712,10.99736008,1360,night,16.68997336
8412,35,39.32397278,36.87460358,808,evening,42.69514689
8413,56,62.59186758,44.14865382,979,afternoon,3.907893715
8414,77,29.00278222,39.52301177,1284,afternoon,87.6051111
8415,53,52.76331312,63.86366072,586,evening,1.728754705
8416,107,58.51261672,8.721530424,1048,afternoon,11.25985004
8417,92,65.9374629,49.47281862,1399,night,36.42115127
8418,118,63.33467298,81.17445222,958,evening,37.91832859
8419,119,31.86047527,92.84591764,626,evening,25.11448343
8420,97,51.35938122,56.03762843,615,morning,2.20766596
8421,66,47.91710882,13.84242802,1195,night,58.21345045
8422,104,29.04594883,72.74727125,1267,afternoon,30.2134493
8423,64,49.46744233,79.63315721,695,afternoon,42.66698538
8424,37,22.11900678,19.62910113,1002,morning,14.64405898
8425,109,54.70486595,67.75049677,802,evening,8.366511378
8426,101,74.11919674,93.05147333,994,night,38.19908271
8427,91,69.97481575,71.88418846,629,night,50.70585094
8428,107,57.82700273,41.55680044,884,morning,50.22256169
8429,68,55.17029209,44.27629918,1073,afternoon,37.88795661
8430,61,47.70461284,7.95566402,669,evening,4.488041952
8431,49,93.20872404,52.61146195,1400,night,7.522748659
8432,89,45.72009902,80.26846068,601,evening,20.82070286
8433,31,23.66626378,97.84965971,756,morning,21.23869466
8434,52,65.25941068,39.93037744,535,evening,20.11436446
8435,29,59.22056697,43.53674813,1479,afternoon,52.467657
8436,56,27.91763184,5.476389373,1304,night,4.019013201
8437,88,42.06072191,77.51212061,1242,night,47.14467209
8438,107,53.38128504,71.66577493,805,afternoon,0.677583241
8439,115,38.70754961,40.29256446,927,afternoon,11.70579472
8440,37,68.35039613,70.92758082,1122,evening,6.563343178
8441,110,34.44013311,62.30254232,638,morning,22.43728883
8442,114,44.97223706,76.89929763,1007,night,22.26342035
8443,107,41.57559387,31.41426955,1340,afternoon,21.189656
8444,39,59.01160153,65.08187166,677,evening,10.22480383
8445,108,62.65332003,62.56213273,1361,night,22.1319335
8446,87,58.9811446,9.049031004,1402,morning,36.70267708
8447,107,13.0643469,28.09527774,554,evening,15.01493569
8448,84,53.26299377,86.02007375,1035,afternoon,79.2012381
8449,81,59.54550338,15.61321087,1216,night,2.127781314
8450,37,61.84455833,37.95638449,866,evening,130.5180689
8451,100,46.45052727,22.52357743,1038,afternoon,42.9873077
8452,92,50.47153498,14.01854189,887,afternoon,26.98141314
8453,39,38.62699864,13.64113446,494,afternoon,6.819970727
8454,88,75.55929998,34.79552733,645,night,29.61009417
8455,65,23.1704126,80.34734788,1255,afternoon,48.59724997
8456,73,59.03294824,96.63158904,1196,evening,8.776642845
8457,28,30.09708101,57.18364974,1079,night,1.2214031
8458,62,40.40859928,63.52242894,1411,evening,17.54240275
8459,95,49.21335444,77.87438468,1253,morning,10.89092345
8460,62,10.28329645,66.18011516,1331,morning,10.11240581
8461,115,22.13662369,84.83216715,746,morning,38.7084362
8462,109,17.9739364,88.40514507,559,morning,4.80620653
8463,67,58.52001074,62.77080395,708,afternoon,31.57469504
8464,44,70.47135465,53.30627225,1329,night,1.896826626
8465,102,18.08199856,39.10512618,596,afternoon,75.72978229
8466,80,46.44060695,46.15806619,1238,evening,26.46301806
8467,77,55.49060589,34.54579478,883,evening,80.20144211
8468,78,55.40661906,42.69663293,558,morning,60.72043722
8469,77,90.17218137,89.97098566,1327,evening,61.16808076
8470,89,53.07171649,97.2371892,1086,evening,3.826483623
8471,68,31.438669,36.15338576,711,night,35.7102701
8472,62,64.97524246,22.05900489,1154,evening,15.34449394
8473,41,81.82520275,7.819058019,1326,afternoon,18.43609691
8474,54,23.96579572,83.69309644,589,morning,9.817605392
8475,60,60.68278205,87.066601,1079,morning,4.519119778
8476,52,50.57040439,45.04721144,766,evening,10.97223188
8477,120,30.94221487,54.24178119,1463,evening,23.92365227
8478,102,37.22966113,73.98212459,698,afternoon,15.83054243
8479,109,81.83254786,37.58526358,892,afternoon,36.51087454
8480,79,65.45248042,20.1490146,915,evening,54.79627565
8481,41,58.50320181,11.46830051,1119,afternoon,7.098811619
8482,66,20.16204306,23.52412016,869,night,1.737967856
8483,119,63.48524023,64.53340267,748,afternoon,140.7938726
8484,64,72.32593257,34.76850309,1301,evening,64.276738
8485,71,22.68243687,86.77033337,1059,evening,9.241452621
8486,122,50.43499031,8.754446449,516,afternoon,5.324201275
8487,120,70.16289139,41.63699076,1068,night,90.50062266
8488,57,67.466154,25.69624297,897,night,7.936101776
8489,84,62.79941421,88.76968506,742,evening,7.526608603
8490,55,50.88789846,80.62136959,1129,morning,3.490626903
8491,40,71.71323971,98.43085161,1218,afternoon,10.18613917
8492,67,53.22521575,11.92728383,1385,afternoon,55.16685682
8493,80,61.05035429,78.22436184,799,afternoon,25.30716042
8494,118,56.86579444,12.58615881,1199,night,2.894827691
8495,117,28.73700918,15.50235749,1375,morning,102.716571
8496,65,31.56745635,3.919121496,1037,afternoon,23.2632138
8497,80,20.96001554,46.47078692,916,evening,16.17155173
8498,73,42.35261119,12.58817212,1195,night,46.00851605
8499,36,66.23694415,34.83504379,642,morning,24.65325827
8500,101,56.77941942,27.61993081,954,morning,67.83422587
8501,65,49.35022167,97.6354834,740,night,36.3552776
8502,102,77.17785294,65.82628728,809,morning,33.09973982
8503,53,43.9341932,41.04560809,1272,night,12.36319578
8504,106,61.17836295,87.84537324,825,morning,137.6030988
8505,34,43.18157654,6.384460986,1295,evening,31.65978999
8506,92,20.05193155,33.42577422,973,morning,17.4953962
8507,43,34.94905183,51.45927709,1032,afternoon,4.787754219
8508,37,34.41657022,5.387560089,565,morning,24.33357764
8509,114,21.56992327,14.58587816,1109,night,32.92086131
8510,71,46.95722867,89.50475458,560,night,13.93097451
8511,128,35.15822343,17.96259884,548,morning,2.003144842
8512,119,79.94998794,92.16569012,1474,morning,48.04555936
8513,118,45.31486726,9.607006168,1204,morning,31.83742705
8514,38,33.25872704,88.82149647,1449,afternoon,34.61402132
8515,106,28.24123958,45.37116271,803,afternoon,8.433047712
8516,49,27.56651523,57.32653949,1435,morning,4.202061546
8517,57,67.55269904,28.16223032,1417,morning,18.04869456
8518,66,69.3012214,27.33397071,1427,afternoon,8.284023088
8519,124,10.05938572,49.2133448,564,morning,45.55711741
8520,66,93.26044453,35.58073076,964,afternoon,22.7760421
8521,98,51.53922287,7.769633288,1382,evening,4.248231364
8522,55,70.44456089,35.36832379,1096,night,6.554247487
8523,84,33.95106654,25.47061877,989,evening,65.37184595
8524,81,30.31499672,84.96395016,1100,night,29.95899607
8525,71,45.03261738,83.85283727,1425,morning,15.3526043
8526,50,57.5038465,14.14794396,931,evening,38.27229762
8527,48,54.37909042,73.00691329,1118,night,49.64456766
8528,110,73.38818375,45.08388334,1491,evening,3.645439403
8529,36,14.63173052,86.85064451,1171,afternoon,55.35120282
8530,39,68.14158775,27.39890249,922,afternoon,87.86776277
8531,98,60.27810979,8.811669839,553,evening,2.829670527
8532,110,56.24265946,80.04969727,1472,morning,11.75016656
8533,62,23.0584752,86.83583115,1354,morning,5.515332633
8534,92,34.03059577,84.05111376,678,morning,16.86109267
8535,70,62.75770748,32.92996178,1506,evening,7.458420873
8536,50,0.877385398,3.0865294,492,evening,13.50102184
8537,83,12.06898775,13.961553,720,morning,8.310749634
8538,89,59.19041547,91.93688713,768,evening,0.108057622
8539,113,61.24649082,36.4069203,1346,night,0.577056552
8540,71,35.09715662,88.02083287,878,morning,21.70229362
8541,33,35.03988977,98.08131387,483,night,21.620559
8542,94,69.02792177,39.57137403,814,afternoon,1.10221496
8543,75,67.73682605,77.64460456,1274,afternoon,36.06565108
8544,113,43.20519331,16.91144574,1492,morning,0.817544556
8545,99,25.43545502,38.37487842,1227,evening,19.99922892
8546,31,79.50213737,70.51825045,1110,afternoon,15.0863444
8547,100,24.26073495,20.71103634,950,morning,64.36757223
8548,115,63.51922329,31.97959331,1312,morning,25.77356437
8549,123,74.00716335,56.38273731,1475,evening,51.8503083
8550,87,49.86532448,69.12116699,860,evening,191.9163939
8551,78,38.22601963,35.68788583,1335,afternoon,5.858656472
8552,112,17.7161371,37.68040422,1423,night,1.944160329
8553,71,51.24751632,10.98682131,759,morning,44.67988362
8554,99,20.74318168,98.40620662,1054,morning,29.95714171
8555,84,56.13551546,61.22361298,566,morning,30.1654468
8556,58,9.484786381,53.03275655,1134,afternoon,11.40521222
8557,70,16.46459647,21.13532785,1067,afternoon,3.242395605
8558,109,52.62989047,48.80303067,978,afternoon,38.31878825
8559,37,66.79331488,44.73111562,1321,morning,23.51414698
8560,125,44.31342885,25.85590255,907,evening,20.88447668
8561,118,71.01421572,44.62744858,1030,morning,39.95123587
8562,64,38.78036585,20.35302421,1199,evening,134.267066
8563,110,93.55384652,71.02251367,1017,night,40.43833765
8564,55,23.38399239,90.87851356,582,night,81.81232555
8565,54,35.74101399,0.258898049,844,afternoon,15.25154222
8566,90,77.02549076,55.62564241,1161,morning,68.50685844
8567,133,44.83358851,73.23193194,662,evening,38.98677031
8568,71,68.99266885,90.71957997,1036,morning,13.94101184
8569,28,23.55841393,35.84206846,648,morning,21.3348962
8570,95,30.94988244,90.71518237,835,morning,6.784308534
8571,111,61.95950257,82.55526239,1056,night,2.545134972
8572,100,21.2457174,52.52146329,617,morning,18.90143933
8573,90,25.73450728,25.69430293,573,afternoon,149.7912959
8574,111,47.77503602,65.28164311,1483,afternoon,61.31042107
8575,84,76.35550025,26.05584535,1046,night,0.502649634
8576,50,57.34377826,34.88465598,565,evening,105.0386351
8577,114,45.83472783,46.69891912,726,night,18.98631519
8578,125,53.29192152,49.79756871,674,afternoon,5.913875618
8579,121,15.20158478,18.91470655,972,afternoon,73.91176702
8580,61,38.40322934,69.38022718,920,afternoon,77.64997028
8581,109,58.81845841,99.19161583,796,afternoon,56.30375157
8582,129,54.74202066,24.38704278,1407,evening,29.12902725
8583,105,62.23348239,55.45398544,766,night,8.098671
8584,120,64.02977641,45.47155626,867,afternoon,8.271115033
8585,100,54.53000287,30.7778887,1096,night,101.0716672
8586,113,0,41.97802459,768,afternoon,9.80551082
8587,69,56.72924892,73.27224593,1303,evening,16.47100985
8588,43,40.26697821,41.47395581,763,afternoon,41.93006157
8589,78,42.26817517,50.67623908,532,evening,52.03244885
8590,66,42.55855347,47.72393676,883,afternoon,15.89968101
8591,62,55.83554335,55.52302358,874,afternoon,15.10706822
8592,94,20.60336622,29.11919793,1363,night,13.24773753
8593,44,15.68166554,50.97019025,868,morning,14.74905769
8594,48,25.23827584,13.48412532,1072,evening,42.60249364
8595,98,68.39076763,74.13842252,475,evening,1.91831541
8596,49,41.25653117,11.09244551,1493,morning,48.30694012
8597,131,60.10985969,78.49592233,916,evening,7.25536096
8598,58,59.59878067,82.55405756,1147,evening,5.283155821
8599,91,57.93538732,1.906237454,690,evening,3.861326139
8600,69,60.53387536,83.0839133,1204,morning,8.05878945
8601,100,39.55452004,64.8169075,493,evening,53.84933997
8602,62,63.37623894,9.690948553,1329,afternoon,23.16392103
8603,105,57.63677358,99.79203696,984,afternoon,9.398839786
8604,58,18.27646483,61.54668032,1146,evening,6.171861073
8605,112,51.1881946,40.08573871,999,morning,44.03003949
8606,48,47.01344129,88.52144443,1200,afternoon,21.12606367
8607,90,59.25767284,4.162311115,1463,afternoon,3.844556856
8608,109,50.51394242,71.73428665,1392,afternoon,14.10990018
8609,53,45.20679025,14.37260858,708,morning,17.6617641
8610,41,81.12682533,55.25003498,679,night,13.10641396
8611,69,62.1555334,9.594190658,1127,evening,9.244149366
8612,130,50.81284241,67.9145745,895,afternoon,11.97136865
8613,37,27.62899035,46.49284126,1486,afternoon,40.29335874
8614,130,52.4122913,0.670106385,1061,evening,91.75808742
8615,81,32.93498765,7.139811369,612,evening,0.785536411
8616,44,16.94183708,70.30390448,705,afternoon,29.57073321
8617,103,41.86767712,39.94578048,964,afternoon,2.267148002
8618,61,43.10506717,67.21528902,773,afternoon,6.775876168
8619,89,70.5943307,38.98436824,1218,morning,23.5843295
8620,115,69.47017997,36.16879833,1496,night,47.38563434
8621,46,63.38392309,85.49140224,618,night,17.15858334
8622,123,48.24331693,85.48076452,1463,evening,63.47576993
8623,70,48.51780273,91.97828283,1358,morning,37.73858046
8624,119,61.10661723,82.30212207,1444,night,6.460575979
8625,44,62.86524358,12.74322037,580,morning,34.77102274
8626,57,57.12905198,6.649278694,643,night,11.49887562
8627,65,60.17122722,5.841789642,1422,morning,43.66410901
8628,119,48.64272081,98.0206265,633,evening,7.864457578
8629,72,44.35654255,50.11517325,1319,evening,4.682017632
8630,46,5.592778772,11.51698943,1111,night,30.46239772
8631,107,43.19867925,54.42952749,1240,afternoon,28.76194527
8632,80,35.54775109,71.02965248,1372,night,25.5650539
8633,114,51.94956241,9.449030697,1003,night,8.359407977
8634,68,36.47279553,34.64039827,724,night,6.919444474
8635,77,52.74588556,18.78240782,744,morning,73.06326852
8636,92,12.70792807,97.54309691,660,evening,22.82092973
8637,26,30.72386613,31.82285233,1308,morning,15.65339397
8638,56,35.6970255,69.05050925,769,morning,51.35425053
8639,61,29.00126481,91.8433823,1283,evening,1.563498638
8640,126,112.3582581,86.3188033,1380,night,33.8099154
8641,46,9.414520013,39.39740641,841,morning,4.784627602
8642,62,63.50803387,31.09120206,980,afternoon,7.690655218
8643,50,69.92024753,80.92480507,520,afternoon,30.60490654
8644,101,41.17030205,20.5158108,668,night,9.842212846
8645,46,56.64030951,71.73211552,603,morning,45.15653394
8646,115,62.20913382,83.52865015,1139,afternoon,21.93040974
8647,106,52.71332323,84.92203619,1489,night,11.70164815
8648,83,14.68874297,0.891743107,518,morning,59.99282437
8649,103,58.14222969,49.98707268,780,afternoon,29.73329781
8650,30,69.42278538,35.75908472,1212,morning,16.40718426
8651,33,91.27238766,97.88599153,704,afternoon,18.12212822
8652,50,22.42887721,54.40759928,1450,night,9.382708217
8653,76,46.55401362,42.74433254,993,night,3.444666277
8654,133,49.43262874,24.43635676,1352,afternoon,10.81113149
8655,81,48.00748166,84.56301828,1395,evening,9.20845863
8656,63,16.53050086,31.9370982,1488,night,12.27061848
8657,55,72.03936769,82.67538703,1298,morning,18.99924969
8658,130,69.93563121,89.16079768,986,night,1.95325137
8659,127,57.53216553,5.817451416,1375,afternoon,3.361458248
8660,127,41.49042895,50.99865684,738,evening,39.21710741
8661,92,45.68933265,42.03738858,524,evening,6.078121651
8662,59,44.27257098,39.31078872,1379,morning,12.41874971
8663,122,22.18363793,37.14675916,1114,afternoon,30.39618976
8664,74,64.01780406,53.19861574,1057,night,113.0955649
8665,100,50.47785591,13.02012651,1220,night,4.281180815
8666,77,63.73411563,87.12879941,871,afternoon,42.48637537
8667,71,55.17657663,55.79829194,1025,afternoon,20.27571727
8668,109,29.89143586,34.71106282,1143,afternoon,2.953690692
8669,56,31.49442468,24.30281642,1158,evening,5.553174829
8670,102,76.2743925,61.65636351,1374,evening,35.54956319
8671,34,61.19443086,78.67316184,766,evening,63.47329434
8672,26,42.39695226,44.08595712,1425,morning,0.365929573
8673,84,61.20768163,98.45243273,1278,morning,7.563089171
8674,124,32.57209605,53.55681411,944,evening,13.29334511
8675,43,71.71385246,97.89114559,1355,afternoon,134.7513628
8676,73,22.8496805,96.26005814,587,afternoon,31.6835759
8677,52,53.93552541,59.97445827,680,night,13.42711891
8678,82,47.26908896,58.13362663,1166,evening,6.757549784
8679,109,50.26018214,10.56730838,1246,afternoon,7.715544404
8680,67,63.02300467,92.92794098,906,afternoon,1.522467909
8681,112,70.02107634,80.32096643,684,night,156.9837178
8682,101,41.75700319,50.04635813,813,night,120.918001
8683,126,10.17153022,30.64079701,938,morning,0.337514386
8684,114,15.66446039,83.85461314,978,evening,9.474196205
8685,105,42.35931192,29.1517593,1089,morning,0.619737778
8686,45,50.6854912,54.18576335,712,morning,10.77487636
8687,87,57.50636893,19.88266056,1357,night,69.4565767
8688,66,53.82652997,80.45137028,1240,afternoon,62.32908429
8689,125,67.8102609,75.28087914,1417,evening,34.65023043
8690,33,86.03231014,29.17744731,859,night,130.6139825
8691,99,51.92451116,11.73560409,1369,evening,41.11395406
8692,36,57.2173439,17.70698858,1347,night,8.289146316
8693,43,34.69566765,61.63546149,1186,afternoon,54.04385286
8694,36,51.09748897,15.00399286,1450,evening,21.27413232
8695,57,54.13748488,32.01254921,677,afternoon,21.03326656
8696,116,53.07975919,83.91987154,871,morning,53.67972035
8697,68,34.98620802,8.177314831,1074,evening,22.92902996
8698,38,53.29872322,58.11810537,889,night,11.89237324
8699,40,51.8345601,39.98263789,1189,morning,79.24485524
8700,70,56.33577971,12.03157043,1491,morning,2.292510269
8701,92,41.98902099,50.94348894,1471,night,32.16881047
8702,92,50.21807123,51.66452605,599,evening,46.17412918
8703,101,93.54229749,37.80863049,1398,afternoon,1.578021291
8704,81,51.09052732,5.532219842,1140,morning,8.011677836
8705,93,71.41950959,20.68671754,931,evening,7.578736802
8706,113,78.50942676,40.47194765,803,evening,66.02024064
8707,89,20.94942594,27.72237984,1110,afternoon,31.52121397
8708,57,46.01300098,16.0530327,687,morning,7.336660869
8709,82,46.92008358,48.69660116,1116,afternoon,72.16582632
8710,70,90.28368198,39.76004577,867,evening,8.379377804
8711,55,87.65974266,66.49401921,892,evening,32.54299264
8712,102,20.92670779,56.04313104,666,night,18.06767278
8713,96,29.88425842,16.97457669,1063,night,3.08131691
8714,94,74.50831893,68.76611541,1254,afternoon,41.98118266
8715,48,39.55161012,46.53806253,1138,morning,11.91115242
8716,64,62.96966312,11.34566003,898,afternoon,13.38915224
8717,35,45.62114029,1.845210296,587,morning,7.24571597
8718,125,28.57642508,62.64232683,587,night,48.93027932
8719,48,76.08943169,61.86460046,1410,morning,5.231459873
8720,39,35.45959063,82.04703058,720,evening,7.385501089
8721,106,47.4069127,76.24334565,892,evening,15.66077128
8722,127,27.30859047,87.75036511,1415,night,4.834083385
8723,62,27.78726884,29.24184554,586,night,3.590658643
8724,44,51.18286526,41.31731421,1162,night,22.12495247
8725,111,30.97110999,6.192460477,1194,afternoon,92.08791725
8726,125,80.15034652,41.1347923,666,morning,48.55103712
8727,103,63.77978352,21.97657701,921,afternoon,5.847958842
8728,62,65.86967379,80.53171443,1385,morning,26.57266493
8729,104,44.14168565,65.62666871,649,night,47.3326177
8730,103,44.69358428,78.16905047,1423,afternoon,4.697423462
8731,71,58.87376337,59.24833258,1395,night,2.563960532
8732,69,0,59.79370991,1419,afternoon,66.52110536
8733,33,40.89400166,23.52249303,781,afternoon,8.43286822
8734,83,13.59089571,66.98215976,531,evening,20.66736132
8735,65,54.54635895,14.39700767,1436,afternoon,7.024066695
8736,50,26.86761636,27.58421379,1148,night,1.464885703
8737,55,47.58138999,17.99475812,638,afternoon,21.59769995
8738,110,32.25293548,94.95163652,577,night,17.13216126
8739,58,78.54996757,89.80872283,861,night,38.89185607
8740,49,95.22224795,87.4836076,711,morning,58.4345922
8741,49,68.33801031,96.01733334,1124,evening,4.581426994
8742,62,69.45916836,61.25941747,523,morning,5.649512538
8743,53,49.14771344,89.46978554,816,afternoon,90.02427089
8744,88,37.43754308,29.18583325,821,afternoon,16.23590795
8745,55,11.45639238,38.47579447,1119,afternoon,91.54096242
8746,30,53.63807883,46.69660014,525,evening,12.39407794
8747,45,43.97809104,8.94049659,669,morning,12.81747975
8748,85,54.48705851,82.46932688,1378,night,36.82575574
8749,85,35.78363026,11.91757611,906,evening,3.059839735
8750,34,20.17187173,79.96532749,1541,afternoon,15.98026194
8751,49,26.82265251,92.22567484,710,morning,14.36439012
8752,86,80.63326119,56.7830866,1029,afternoon,1.079389872
8753,78,88.70676166,16.59015354,989,afternoon,11.24594379
8754,40,18.56639549,43.67061158,1265,night,15.25031737
8755,89,36.59201059,13.8853471,530,evening,1.792286752
8756,95,15.07247825,11.90379311,1198,afternoon,0.610395342
8757,96,51.22506538,75.607845,512,afternoon,27.47856159
8758,74,51.74407238,39.30367571,979,afternoon,6.914073294
8759,92,47.68338086,0.012895199,1307,afternoon,13.50940021
8760,26,39.9257362,4.846444885,1329,morning,2.503384135
8761,95,54.903472,81.77535876,986,afternoon,3.190737628
8762,90,63.02469215,61.96982373,1530,evening,5.032658661
8763,125,63.8762019,84.45142018,701,night,0.907920569
8764,30,74.40015524,27.36714736,1342,evening,43.11294431
8765,29,43.01815793,31.43212297,615,morning,70.98362177
8766,99,38.2937003,61.6871702,1307,afternoon,22.15329494
8767,52,69.05596641,66.51534937,994,night,50.8548575
8768,86,38.75846106,2.651679186,631,night,4.369965527
8769,99,45.72862168,90.72149398,1240,night,17.89561585
8770,50,39.04764545,79.91630886,1205,evening,4.629300288
8771,93,83.96167137,13.18631736,919,evening,160.7253393
8772,102,61.69762742,1.032260691,579,evening,1.796713272
8773,71,27.30965449,76.91647637,692,afternoon,17.60930375
8774,58,49.97298185,90.2879078,733,night,3.571941716
8775,92,58.10506498,32.21051458,1467,morning,2.13401228
8776,100,27.54039067,32.08022341,1386,morning,39.83853654
8777,106,57.08611952,51.46186223,865,night,2.505610388
8778,79,46.98200712,67.45563591,1370,morning,0.727382689
8779,106,25.49656918,64.76695097,1451,evening,89.66091009
8780,108,23.06188656,75.26323617,958,morning,6.128384139
8781,100,77.37679419,11.39842086,1397,night,55.82129922
8782,100,33.22436291,51.98151481,1329,evening,91.71591623
8783,121,70.16041793,50.63293579,591,morning,41.82644559
8784,64,63.13346138,94.98537071,640,night,3.28809963
8785,68,37.53251425,91.82516987,1120,evening,5.607028535
8786,29,59.97937047,75.03221793,1316,afternoon,5.921831271
8787,53,56.56362253,87.69147224,1073,evening,31.83442392
8788,102,68.13306277,74.56216331,1373,morning,5.93762288
8789,110,53.49593289,72.0482218,721,evening,0.913069195
8790,50,43.36158918,21.57092814,692,afternoon,18.40563685
8791,126,76.47427865,61.72525748,647,morning,26.68047495
8792,65,64.61950873,91.6062202,1337,afternoon,18.50820935
8793,75,37.13440977,75.01439568,603,morning,20.15017002
8794,105,46.47162447,60.4722764,1156,night,18.30968251
8795,110,75.99434508,25.81755623,562,afternoon,9.254337674
8796,118,79.97385914,67.86409597,1281,morning,93.63568471
8797,89,46.43577341,34.70596347,782,night,54.62065686
8798,76,59.7510344,6.52338612,1093,night,11.69598134
8799,49,57.21772469,23.93514655,1254,afternoon,1.21443435
8800,48,27.99403681,38.9233075,1056,night,58.55731544
8801,99,60.19579162,99.6667434,897,night,40.67042279
8802,117,6.953889836,76.01168033,1302,morning,2.5422053
8803,36,68.19441975,27.95658542,1342,evening,35.92130579
8804,70,60.41661552,76.23898323,1144,night,18.07805067
8805,51,0,35.76411867,1243,afternoon,4.189979097
8806,36,30.70311583,60.79131255,564,morning,38.69832388
8807,70,14.77354913,76.46807282,666,morning,13.18779655
8808,109,29.49404541,74.08349439,768,night,72.3849867
8809,60,52.67415148,14.00331765,1431,night,1.315015125
8810,91,84.84548768,82.55384376,1465,evening,83.0945229
8811,74,60.33808568,92.29378816,809,afternoon,2.762752903
8812,47,42.4027198,23.34206352,751,morning,1.104623437
8813,71,64.34876322,32.94161247,792,morning,26.15360253
8814,106,62.39841709,93.81974544,1262,evening,28.29109598
8815,110,78.93285506,98.36760742,1328,evening,6.606270723
8816,61,66.75145902,45.34998621,850,afternoon,62.62127238
8817,70,50.11175604,3.453749715,820,afternoon,48.58863116
8818,30,19.87494785,93.28911643,521,night,9.962752579
8819,58,76.99315579,2.539273444,648,night,17.5597529
8820,103,47.51763424,33.02094293,1379,evening,45.87930793
8821,119,32.22742628,8.968989616,537,afternoon,53.7579201
8822,128,10.31446052,51.17444169,816,night,47.7287558
8823,42,27.00922762,3.757284396,785,evening,9.356049427
8824,32,58.04736337,22.54091771,612,evening,43.48572185
8825,69,42.211595,45.88438586,1139,morning,30.03940366
8826,60,69.83552772,7.416992138,755,night,22.41135718
8827,112,82.39073893,48.04233547,615,afternoon,99.38223302
8828,76,7.30285671,26.51140134,1156,morning,27.34150585
8829,71,29.64422775,26.69135617,1172,evening,60.91676554
8830,121,52.77342705,93.70346071,1131,night,41.87072786
8831,38,79.6060888,69.02292378,719,night,1.38396323
8832,131,33.24401317,92.94800924,911,evening,9.315507495
8833,76,54.50957253,57.5689865,938,afternoon,28.18386617
8834,86,28.19276912,90.7172314,1203,afternoon,17.30339131
8835,84,48.31785061,83.74281209,1465,evening,93.3638389
8836,86,52.75764273,99.78431279,542,night,26.28456837
8837,32,43.50026605,50.31035029,881,night,79.38793751
8838,87,82.75466797,69.61261239,945,evening,6.915976012
8839,123,73.80498084,16.06691488,519,afternoon,68.41340694
8840,37,43.6165221,93.94920569,973,evening,23.1100261
8841,90,44.78513849,39.87475433,789,afternoon,7.226845216
8842,50,65.94259974,91.66334224,514,morning,14.84012641
8843,113,50.95186688,10.07126222,691,morning,104.047734
8844,90,50.25274519,51.52544884,1060,night,96.17824844
8845,78,36.2595159,0.140046456,1010,night,0.666730462
8846,113,61.9761074,41.60183284,809,evening,11.01948719
8847,95,37.20398349,8.318385376,1304,night,68.87872635
8848,92,37.19767806,44.9179653,1442,evening,0.991799446
8849,90,55.78302899,55.57948061,941,afternoon,94.3517444
8850,93,52.80989367,85.22715686,708,night,14.72977763
8851,47,50.67596171,29.54324694,1158,afternoon,3.658585208
8852,36,13.70411369,56.68085016,767,night,10.7492852
8853,97,54.76033177,6.645681588,1482,morning,49.53322262
8854,104,9.854344076,91.35049557,1521,evening,193.8918653
8855,86,70.44610064,45.17307579,1084,night,4.309519141
8856,67,38.92901403,25.25900291,1121,night,30.44715304
8857,72,53.17935477,46.32308498,917,morning,77.83197663
8858,55,38.38069183,48.15059934,611,afternoon,68.99119838
8859,32,56.15574207,74.32963856,972,evening,14.50401275
8860,129,25.89919385,97.45740523,506,afternoon,60.246919
8861,96,87.02048452,18.61431726,1141,morning,6.380490237
8862,132,36.26683426,5.449344898,1218,night,30.00012874
8863,113,67.52110762,65.57072474,720,night,27.33908246
8864,128,27.70634947,88.45784237,1306,evening,45.81977473
8865,75,42.14761489,56.50416553,1425,night,7.80185569
8866,89,34.99971514,7.986997485,1345,night,29.73458635
8867,95,38.05612769,42.17748955,1457,afternoon,28.28096096
8868,91,58.46190849,65.4732766,1015,afternoon,2.639495324
8869,96,59.34820637,32.80476767,1052,morning,12.0408449
8870,126,58.15243191,84.4906962,1468,morning,6.974538069
8871,100,32.55467954,22.46935881,1122,evening,234.1256902
8872,77,52.59273868,36.44946924,1122,morning,140.010471
8873,99,33.07143487,91.64325339,1038,afternoon,8.7279126
8874,63,79.32689147,57.35497905,1457,night,49.58927568
8875,79,31.489784,0.623503506,1473,evening,50.86012527
8876,110,40.55968428,24.40213324,571,afternoon,82.42094022
8877,89,51.16123913,75.33161939,1342,evening,4.149300918
8878,80,29.57239479,5.204820482,1454,afternoon,33.04212891
8879,53,62.67254596,99.30561094,822,morning,6.915839294
8880,69,72.28169024,89.79059704,1452,morning,32.15847471
8881,93,32.3359529,22.38268161,1357,evening,61.71340583
8882,93,36.42614678,89.55048339,894,afternoon,2.542050449
8883,61,73.88004053,69.94735418,1287,morning,30.40008817
8884,67,52.89428839,42.53508054,1026,morning,23.14010454
8885,79,45.59134329,19.61174884,995,morning,5.792864507
8886,63,34.75748294,20.0211428,1301,evening,8.13680495
8887,103,42.61786041,59.40743773,753,morning,22.05040813
8888,64,47.07079035,41.60612932,1538,afternoon,59.08902089
8889,122,62.79002928,59.52058426,930,night,33.73467599
8890,110,49.94540585,33.02555573,840,evening,0.834982877
8891,95,31.79664372,23.00745165,525,night,4.046950784
8892,52,39.54329416,83.65556258,1424,night,64.28081866
8893,94,27.63913395,92.00435489,568,evening,31.7210948
8894,66,47.35103427,70.52572062,1059,evening,0.546839079
8895,45,95.08373896,16.15888837,672,evening,27.20104643
8896,114,99.54085656,9.231042021,994,evening,5.538489476
8897,85,56.5454352,53.90836985,1001,evening,75.74449524
8898,91,16.94419825,55.03521967,723,morning,3.917603363
8899,43,68.52156049,63.92416296,1058,evening,2.40296462
8900,38,63.34519666,90.6175421,578,morning,31.05280536
8901,64,103.7408752,64.6793846,675,afternoon,47.2142132
8902,67,51.49170465,91.61464494,812,morning,9.59834411
8903,38,41.49696789,11.76974743,511,night,10.75777541
8904,35,30.0303045,70.92475284,1172,evening,13.23850347
8905,90,66.44854995,92.7441291,596,night,43.54846843
8906,82,46.24271901,46.28057784,641,afternoon,9.1139583
8907,48,44.87748738,96.75203201,892,evening,2.768444428
8908,70,39.93374784,55.25132514,1255,evening,11.09591499
8909,92,94.00154517,94.29741548,664,night,101.4711222
8910,117,41.75458694,74.85182141,566,evening,17.10333765
8911,63,64.00895877,45.77609657,775,morning,24.62794833
8912,48,59.24472517,3.429140198,1163,afternoon,43.10268872
8913,120,5.539136385,65.73917431,1316,night,24.52923928
8914,107,94.26491715,25.42786105,1175,afternoon,32.08742797
8915,70,12.94382155,28.86552331,1171,night,63.69524942
8916,60,31.97846941,1.978397281,966,afternoon,14.00242724
8917,97,39.84049845,55.76524508,815,morning,3.545918586
8918,95,35.49528531,28.92943612,992,morning,2.976786222
8919,84,45.41954692,98.23884301,828,morning,45.7869503
8920,81,34.5596478,74.90076768,806,morning,31.91951514
8921,104,77.1327196,35.74872795,1261,night,25.07424112
8922,127,61.81782792,29.44486002,579,afternoon,79.77682136
8923,45,37.58551108,71.49732676,1345,night,29.57275773
8924,82,33.26693312,25.42078075,1205,night,1.465674009
8925,64,38.70139381,44.80058577,538,night,18.9701718
8926,111,31.89579187,16.03853337,731,night,7.257952981
8927,72,26.02103007,25.41083245,740,night,29.13037596
8928,61,68.70832941,9.838530962,1366,night,6.236299845
8929,119,42.19683884,42.7147845,542,night,31.06804131
8930,123,57.90200657,92.67828682,643,morning,64.45203882
8931,98,51.30070906,10.08602526,817,evening,2.409206245
8932,62,78.99162663,43.73306543,515,night,8.991622905
8933,115,67.90654177,29.83225261,1343,afternoon,33.57926595
8934,47,57.23457179,36.29639475,1391,morning,37.2621721
8935,83,95.90701556,77.14858236,989,morning,26.5144591
8936,38,35.89706082,43.50431521,1240,evening,4.49315111
8937,100,46.24556654,65.03932919,1082,evening,8.337268862
8938,81,63.06244732,97.21974489,1420,evening,71.36781656
8939,34,66.8866371,61.64607725,535,night,51.31608665
8940,80,32.42585254,33.7388766,1066,evening,89.88562678
8941,104,49.32170749,39.76557001,589,afternoon,15.78198408
8942,83,50.44420589,69.59091038,1219,evening,17.37102446
8943,106,96.61159359,69.43340905,545,evening,8.987176201
8944,132,63.24674097,36.81028538,681,morning,22.30361205
8945,96,71.6148089,72.44675184,1039,night,53.13240101
8946,43,42.22994564,55.05758534,1180,evening,8.537840456
8947,84,34.99080365,98.04203788,948,morning,4.546927111
8948,66,41.524913,90.80910782,1093,night,41.65258218
8949,71,60.95698046,82.38530884,1428,evening,35.46623514
8950,81,79.50414089,3.433444472,1040,night,53.02147357
8951,43,21.55068042,38.04345875,561,afternoon,41.77397509
8952,36,89.61801496,57.32911736,1304,morning,16.30546347
8953,82,67.72694628,52.16162077,1436,night,5.116362188
8954,121,70.02085012,76.35656874,818,morning,37.60764706
8955,79,68.68345815,90.90838368,838,night,63.21113149
8956,124,41.87651115,78.71429522,505,morning,4.974799301
8957,131,47.44410522,22.02010979,1453,morning,21.93574064
8958,45,63.60913534,48.56121788,1043,morning,11.96326871
8959,62,45.00248397,39.36116098,1370,evening,21.98547231
8960,91,54.68193467,76.62006328,1278,night,0.95485187
8961,81,36.72576161,89.51240226,1400,evening,13.08654085
8962,106,65.45649775,28.68277585,613,afternoon,19.86265233
8963,86,47.18279963,48.89098456,1485,evening,4.906283409
8964,42,41.90434095,73.1918419,1313,afternoon,15.70155411
8965,40,33.48799537,4.995297126,647,night,5.808408129
8966,86,36.69895533,96.30718703,778,afternoon,7.28727553
8967,48,23.5933317,79.99639526,1360,morning,114.0466484
8968,31,58.46268071,54.2766444,1350,afternoon,27.62477425
8969,42,38.03767329,77.86504917,831,afternoon,14.8001916
8970,97,49.1520653,83.635798,502,afternoon,22.09896442
8971,122,74.30298405,49.38353159,774,afternoon,14.48978959
8972,50,47.60280914,44.00716814,1378,afternoon,27.62683063
8973,116,46.84600583,83.7703471,782,morning,0.014389093
8974,37,48.98581671,85.96719948,504,afternoon,8.080383511
8975,88,55.853112,12.36275256,930,morning,135.0757873
8976,32,40.64588193,90.78420872,516,evening,3.57513202
8977,84,67.04106671,27.67939703,1341,night,2.466584346
8978,116,52.60145012,66.71673964,805,afternoon,20.38705408
8979,93,39.14245497,70.93104488,1369,evening,10.30983265
8980,110,43.13944508,27.97236292,784,evening,22.89346642
8981,79,72.8596679,30.4176077,1300,afternoon,97.11577312
8982,70,36.85149521,70.63006695,1073,evening,4.045990555
8983,64,58.39979705,17.50759821,715,night,17.39321052
8984,64,59.55923067,85.84133356,1116,night,42.66532526
8985,129,28.49914604,22.28954151,1380,morning,5.257071289
8986,50,21.06658504,35.11724587,1122,morning,37.35467722
8987,33,43.54178862,26.66584376,1006,evening,15.33480236
8988,95,66.11005159,24.52978889,1096,afternoon,29.09122207
8989,97,20.58567803,97.88662368,1196,evening,22.37196725
8990,49,32.55047062,25.33244719,1184,afternoon,17.96544273
8991,121,63.45008441,57.83290338,1055,evening,19.56214755
8992,117,28.62766869,74.53813911,688,afternoon,4.778506803
8993,112,70.45842306,4.197448313,1196,evening,17.08454892
8994,71,103.0186186,88.15719859,927,afternoon,41.95988534
8995,40,33.69112468,15.28891372,686,night,68.08950621
8996,89,79.45155151,58.80657671,848,evening,29.56007501
8997,134,56.55830543,64.11281203,1479,afternoon,52.68694737
8998,120,34.16191848,62.95658396,1147,morning,21.2514608
8999,56,81.8525055,73.34461201,622,morning,7.306655465
9000,24,58.13541209,93.12375579,1170,afternoon,38.6151534
9001,74,73.80242607,92.6888034,827,afternoon,36.30467059
9002,126,96.91352578,57.80779936,1265,morning,0.218904233
9003,109,47.84942886,36.99187481,843,afternoon,19.58846757
9004,87,61.05274371,32.15046261,801,morning,82.81606775
9005,31,27.69256356,88.66872272,800,night,124.7340527
9006,95,40.696533,85.31286754,1162,morning,18.31501815
9007,71,48.37070989,29.58219165,1102,evening,38.381177
9008,133,54.23208552,15.23497911,1117,night,0.534041579
9009,39,7.42378988,86.11421191,1055,evening,9.362724468
9010,123,80.97328719,60.83491673,885,afternoon,38.37872306
9011,29,62.68197631,31.31388851,874,afternoon,31.75260854
9012,85,60.33374241,61.06488491,544,morning,32.4143788
9013,127,90.97346868,6.61968223,700,morning,35.77073752
9014,60,82.42182864,19.0136756,601,morning,16.82904408
9015,125,46.97282617,54.57881024,1250,night,83.36716288
9016,84,38.60670845,53.91683268,1515,night,13.67811468
9017,46,62.45923943,24.66684391,917,evening,69.7103205
9018,102,81.03123272,98.20885702,649,morning,1.865714381
9019,123,47.02738423,41.24366013,1166,evening,56.75197705
9020,50,67.78661388,70.85381074,1207,afternoon,10.8413312
9021,110,84.12699197,25.8456833,1258,evening,32.34321555
9022,34,69.7645917,42.44773749,1368,afternoon,1.696458209
9023,134,18.10094286,83.12225817,504,afternoon,2.502973697
9024,101,26.1045387,84.85974159,904,afternoon,1.760370315
9025,29,89.66063883,13.52594241,641,evening,19.90180773
9026,82,52.1960863,35.46699691,1320,afternoon,16.14544615
9027,108,56.60167698,20.3150438,1471,evening,11.53260568
9028,81,61.36171337,89.02684383,1461,evening,17.71537078
9029,109,78.63921098,75.38613635,1195,afternoon,11.2879626
9030,76,34.34271294,56.33110602,587,night,61.55113356
9031,60,41.74493216,65.00840606,635,night,24.82116909
9032,87,29.89269605,91.41547887,885,afternoon,11.14155097
9033,40,8.719654544,30.32754769,1345,evening,18.19182689
9034,61,58.20079089,1.367500664,1032,afternoon,60.55681848
9035,110,32.6833344,2.635533764,1310,morning,15.78435288
9036,100,69.25102822,4.668730479,1157,night,16.71514323
9037,80,37.86647431,12.84809116,1487,afternoon,12.36095562
9038,120,23.06679222,57.08742554,508,night,9.052046653
9039,79,71.08474605,98.1086495,1164,afternoon,19.14578473
9040,104,60.45779843,41.99173458,898,morning,40.02107886
9041,60,46.68914456,71.24165031,1015,night,13.76482968
9042,99,47.8112682,79.21771306,1176,evening,7.715981058
9043,130,62.01547857,80.13970295,1239,afternoon,32.36438932
9044,74,84.03256018,44.32962464,912,morning,49.595396
9045,99,58.03430755,54.99459921,1156,morning,0.661446164
9046,93,59.39643696,32.87539276,1448,night,30.02415976
9047,105,40.8595933,68.7861013,591,evening,69.35685639
9048,100,45.27501504,38.28674653,599,evening,2.776910708
9049,106,0,31.10635792,995,evening,68.8558393
9050,46,31.13590741,62.73031536,562,morning,3.758691546
9051,80,28.69832238,34.12554365,905,evening,172.6461481
9052,30,28.1612569,40.79994067,1308,afternoon,21.50799995
9053,76,42.36201793,71.08736606,1363,afternoon,39.27767948
9054,76,44.48486593,85.33345073,1132,afternoon,1.945118985
9055,65,28.6977145,43.48016212,1291,night,3.243472393
9056,77,75.17086304,52.22000089,558,night,99.15056309
9057,89,61.97984558,74.63825061,750,morning,134.0592754
9058,52,54.12623561,22.49483609,1294,evening,9.736086996
9059,53,62.91078465,41.50057391,911,morning,12.5528652
9060,45,15.61529353,81.14570157,562,morning,0.300793204
9061,68,15.04934413,89.44830721,884,evening,93.71748786
9062,96,74.36415291,64.49045584,539,afternoon,74.901376
9063,72,97.63640875,39.33953801,1184,morning,3.697390875
9064,98,51.09008435,60.59227359,604,evening,13.62678017
9065,95,95.00894199,17.88419899,1096,afternoon,102.0249746
9066,117,50.02340701,2.929581306,1146,evening,4.032994789
9067,73,35.82730668,7.461524306,1418,evening,62.08053358
9068,92,69.6052294,10.81724183,971,afternoon,6.757979504
9069,42,6.985394011,22.56594967,518,afternoon,2.12325293
9070,65,38.25239812,46.17257096,999,night,4.600774432
9071,31,33.44818304,23.23084069,1160,morning,37.12261882
9072,107,26.00439531,58.50318121,1008,night,4.430724348
9073,77,40.03125887,99.82998285,603,morning,0.112406439
9074,124,55.80906826,49.81810945,548,afternoon,44.8422522
9075,52,76.22931859,75.68553546,1089,evening,31.96992883
9076,36,70.83071941,29.24015574,863,afternoon,63.14975549
9077,71,18.12606357,96.28797365,713,afternoon,25.85998715
9078,96,95.79769927,24.91054756,538,afternoon,1.399309875
9079,127,74.92702603,59.66310034,831,morning,0.654633936
9080,73,50.80981186,98.33306994,1159,evening,46.15629809
9081,47,76.9088564,80.82456077,1420,night,66.19776843
9082,83,31.57398672,99.20333064,838,morning,48.32649272
9083,83,66.89205511,37.97379857,1376,morning,14.05391451
9084,60,11.30819337,7.763149721,983,afternoon,32.54747485
9085,27,43.85559105,24.34906561,1355,afternoon,2.429680573
9086,80,77.28427408,95.76135041,1455,morning,38.00062974
9087,95,40.83597285,37.0578022,579,night,8.614075659
9088,93,41.71339603,12.47736343,520,afternoon,81.68291863
9089,86,37.91873552,59.31048026,1165,evening,12.36147682
9090,89,46.05555302,50.04236177,544,morning,12.43325545
9091,93,29.76443249,6.246906543,1421,afternoon,10.11985047
9092,113,81.63932951,45.29456469,1140,morning,30.11363901
9093,128,26.01773767,63.28686921,1107,evening,3.056783265
9094,76,56.4782314,23.26879633,715,morning,1.649508783
9095,83,66.91171204,12.44407315,1183,morning,35.73418122
9096,38,35.28350971,86.47967508,679,morning,87.34741249
9097,58,20.87641812,62.54480974,1043,afternoon,40.84524902
9098,89,38.43977376,15.52568451,748,morning,8.624848559
9099,55,42.08408295,62.91080996,673,night,13.48983546
9100,58,68.37727806,73.52558989,1291,night,6.821227129
9101,30,47.04284796,59.75280277,803,afternoon,34.56927962
9102,120,50.05010397,11.61568116,1487,afternoon,8.128554078
9103,51,21.89466093,12.47447413,1403,morning,25.40995589
9104,125,46.12370904,4.514487286,1436,morning,54.87787537
9105,68,78.72954804,23.40040154,1244,night,21.79554002
9106,125,71.92471794,5.964908407,666,morning,27.00404367
9107,65,39.93977681,80.53034877,950,night,103.3860982
9108,88,66.60322101,1.540552792,987,morning,11.53474127
9109,100,47.19805739,58.10169597,1440,morning,47.89871512
9110,59,60.0840292,80.98334081,1404,night,34.82833689
9111,106,44.10915644,89.48629911,522,morning,3.602916805
9112,104,30.6674739,40.94550549,1113,night,137.4239536
9113,74,29.64740849,62.09242971,1339,morning,35.09476525
9114,90,60.53869039,95.11671602,756,afternoon,0.421138444
9115,120,0,67.16104513,1066,evening,38.44181033
9116,101,71.2883038,90.10923678,1192,evening,4.312375664
9117,80,45.19300426,68.42920093,1112,evening,10.41490278
9118,51,37.15056329,6.799726895,607,evening,12.84851545
9119,70,69.97457613,19.6883,630,afternoon,11.12174142
9120,35,0,94.04510373,1168,night,40.93001869
9121,95,59.24259221,84.42689254,1137,evening,41.98322358
9122,109,82.81382923,42.27217857,1254,morning,22.55312963
9123,54,22.56390258,16.11256609,693,afternoon,25.11183641
9124,92,40.90980827,15.71704141,739,evening,11.28922966
9125,42,59.05027358,90.48620125,1355,evening,0.70430935
9126,122,18.58560056,16.62078809,993,evening,13.00293191
9127,28,54.92144403,38.62799689,923,evening,0.283994214
9128,109,103.748147,90.08043008,697,evening,60.02762274
9129,65,56.54344266,3.343287023,1329,evening,30.71404981
9130,102,55.88131542,63.07411404,1013,afternoon,116.2874871
9131,113,25.92279391,35.05955884,1476,morning,6.060507193
9132,104,76.59460025,10.7783312,1270,evening,32.1730945
9133,26,0,56.75239096,1043,night,6.244822022
9134,41,49.26744973,48.49011866,1340,evening,30.56467659
9135,94,68.31580275,9.920153819,1031,evening,20.30530487
9136,79,0.003001108,26.72112672,1180,afternoon,32.78018611
9137,41,9.714681892,74.03561857,1100,evening,38.76448625
9138,47,20.4505246,75.58502375,733,afternoon,22.19650338
9139,45,77.4579021,59.8682732,1219,afternoon,20.42190064
9140,80,37.27003619,11.04871795,1358,morning,2.167660473
9141,101,67.93084904,85.30918102,881,afternoon,13.56459444
9142,107,64.7043725,17.27039824,844,morning,10.78422518
9143,95,16.78828869,72.09383864,797,night,29.47129522
9144,74,42.21156075,4.258426209,632,evening,9.687671558
9145,117,45.43941011,33.18298436,1206,evening,7.933265162
9146,123,60.22098921,47.8361594,703,night,56.65097469
9147,42,54.55430455,2.796404717,1472,evening,52.88641823
9148,52,48.68651848,17.15536211,990,evening,11.9492739
9149,73,73.29501445,31.8910253,1057,afternoon,2.688459204
9150,58,73.00729074,98.25073583,1457,morning,20.65009356
9151,74,21.03568533,77.94758435,988,afternoon,18.00362561
9152,74,41.02969103,84.06964717,572,evening,61.16997528
9153,43,50.63475975,66.7516889,966,afternoon,23.75167801
9154,82,51.69197639,29.23945085,1085,night,85.82106453
9155,70,61.01444888,70.94479035,1400,evening,19.81144234
9156,88,57.4625142,67.37409796,767,night,33.01466117
9157,131,61.91087361,60.99511811,1054,morning,19.60091871
9158,78,64.26260976,29.83215036,1047,afternoon,11.61909316
9159,103,44.34104032,26.32143631,946,morning,0.835195836
9160,63,43.25571805,33.629923,805,afternoon,47.29894358
9161,66,77.89824271,31.23970493,467,morning,70.0341544
9162,109,40.07279897,7.783261605,527,night,39.68171479
9163,46,64.79549366,80.2277981,1299,night,9.538462774
9164,105,34.88743499,36.92570699,780,afternoon,50.94059886
9165,88,56.69263886,70.66368131,650,afternoon,28.46925197
9166,36,58.1414144,27.99244573,1205,evening,34.45997615
9167,101,62.97926205,60.20163138,585,afternoon,2.05697651
9168,56,81.80579057,3.467360178,657,night,26.15636572
9169,56,30.01490539,10.60383611,1169,morning,24.70773137
9170,97,52.98462127,36.45297086,818,morning,32.51183577
9171,62,63.24640761,26.87367801,1375,night,44.30385391
9172,127,63.30053415,35.34031677,1465,morning,15.55739928
9173,30,43.81069608,93.06921556,903,evening,5.051642088
9174,39,57.6936958,7.390078193,518,morning,77.25871274
9175,37,49.62144782,46.2730825,1017,evening,44.95968398
9176,49,64.79962399,19.8256624,1129,morning,23.31992614
9177,73,48.42418623,35.58385182,641,evening,13.13326719
9178,50,48.72080875,67.70348835,1409,morning,124.000483
9179,51,55.42027946,97.29391281,1119,evening,2.943496816
9180,51,40.01695602,69.4727706,1051,afternoon,81.82383591
9181,112,34.81565244,88.48444304,1228,morning,15.53282039
9182,107,23.47307518,14.72586657,999,evening,3.055116664
9183,57,47.30187636,18.13916144,982,evening,14.3011004
9184,63,35.30132256,87.67684798,1067,evening,41.54738481
9185,81,44.07292849,60.7522342,1170,night,16.58970929
9186,73,74.76580554,79.21193827,1087,evening,20.37942706
9187,53,44.70681114,22.28598081,1358,morning,52.02614162
9188,49,75.15527592,34.85949749,593,evening,28.67600902
9189,58,57.70926188,8.103452769,1255,morning,33.08587422
9190,88,44.36820866,89.55854491,1005,afternoon,5.017698098
9191,65,29.59920241,95.63554246,703,afternoon,8.728831107
9192,71,47.73159058,85.74638475,1108,afternoon,15.89295825
9193,127,41.96280643,43.71803142,1361,night,3.490287831
9194,83,73.6844339,34.11347111,1289,morning,9.818027408
9195,28,89.37629461,46.26007743,711,afternoon,53.7809947
9196,62,70.62478487,63.7617503,1209,morning,0.671574929
9197,97,35.18624306,43.15073437,1392,afternoon,1.568249614
9198,68,51.09685382,42.16202782,819,afternoon,34.85108347
9199,115,45.46390335,43.10390934,1392,morning,14.63969169
9200,103,38.21335842,74.45771828,1395,night,44.48806059
9201,36,48.18071872,78.67908703,653,night,80.57829802
9202,53,47.35368879,87.05383223,1144,afternoon,9.307149813
9203,73,86.73380609,24.2987274,1406,morning,1.130665098
9204,120,56.57814978,15.75047568,1383,night,18.2599777
9205,122,66.51806061,34.5127916,963,morning,99.91246639
9206,92,70.96806827,42.04480035,1360,afternoon,23.65200901
9207,50,65.10474205,70.18676587,560,morning,14.21771307
9208,66,77.29727122,75.79304339,744,evening,24.08913439
9209,82,42.56835032,98.41528668,767,night,5.422837456
9210,117,69.19063219,37.82226288,877,evening,41.75052747
9211,57,89.23846029,40.2519829,944,night,34.22553667
9212,53,35.58156897,54.20799742,1121,afternoon,38.63395977
9213,46,43.20531634,82.03354778,1511,evening,10.7987658
9214,37,41.70319454,66.09340088,752,afternoon,50.38254827
9215,97,93.11107667,57.2659425,1184,morning,67.04511051
9216,34,28.7302697,64.8121963,1377,morning,93.3893266
9217,118,52.20635937,46.4450392,1317,evening,30.52872607
9218,40,59.84287696,75.90535691,1203,evening,12.83938507
9219,86,39.01462174,7.529571105,1370,evening,14.70640883
9220,57,30.1707545,50.90239763,1390,morning,25.01576446
9221,111,33.60344515,80.65776511,1065,evening,25.70251772
9222,114,44.99117549,30.25190775,1225,night,47.16512464
9223,91,39.30592961,84.34160407,876,night,2.662596637
9224,35,78.86585907,78.28322401,927,afternoon,25.08242266
9225,79,39.48004987,58.06691462,1301,morning,12.85725442
9226,115,39.28297496,25.21485785,980,night,53.86363618
9227,63,57.88951913,86.10742157,1304,evening,13.01910418
9228,120,55.80699066,2.996887567,1166,morning,18.92339874
9229,64,0,59.25132362,998,morning,7.74963926
9230,103,32.61607179,78.25646672,549,night,10.51789535
9231,120,39.89301455,48.54028741,894,afternoon,24.33165455
9232,70,29.7731465,10.28561257,1374,afternoon,16.64900975
9233,78,69.24827775,83.3981579,1156,night,6.750839539
9234,107,20.08383791,90.90880711,926,evening,19.26658531
9235,132,71.02018941,56.33096935,576,night,5.422022103
9236,66,7.690449795,78.71546531,1229,morning,64.0433612
9237,107,51.61927513,61.07147868,928,night,77.38987494
9238,120,81.28273887,57.32829498,1379,night,7.702157682
9239,81,38.10497792,13.07719987,954,night,1.612008779
9240,104,50.46832294,43.67926131,777,afternoon,78.53247738
9241,91,70.55334582,67.87937497,1244,afternoon,11.21703707
9242,63,69.98728015,45.44830619,927,night,6.246106429
9243,42,56.04708959,61.77645437,918,evening,75.5167504
9244,131,46.36172723,89.48086832,897,morning,64.27232907
9245,32,46.15735206,36.62216317,1221,evening,1.63890994
9246,125,22.19822806,82.84866261,711,evening,6.982585613
9247,104,29.5033423,2.904518402,1080,evening,50.23016587
9248,48,50.72076716,85.26622753,1440,morning,9.326350115
9249,94,55.46967366,10.66772963,1396,morning,33.1184627
9250,84,101.415612,32.14407239,998,night,1.226093754
9251,62,65.61477574,51.34447109,778,evening,55.28581389
9252,90,43.02194335,65.00351408,569,evening,16.45706887
9253,92,60.20793803,95.31119685,1443,evening,19.04978633
9254,116,14.72288412,30.70303632,810,morning,49.54938084
9255,35,51.68922183,8.534875739,783,evening,18.16365497
9256,47,63.69409796,45.88356075,591,afternoon,3.298390385
9257,97,63.86513164,34.52682007,853,evening,21.05719635
9258,67,48.67511026,60.01191197,669,evening,18.30570452
9259,62,61.39652908,92.2782532,1429,morning,17.93678648
9260,126,44.6239833,64.33581058,1200,morning,6.423721414
9261,53,57.91422967,57.80142563,1384,afternoon,5.3734261
9262,102,31.17090332,24.60845816,649,night,45.13501003
9263,116,27.42253076,26.47641901,685,evening,28.96228561
9264,70,75.27285082,43.60758937,769,morning,0.191173144
9265,35,46.2940634,89.12923839,628,night,54.10747832
9266,70,58.843907,57.94837203,1207,morning,3.882046045
9267,134,34.30488071,49.46477671,604,morning,40.14582414
9268,70,27.4729249,54.25475209,709,morning,3.029895484
9269,47,39.10424213,83.37822413,648,morning,106.6064982
9270,78,58.49740855,67.78943294,829,morning,69.23123865
9271,42,8.743336259,92.74249936,1236,night,6.064159307
9272,31,54.14577437,58.17408832,497,evening,0.253865591
9273,119,63.62053651,19.6028603,739,night,1.845156063
9274,96,32.35682565,1.872584727,1013,morning,49.62394051
9275,83,54.82864603,31.71139069,1396,evening,2.396693391
9276,44,53.27338307,6.273602532,719,night,45.1720878
9277,120,32.66294965,40.7065031,1233,night,51.41108581
9278,127,47.05411079,18.78901699,1088,evening,10.99785867
9279,79,49.71800404,40.49132635,666,afternoon,39.85455166
9280,35,32.58191208,39.92032723,678,night,51.49469152
9281,119,43.03842036,27.62690695,750,afternoon,45.50936413
9282,97,49.53149672,65.28194278,1246,afternoon,6.379621336
9283,113,55.73974841,43.34338127,1032,evening,17.89631046
9284,63,87.79227049,89.34563067,1418,evening,2.120533743
9285,101,30.6356512,7.608040858,656,evening,22.35353162
9286,78,77.06995554,41.06235882,586,night,17.51930149
9287,63,32.05006991,77.59496443,1241,morning,69.87343111
9288,70,49.94992032,49.45352827,1516,afternoon,0.547484612
9289,56,68.38369098,96.60812727,591,morning,22.6661145
9290,29,58.80779549,17.48229705,1055,night,39.53731949
9291,32,2.906907593,31.60241946,928,afternoon,18.70603788
9292,44,71.71217908,11.61540581,1383,afternoon,8.157750793
9293,125,56.46631527,24.67296517,892,morning,28.23633596
9294,64,38.8761945,67.25322519,1382,evening,130.5282048
9295,83,47.38325365,48.69459973,879,afternoon,1.255930119
9296,127,58.5456224,16.20672297,1461,night,6.546276696
9297,33,61.72160012,47.46950693,1203,evening,20.23605387
9298,76,60.99141938,84.74014589,927,morning,27.30921472
9299,112,35.69820007,43.98258577,1340,afternoon,29.35697166
9300,87,49.7549404,1.321452899,1128,evening,1.862946738
9301,95,33.13668223,5.492153888,1232,afternoon,3.934764859
9302,91,65.32563913,43.81203336,1252,night,86.83925147
9303,109,45.11815801,59.32451257,1325,evening,2.350094112
9304,35,58.72934857,88.65330157,545,evening,16.29589253
9305,59,39.72112682,98.19615153,1282,evening,25.82946732
9306,119,51.71374627,98.03761097,763,morning,11.31337413
9307,55,46.16496759,55.78939787,769,afternoon,8.858458027
9308,119,25.72454814,3.573042489,1443,evening,10.2834644
9309,87,71.8172119,21.34821246,853,morning,9.964101223
9310,84,63.37006903,43.43317154,1342,night,14.31181974
9311,76,24.61680274,87.96759604,1257,evening,3.701606606
9312,79,33.61098109,2.155890467,1308,evening,57.62863773
9313,53,38.1073158,50.93394351,697,night,42.73921509
9314,48,76.34075994,65.34654694,942,night,1.040973523
9315,46,67.34265247,28.82298331,790,night,42.97175125
9316,82,54.33142708,31.56783709,791,morning,52.81731735
9317,111,18.36818319,38.84270283,1065,morning,76.53921277
9318,93,59.13035293,27.45942713,595,night,28.47588947
9319,41,53.38071745,43.71884246,591,afternoon,57.48633198
9320,52,43.10138252,15.80929487,1383,morning,42.70174454
9321,111,76.43513629,19.93318952,1479,evening,0.772220089
9322,56,46.00144601,3.713615551,952,night,49.98422573
9323,37,73.61902814,41.13146514,835,morning,26.09772903
9324,112,42.64907508,70.73382523,983,morning,31.54233904
9325,65,32.88911945,50.61521972,1185,night,64.86687493
9326,90,25.0813275,53.06577891,853,evening,0.314390365
9327,66,48.40301538,44.99463531,828,evening,3.425085024
9328,85,50.88888058,58.48467031,1015,night,25.5851136
9329,124,30.90452396,22.96763559,613,afternoon,15.81079924
9330,106,31.82438581,20.75157998,1497,evening,16.24061939
9331,100,73.51245613,94.19644354,647,night,11.22793602
9332,117,64.84289705,45.04094043,831,morning,51.20193918
9333,96,86.61480116,82.7175809,659,night,3.279734538
9334,106,17.65852562,91.68317524,568,night,22.84090916
9335,45,84.16310196,61.48834047,717,night,18.38675587
9336,84,34.25462153,29.87932687,815,morning,24.0428426
9337,96,23.69389972,67.98032113,711,evening,1.556494503
9338,79,55.00527904,43.09138934,922,afternoon,33.60378959
9339,66,12.80427634,97.30681012,1025,afternoon,0.408427484
9340,111,71.66572138,81.12896087,1450,night,22.5125214
9341,68,53.44090435,81.49448233,873,evening,9.257375489
9342,68,35.92911642,58.86890116,1493,morning,11.2648499
9343,72,70.04317242,0.841554304,1288,evening,40.2284444
9344,104,47.28995638,83.1820722,786,morning,127.8182651
9345,124,50.70858815,2.537189349,560,morning,19.35072079
9346,97,62.54694076,12.2358061,908,morning,33.21574886
9347,62,37.38609476,83.86691196,1130,night,8.56884768
9348,62,28.8951937,21.87949728,633,evening,24.2234503
9349,82,47.39106869,84.11261467,853,morning,3.160461892
9350,103,22.96790644,23.63508879,1133,evening,56.96043009
9351,46,41.3920165,77.07083199,1378,evening,18.24877772
9352,73,29.97286711,54.21764163,813,afternoon,13.457412
9353,48,43.76232722,67.09938637,1208,afternoon,21.60901362
9354,79,32.06198794,83.80813514,1019,afternoon,73.2368309
9355,52,43.1792092,98.40284146,1040,night,44.94376411
9356,100,70.55020526,8.569181059,1460,evening,4.971911803
9357,115,35.150556,68.53832894,1125,evening,43.83067231
9358,60,57.68521865,95.87254811,1495,evening,14.96990733
9359,49,13.82654106,37.37956245,998,night,15.07654375
9360,71,43.40360894,33.37448346,1473,afternoon,42.54087796
9361,37,33.50078702,67.9976989,1116,morning,18.46783913
9362,102,51.15617934,40.19510567,1204,night,2.256973889
9363,39,38.94995584,21.44605164,1135,morning,8.501514629
9364,75,67.28852483,16.14670858,1032,afternoon,67.50578131
9365,75,42.91843381,19.26302136,580,afternoon,26.89090434
9366,83,72.49896482,70.43110297,1299,morning,59.46166323
9367,55,8.157502975,91.86951071,656,afternoon,10.92184029
9368,98,50.80430763,80.6013698,1365,night,35.03447719
9369,124,52.68642311,44.82016456,1527,evening,46.15426037
9370,22,31.30388961,52.86011514,546,evening,6.059487345
9371,65,50.02195822,62.01734353,1276,afternoon,0.707869986
9372,128,59.64320123,57.99466315,1198,evening,30.18813427
9373,76,71.73795945,96.84727458,1130,night,25.80334228
9374,54,44.29127376,88.6693076,1068,evening,1.21944206
9375,64,41.21291215,4.354018261,1266,evening,15.86921181
9376,73,37.97227424,83.57658477,508,night,24.86333222
9377,50,50.99533073,11.40609616,776,night,7.150606868
9378,84,31.28465736,69.02095372,1294,morning,3.045691427
9379,41,65.00975703,28.56500126,999,afternoon,48.47830603
9380,41,17.5425073,77.33834026,1173,night,77.71618889
9381,120,48.70733332,0.860623978,1057,evening,17.79869851
9382,106,22.40822044,38.22718055,1320,night,4.315149083
9383,107,49.03856777,2.152231511,1064,night,16.40891471
9384,107,66.16811842,95.3530022,690,afternoon,9.818730929
9385,52,53.70003528,1.536492056,886,night,20.22985809
9386,70,37.9459388,15.52899373,586,evening,0.271973632
9387,76,64.33247158,53.92727856,1486,night,60.51398002
9388,90,0,64.61511033,582,morning,1.795797409
9389,51,48.65484486,72.89912591,1123,night,16.85641045
9390,72,33.35795576,24.69023515,1402,evening,32.46502242
9391,62,59.88459882,30.09950058,752,night,31.59312489
9392,66,0,23.99029022,709,morning,10.62350484
9393,71,40.69068239,24.40728223,1362,evening,20.76866929
9394,39,37.1403418,78.17929144,913,morning,20.60929449
9395,113,68.08486657,94.79987965,909,evening,4.22143851
9396,66,34.15384668,59.58029356,1141,night,13.97611287
9397,59,45.56095903,15.74305902,1217,evening,3.810489335
9398,123,51.42049966,6.543282157,1456,night,1.763519728
9399,51,49.5282609,23.91765696,1414,morning,1.717616621
9400,99,49.12506076,17.77944132,844,evening,17.12693756
9401,51,51.23370695,57.8521166,945,night,39.23650719
9402,89,49.98916925,69.79306668,851,evening,125.0983095
9403,105,97.53047076,0.459078108,863,night,25.40435516
9404,121,14.14705308,43.96203626,1458,evening,10.67203462
9405,41,34.17610798,62.29792553,1400,night,6.961894864
9406,90,49.0584908,19.28756864,729,night,35.60630222
9407,37,72.25863004,90.09708344,667,morning,1.594881802
9408,77,69.07582684,54.90122702,932,night,9.126436007
9409,42,70.75075985,34.53977785,962,afternoon,34.99528042
9410,101,49.29325578,1.867561475,746,evening,17.6648106
9411,114,74.82106887,48.43068646,1355,evening,20.80714298
9412,64,38.01230832,33.59460328,1429,morning,111.2500623
9413,60,68.31726556,96.9546292,947,afternoon,15.55675694
9414,34,53.78373882,37.87549636,1239,night,27.12577578
9415,75,54.13843078,92.10074154,1100,evening,197.3914976
9416,99,23.57849132,68.60543865,1037,evening,34.78613953
9417,117,14.59398896,7.396305753,1229,night,21.67474505
9418,84,44.18718771,93.27204775,1474,afternoon,11.74201605
9419,27,48.13676579,16.84484236,1085,evening,112.4660294
9420,39,27.57619302,44.80235672,1040,afternoon,10.43682671
9421,55,68.51591533,92.30040218,870,morning,3.693001738
9422,26,33.53292292,82.85098866,1207,morning,78.05294093
9423,92,61.51009564,48.75817954,568,afternoon,11.52562462
9424,25,44.11557172,20.69205417,689,morning,26.66671864
9425,122,65.63230363,50.92610486,995,afternoon,31.14558581
9426,85,26.04751642,54.7634375,1018,night,9.06994317
9427,74,17.90066339,99.69366185,1198,evening,16.51845064
9428,55,60.78538167,82.40312871,970,morning,5.069751581
9429,79,67.06426917,86.1317024,683,afternoon,64.76635392
9430,49,56.295522,98.61874248,631,afternoon,26.35021991
9431,113,32.33093631,52.33193485,1466,afternoon,66.29190024
9432,35,63.52769011,58.52264889,1118,evening,8.916681437
9433,80,61.3665088,45.4444217,987,evening,30.15294286
9434,52,27.16895738,12.54540434,1430,evening,7.375444821
9435,72,58.98073019,52.52567235,526,morning,10.23452521
9436,107,52.85079071,58.25888848,887,evening,13.442545
9437,112,52.09462323,23.72721451,1421,afternoon,23.91692203
9438,96,22.33844432,78.2824308,684,evening,24.3428816
9439,47,66.45755279,12.44823281,1121,morning,6.706672794
9440,123,39.14734377,50.19992495,791,evening,1.414956337
9441,70,37.04168088,66.27130848,1107,afternoon,44.36518584
9442,28,59.10300379,5.493132042,677,night,22.39972427
9443,34,45.63182979,80.40533096,752,morning,11.2736893
9444,47,21.28506541,30.4154193,1287,afternoon,1.626071731
9445,103,80.5893406,71.77492079,1179,evening,3.314389526
9446,105,54.56352677,10.82092514,589,morning,16.52745607
9447,122,49.59002206,62.02986091,843,morning,19.83974953
9448,55,49.37410883,55.72121234,1043,afternoon,14.21901221
9449,99,50.30703116,15.00025929,811,morning,25.07665615
9450,128,51.93173823,62.47448952,990,morning,50.47004313
9451,74,72.81438685,69.13241792,1298,night,33.91496137
9452,92,81.61516764,49.8502345,700,morning,60.52724844
9453,74,44.20403553,57.85767653,1356,night,28.69858284
9454,120,63.52787483,88.74195574,1128,afternoon,3.329105744
9455,89,62.54082163,69.77030145,1306,evening,4.873690499
9456,115,63.78860883,90.59546633,892,afternoon,14.85431593
9457,76,75.42955024,55.23439537,1412,night,10.01782642
9458,113,67.03763497,17.4853061,693,evening,31.68769221
9459,89,58.34449027,24.6290787,669,evening,29.49151583
9460,73,37.3088977,17.64105648,1457,morning,18.63012103
9461,41,56.06601288,33.52485499,751,morning,30.95401696
9462,105,29.08080338,47.75361501,814,evening,72.62959117
9463,97,59.22332986,25.59314926,904,evening,20.30134881
9464,81,56.3857217,47.5634751,1458,morning,12.79771338
9465,95,21.36960759,36.43580825,680,night,19.40156659
9466,98,40.61574215,55.53472646,804,evening,4.703408219
9467,95,35.17105692,42.85137735,1258,evening,3.073652033
9468,109,64.05687467,43.40928076,1060,evening,15.85621105
9469,54,44.11879769,49.0621184,667,evening,77.0749502
9470,90,21.53773176,98.78752306,1025,evening,59.61275008
9471,44,58.91712371,55.65484483,1365,morning,34.02178976
9472,69,54.1332213,72.33377333,559,night,38.07115659
9473,40,52.49008647,41.67455913,1218,morning,59.10253092
9474,54,27.95196852,32.58490573,1128,afternoon,74.10827464
9475,79,61.75493054,91.65771978,1069,evening,32.31429146
9476,88,47.73812735,74.23603279,943,afternoon,14.63059322
9477,90,46.53832976,58.24297658,719,afternoon,4.786664029
9478,34,24.84140635,33.64312936,1346,morning,0.208342212
9479,68,25.56367054,25.78602739,1368,night,31.31730973
9480,124,120,25.20716797,619,evening,15.21574691
9481,61,26.93702351,50.37308372,1438,afternoon,2.490994825
9482,61,7.856858448,87.48204661,611,afternoon,9.799464572
9483,73,42.29127052,88.10478203,1209,afternoon,18.97479622
9484,114,46.19031783,74.49852638,931,morning,45.91758706
9485,56,31.66234571,54.24911679,1255,night,11.3410246
9486,69,33.5646975,23.49097377,636,evening,32.03410812
9487,30,47.62363687,47.88524129,1259,evening,1.324127781
9488,104,57.28899628,69.47225519,1056,morning,98.40642804
9489,40,21.99993585,59.50166494,1432,night,106.9297317
9490,46,42.08688143,51.40341252,1262,evening,22.54360513
9491,66,49.96500761,42.82116195,981,morning,32.14906333
9492,23,45.22074496,75.25142965,1314,evening,43.39012171
9493,108,36.26665046,84.22351236,1063,afternoon,105.5799944
9494,122,29.4988845,72.29112371,1314,evening,23.59869735
9495,110,84.59574388,93.79275373,673,afternoon,42.23833732
9496,49,3.26100213,77.98734917,918,night,6.409334526
9497,44,70.50661237,45.0604852,1391,night,5.018566541
9498,98,27.14990899,61.67534861,1110,evening,37.39785697
9499,90,54.80698413,50.43671998,574,afternoon,77.28518101
9500,117,51.56420651,54.63232969,1471,night,25.1536478
9501,61,29.21078151,89.5699864,577,evening,22.93958284
9502,47,46.15494591,30.08585163,1063,afternoon,25.39792649
9503,26,42.05736133,1.309479456,1372,night,63.49223655
9504,102,50.55422031,69.56468002,918,night,48.28998905
9505,45,75.6390176,18.10136822,1106,evening,48.53479493
9506,75,78.45809566,15.42324163,1136,morning,3.37837487
9507,72,34.65358407,99.24762081,1467,night,42.78155786
9508,122,56.91512547,26.67752565,769,evening,43.86933752
9509,47,70.37305819,20.37677596,1303,afternoon,4.252309002
9510,113,41.33901539,19.09832767,618,night,19.13073587
9511,67,61.99208674,41.23535401,1048,night,3.090097777
9512,134,97.60367323,40.94178263,864,morning,15.176213
9513,81,27.19589023,63.24995012,1306,night,30.73347748
9514,57,59.57290066,10.36386907,828,night,7.388438904
9515,77,29.84400231,63.54449099,1214,morning,4.253319605
9516,104,37.49789849,45.36328997,667,afternoon,30.50747787
9517,72,40.48720025,20.76540934,1047,morning,52.59091077
9518,52,58.85712889,77.8221056,1013,night,5.027854178
9519,102,90.5234461,47.4062909,1407,afternoon,70.37946887
9520,125,38.05895626,71.70612413,678,morning,40.07115799
9521,40,70.174441,92.05695747,1180,evening,34.00030352
9522,114,31.96422259,35.34047832,800,afternoon,3.867938039
9523,118,41.21215517,89.79044482,1020,morning,79.66811132
9524,82,76.25551597,20.03414837,1230,morning,19.24327053
9525,24,69.13725353,22.21304274,894,afternoon,23.01048487
9526,101,41.76350777,66.36975623,1229,afternoon,21.56212741
9527,41,37.88833891,10.26316746,1231,afternoon,22.71898072
9528,114,59.371218,45.47800093,503,night,51.92569544
9529,113,36.91885443,21.38322749,951,night,3.121130452
9530,60,40.40179428,57.08563432,1139,morning,19.83790851
9531,72,41.97092091,80.68225002,1176,morning,28.55144792
9532,107,46.43421948,4.242445982,1231,evening,3.758433988
9533,95,38.33369544,41.33100188,913,afternoon,26.09774262
9534,69,17.30607482,73.06726145,532,evening,21.34903706
9535,84,81.04221089,34.22543028,1152,afternoon,7.558410899
9536,54,66.41850044,4.17060526,1427,morning,8.926767524
9537,35,48.25389466,59.13803138,1067,night,2.7043604
9538,71,35.22895988,12.01645212,1273,afternoon,36.66590454
9539,98,74.05992841,36.99197025,1334,night,4.817027695
9540,78,59.35190207,99.05331884,692,evening,46.67093102
9541,42,37.02578781,39.80199688,612,evening,66.12916379
9542,100,60.14992815,84.28569463,891,night,8.276880767
9543,75,51.61442164,85.98062344,1469,morning,9.046572219
9544,128,52.68624531,26.28311695,1079,evening,3.941060708
9545,40,67.23961764,59.55049799,964,night,23.3531689
9546,51,60.02077428,94.74586639,990,evening,99.90445057
9547,90,67.07826421,60.63326306,1287,morning,8.38063914
9548,116,86.65667788,81.32543348,1028,evening,5.224199871
9549,40,61.67218323,46.25629231,849,morning,27.95262267
9550,122,97.02811532,71.93274006,1323,morning,58.24915653
9551,115,73.88503849,2.185199337,1185,evening,61.26331017
9552,65,45.08507018,78.74734585,1102,night,12.71305254
9553,38,19.72201926,67.18494334,1120,morning,46.36719329
9554,51,74.08458011,35.88487426,513,afternoon,26.91931454
9555,94,24.16315772,41.69859104,588,morning,39.60433616
9556,48,53.10502909,32.66139068,1282,evening,33.89042383
9557,91,64.44923608,52.42865858,1185,afternoon,4.097446471
9558,105,28.54319744,10.86756342,1407,night,13.27155189
9559,84,37.40360339,84.49149385,874,afternoon,43.20413179
9560,128,28.71888213,47.80536785,994,afternoon,42.80248257
9561,94,91.2930057,4.310217833,796,afternoon,3.906155987
9562,74,64.68864664,55.29617409,1440,night,18.60152132
9563,66,35.52791635,93.05171358,792,night,60.97271155
9564,117,19.19643252,8.746050606,596,night,47.04535231
9565,43,32.56606139,12.31925654,1365,morning,26.09110892
9566,144,37.43562538,38.7183283,823,night,6.936542983
9567,121,38.90135449,73.56242607,1394,morning,11.77074587
9568,75,65.83786022,60.46219371,1039,morning,31.81050898
9569,101,21.78348591,45.79594903,1435,night,45.61663938
9570,107,71.74652638,99.27458909,956,evening,28.52994629
9571,130,13.86967645,18.57932832,1119,night,15.09459254
9572,39,48.50017797,82.17567949,506,night,25.78504897
9573,68,36.07710414,12.38369509,1273,evening,0.114906469
9574,74,69.89204272,17.96070263,1058,afternoon,39.91111379
9575,55,78.8088617,29.54442656,1184,evening,55.73073468
9576,99,66.17558885,87.30957189,950,morning,1.415475609
9577,64,58.85190243,44.42057292,1256,morning,15.29770697
9578,114,44.62747513,39.57854113,1367,morning,56.66588348
9579,32,76.82549569,49.07257913,1366,night,27.27438217
9580,69,29.98738848,63.09063321,652,night,19.81400638
9581,90,58.94276874,42.3494168,552,morning,2.732495079
9582,87,71.69220237,96.25316885,1489,morning,40.09117373
9583,111,68.32281674,13.53419098,994,afternoon,35.06492357
9584,34,60.5754851,47.56663043,750,morning,26.72884662
9585,106,60.0315202,41.54330581,908,morning,1.870438918
9586,102,67.8441714,69.27068178,932,morning,30.87931566
9587,31,47.34263591,96.30833602,548,afternoon,1.59169331
9588,94,78.53398634,28.84128744,750,morning,51.80542622
9589,73,91.13968555,95.53265039,678,night,61.04040308
9590,125,13.02957526,82.76996321,803,evening,22.70726772
9591,87,42.12124586,81.04779119,1011,afternoon,56.60184617
9592,84,27.68542315,7.307594961,638,night,15.36389443
9593,101,36.94933288,94.05834526,1018,afternoon,10.27635475
9594,74,52.47694887,83.89278464,1239,morning,19.85552923
9595,50,59.42029308,68.45831244,930,morning,24.54639749
9596,118,46.69701958,12.78592389,1063,morning,43.63154255
9597,120,62.71345911,42.00372593,1270,afternoon,27.64408712
9598,127,35.26719571,84.02282559,1315,afternoon,58.10729573
9599,32,41.90438526,43.75313766,592,evening,82.38364076
9600,106,62.91883079,43.64551685,1221,morning,22.14409674
9601,51,43.38582815,27.01258079,1219,morning,37.94098438
9602,63,24.21924354,5.118825093,911,night,19.70548209
9603,83,94.6349896,51.3003813,1389,morning,70.95408428
9604,42,68.7643268,77.44694936,563,afternoon,0.930195047
9605,131,53.26124686,14.60713551,961,afternoon,38.0403767
9606,62,67.84630153,89.37775673,1330,afternoon,20.5756897
9607,103,58.34656882,55.52839851,1230,afternoon,1.892423426
9608,48,18.23643155,81.22988806,1169,afternoon,41.07571307
9609,86,53.06427068,66.70398726,1278,evening,14.96803817
9610,97,35.53227625,13.49456235,1101,afternoon,22.47346705
9611,33,52.25806774,90.65922166,1108,afternoon,37.4279848
9612,86,58.08732706,71.81497528,1051,evening,8.713355659
9613,108,69.04221546,3.557898973,888,afternoon,10.2041251
9614,66,30.28391571,58.00442387,890,evening,13.23255667
9615,80,31.0171803,48.01262066,1240,morning,41.30412421
9616,65,40.51641811,85.91540762,889,night,120.2168309
9617,114,79.28375025,12.27849117,1419,evening,13.52779345
9618,96,42.73073356,59.08440459,1057,night,28.30967981
9619,42,60.69827361,31.02800398,802,morning,11.74909095
9620,94,48.88288163,24.5618867,647,night,62.8145078
9621,88,42.09483326,2.253535039,765,evening,82.23576168
9622,58,52.68880891,33.22283638,912,morning,6.307656518
9623,53,65.8370155,39.60958827,1398,night,31.84773952
9624,89,63.47644322,44.7786705,1272,evening,70.91748507
9625,38,25.82408004,73.47216704,1361,morning,19.32994076
9626,95,56.70065079,40.35424312,973,afternoon,12.25447546
9627,88,82.6109329,19.52398813,1387,evening,70.8230187
9628,114,56.09821732,39.81462342,847,night,8.946940003
9629,81,72.61750113,6.956500589,1197,night,6.961764753
9630,84,84.80930478,97.20742292,1163,afternoon,63.74269687
9631,62,53.27951264,6.623340867,1163,evening,30.12171082
9632,70,48.76078275,20.18908535,1237,afternoon,6.138527898
9633,95,58.59616782,42.80316364,826,morning,30.88961207
9634,132,75.74557317,93.34058297,1258,morning,62.67599111
9635,23,46.81756227,17.87371632,1449,morning,2.806483027
9636,83,27.06627782,39.97784909,907,night,8.899300255
9637,88,57.1955155,98.93170582,985,afternoon,27.806255
9638,39,68.56540496,60.20476262,669,night,3.664655008
9639,54,57.99200055,61.45832737,542,evening,70.75871823
9640,99,58.77773654,97.41293675,840,afternoon,26.96470677
9641,44,49.22888985,50.60981905,968,night,26.38332536
9642,85,45.30183594,0.256074453,1122,evening,1.725464477
9643,116,75.41553409,3.097964347,1325,morning,16.40974782
9644,125,14.32319043,68.13981335,930,evening,6.504491345
9645,41,51.83338275,21.15112285,892,morning,49.59036537
9646,86,30.35396111,47.84807358,647,night,12.28994622
9647,97,49.34530187,55.13722563,899,morning,15.47676656
9648,83,55.27901661,66.73501128,727,night,30.70432075
9649,124,60.11758358,8.374665235,528,afternoon,37.91398769
9650,59,52.83595044,76.00436823,606,afternoon,46.81651687
9651,52,77.81136294,92.0168015,812,morning,5.766163242
9652,79,52.11198648,25.57455367,614,morning,9.136824471
9653,87,28.77128264,38.0446076,1166,night,2.90811167
9654,80,70.69551793,74.38181556,953,night,58.23154946
9655,59,56.73188333,24.84406627,612,evening,11.36917752
9656,77,30.80611399,54.22445639,1467,night,4.04533297
9657,91,64.61766958,65.99468363,1408,morning,11.19082707
9658,49,38.8340794,87.92739609,1165,night,1.765797423
9659,55,68.70554487,34.53657414,1457,evening,54.34357759
9660,100,24.76901594,49.26482311,988,afternoon,10.14973864
9661,57,47.49919074,18.45994067,785,morning,12.92683449
9662,71,58.60376733,30.76104776,602,night,84.57267672
9663,48,28.66607133,9.493639271,611,afternoon,6.296870691
9664,84,60.46411171,19.7637745,1115,night,6.843978754
9665,85,70.65598013,34.62113274,1484,evening,24.66129414
9666,107,45.92841268,42.42718227,896,evening,107.5637301
9667,84,57.85970203,70.68775087,660,morning,69.4338634
9668,54,34.09292515,45.84489213,1464,morning,26.9599338
9669,94,107.2270688,4.904914226,1153,night,50.17613359
9670,94,50.12455315,75.57453786,666,morning,20.06077425
9671,110,56.62489559,53.27968297,882,evening,17.10815469
9672,44,44.64055584,93.94084592,834,night,15.34805784
9673,122,36.78815694,63.52400645,1005,afternoon,18.18321187
9674,127,69.28836556,53.3931804,732,morning,36.82023631
9675,52,1.862569197,29.44288619,880,night,51.6893911
9676,92,13.52136257,23.64603936,482,afternoon,25.74066649
9677,46,56.40489844,23.00337811,692,night,60.96465487
9678,106,42.64580957,40.71228262,525,morning,30.54195576
9679,34,66.90777563,17.13714168,997,afternoon,48.6962699
9680,38,39.64060999,84.42098052,1017,evening,35.09762248
9681,124,16.56971586,80.51973996,795,morning,44.58791033
9682,123,48.67298206,72.88476438,642,evening,0.577131863
9683,84,44.64032104,4.875076885,1005,night,60.57214199
9684,49,28.3504444,7.190587051,723,evening,65.12971276
9685,46,65.72550715,63.64252822,1174,afternoon,55.22443422
9686,99,57.13897092,74.89682772,1029,afternoon,39.29739159
9687,37,30.28305481,2.671594087,582,evening,46.46773844
9688,115,19.34156418,29.05002197,1202,morning,5.998417817
9689,72,57.10285729,13.62831891,1099,afternoon,1.463903297
9690,101,30.8733131,23.12789842,792,evening,10.26386577
9691,59,30.81193856,51.83770032,1336,evening,17.52588227
9692,62,47.81877478,10.92447022,1047,evening,9.473319549
9693,34,50.94996825,22.98341312,680,night,61.36022112
9694,40,60.05883914,56.49083949,1387,morning,100.0658502
9695,52,71.13915744,50.81090741,1298,night,44.19390038
9696,58,40.72522982,85.75910151,811,afternoon,19.42276557
9697,64,61.75247549,15.05797233,1310,afternoon,4.726411977
9698,39,46.51601307,36.98847357,1136,evening,61.68138578
9699,56,73.53938558,92.43597068,855,morning,55.35469851
9700,113,33.03555515,79.5798255,906,night,5.312807592
9701,127,60.48471025,59.73573313,566,evening,1.497961278
9702,46,33.45811691,76.89925302,1335,afternoon,68.76804098
9703,36,31.85796233,44.83807813,1036,morning,51.76906748
9704,132,40.87112384,91.06871767,961,night,81.65795264
9705,63,7.956593507,59.96564391,855,evening,13.28935927
9706,80,69.73051514,69.5635762,1494,afternoon,32.18214457
9707,45,32.54044376,65.19860812,709,afternoon,59.89681296
9708,72,40.78476726,67.2764533,634,afternoon,12.53047542
9709,41,30.65481578,64.10630409,764,morning,19.30372902
9710,53,68.99754941,7.376439522,1415,morning,22.75850288
9711,99,55.34186935,60.38491696,1188,afternoon,0.891279669
9712,91,61.01696855,78.33994264,1222,afternoon,52.87417349
9713,73,53.3960953,0.039584638,976,morning,86.36468299
9714,51,53.3666018,89.1675778,745,evening,16.19394024
9715,116,56.64391604,95.22337163,1133,evening,28.33699568
9716,35,68.98464874,12.81903227,1447,evening,23.40177836
9717,126,27.05217671,53.50522041,632,afternoon,12.82657049
9718,101,38.58545874,11.05964899,964,night,2.58080734
9719,58,28.97267964,28.30078572,743,afternoon,22.02761884
9720,84,61.99848614,62.14925483,835,night,8.395760754
9721,98,58.82521595,30.28525916,551,night,31.69623401
9722,26,64.36225637,36.55501529,682,morning,23.11525145
9723,55,0,74.61348873,502,afternoon,26.78663379
9724,58,41.345597,57.49831581,1300,night,27.61940693
9725,83,2.393149239,51.80447815,1248,evening,65.0628746
9726,120,89.02466206,32.41735083,976,afternoon,4.784675469
9727,55,52.54034516,70.4151029,1351,evening,49.14476749
9728,119,33.65089581,42.39666182,721,morning,92.84971639
9729,71,47.55471485,89.88137752,854,morning,38.3301075
9730,115,49.6374063,60.15987154,1264,night,4.491598856
9731,95,89.54051173,53.83126006,1287,morning,56.96168358
9732,96,46.15280337,80.31344926,1100,morning,47.07720025
9733,94,53.71185966,48.54411791,1214,morning,59.57735995
9734,49,38.13856042,27.928833,975,afternoon,19.98589969
9735,96,92.18999773,15.50970104,1343,evening,51.48483448
9736,88,81.4474675,56.18184647,568,evening,5.017558866
9737,49,10.87753742,42.48566009,1017,evening,25.78835229
9738,113,67.07339321,39.73760038,1465,afternoon,24.07136342
9739,69,58.96089575,34.94071898,679,evening,68.11349174
9740,131,34.48280423,67.16122159,1389,night,59.61356925
9741,91,30.13426492,51.89964369,582,evening,37.76769588
9742,99,9.399672855,53.72386574,1357,afternoon,5.765631214
9743,108,62.85446375,30.81248013,774,evening,49.31221474
9744,70,22.81168568,61.36509784,781,afternoon,28.57696867
9745,46,56.19702281,40.35160745,1300,night,50.88184368
9746,31,28.2314478,76.94799398,1130,evening,83.59188155
9747,96,26.09456313,52.95305547,540,morning,17.93994282
9748,110,51.00507612,28.94525008,863,morning,40.93671308
9749,54,75.01232449,14.77296668,848,afternoon,108.3054974
9750,97,34.64948016,69.99359988,560,afternoon,7.210659792
9751,108,48.81616634,37.11057013,808,afternoon,56.31933943
9752,44,52.05759694,6.551118451,1013,afternoon,4.592215488
9753,87,48.42472501,91.49187021,1058,morning,0.518385673
9754,96,56.19630302,38.6645231,1430,morning,56.32489577
9755,129,50.32595311,74.59432592,1265,night,96.47293378
9756,108,15.17253381,45.8915188,1023,night,0.982243235
9757,50,76.09311388,89.09260892,905,night,55.81834792
9758,123,57.89778718,2.907224701,1116,morning,36.0586213
9759,104,45.73565041,25.9406821,1173,night,36.09812136
9760,116,30.0100535,54.57759595,1006,afternoon,18.46457997
9761,100,42.69748973,32.32291241,1353,night,16.19217329
9762,110,67.48073082,74.26885537,838,morning,14.00516511
9763,48,23.381983,68.84181451,638,morning,14.43012811
9764,49,33.21383908,2.552430258,722,night,83.01323744
9765,49,48.2916066,60.05130003,674,afternoon,50.74838515
9766,29,17.85382229,83.58863915,876,afternoon,11.29394086
9767,108,30.585897,31.56220077,734,evening,40.47736332
9768,30,44.48306388,13.93589457,1043,morning,32.05562913
9769,123,0.972115127,73.82970867,1476,afternoon,56.12100368
9770,33,45.18875344,90.04274614,1275,night,2.892544468
9771,43,23.70482005,65.69042219,1186,morning,36.13317521
9772,112,73.66057858,84.60436543,871,morning,8.428584063
9773,122,38.91089307,99.86650042,743,morning,8.296216449
9774,76,64.76770246,49.93860874,490,morning,36.69821149
9775,33,57.71755417,93.52887088,671,afternoon,67.59777152
9776,59,34.22079148,34.43621861,1453,night,21.77201289
9777,100,57.03809156,74.56484466,588,night,18.79445734
9778,88,84.00447832,90.14661423,796,evening,50.63929232
9779,66,50.99249663,52.08752636,578,morning,0.773334294
9780,48,42.89926189,62.64673304,1500,evening,36.83407651
9781,82,57.61212558,97.04938375,1423,morning,1.732871526
9782,50,59.68379808,25.1179973,1083,night,8.407983218
9783,82,42.6083829,35.59778856,1267,night,32.99437538
9784,67,0,77.22766913,843,night,14.3505037
9785,125,32.17998846,34.09703298,1497,evening,10.49626601
9786,47,23.91196599,50.0775415,726,night,21.05426611
9787,28,49.53003256,5.045771193,1238,afternoon,56.88709325
9788,93,73.52613163,56.54840406,1312,morning,16.65372547
9789,83,59.75015755,62.67848125,969,night,22.8351297
9790,72,40.04283816,8.260449993,894,morning,5.158275029
9791,34,55.24168919,24.39021691,521,night,17.64424472
9792,105,49.60399334,43.3186756,1155,evening,0.500374716
9793,46,60.41060749,78.12410621,1268,afternoon,54.62968386
9794,36,61.5233651,2.165698719,989,morning,6.951699887
9795,50,76.04438917,33.13495021,1332,evening,75.7300003
9796,87,47.21429823,0.48925912,1171,night,13.28089976
9797,111,14.04315973,52.12823896,1242,afternoon,54.21390364
9798,63,23.49850846,49.87757095,1247,afternoon,14.81017733
9799,64,50.3486718,75.53717636,624,evening,4.972194001
9800,107,44.62277381,0.391958686,1095,afternoon,21.01876418
9801,96,64.44254248,75.87136188,1284,morning,9.057015916
9802,118,70.74907642,89.12270661,756,night,11.70251788
9803,70,50.7232234,31.74201185,1421,afternoon,11.39949627
9804,65,25.00339216,33.36903359,800,night,12.73206478
9805,80,61.23908046,0.106916164,882,afternoon,20.68200766
9806,108,55.58278502,42.9112877,771,morning,4.098287501
9807,90,62.69483814,61.30140622,696,night,8.937434817
9808,114,35.50240215,12.26948628,1361,morning,30.0162221
9809,120,109.6155379,65.7164901,1484,afternoon,42.28098101
9810,38,15.09247795,36.57426704,797,evening,8.383855968
9811,32,51.86949063,67.29978897,565,night,9.114828136
9812,44,64.29235725,25.10972794,1216,night,19.50447224
9813,97,66.53447892,77.46463844,1412,morning,119.0543222
9814,116,50.19130276,54.8852862,902,morning,23.96840249
9815,53,62.4223197,53.31949402,560,evening,50.37905512
9816,103,68.10098579,48.81586819,982,morning,75.28032478
9817,68,52.15808695,84.1974857,1146,evening,30.39095907
9818,51,54.57223982,55.42547011,1329,morning,21.96631679
9819,59,62.82480305,15.95992463,569,afternoon,43.38759489
9820,112,50.42795677,62.58060909,574,afternoon,11.52049601
9821,94,76.67763392,51.40866376,1501,evening,107.9274796
9822,65,69.94977987,6.893281707,1360,afternoon,19.35211954
9823,90,43.87347269,58.1080976,883,evening,79.05516466
9824,78,35.63257196,7.938470594,885,afternoon,42.78709819
9825,106,65.4653112,72.48318567,1107,evening,7.129048039
9826,83,51.71966931,65.47807632,817,night,7.480674099
9827,73,38.14172545,49.32564278,1398,evening,12.91562644
9828,47,40.40651813,74.87842972,1144,afternoon,13.95848807
9829,68,62.96404626,28.0742599,853,morning,0.453348654
9830,88,40.7004661,44.64261581,521,night,58.0952558
9831,38,78.91699568,1.528836254,733,morning,8.250804777
9832,95,30.04405546,98.82933154,647,night,52.24958075
9833,88,39.97935653,5.625460901,1345,night,19.78407259
9834,103,31.39466907,10.4455273,1245,evening,26.89707949
9835,70,25.62034471,49.48855918,739,evening,23.06529033
9836,77,34.07681372,37.59032733,966,night,86.83977582
9837,98,39.8281651,53.23486755,984,afternoon,16.23720609
9838,103,41.60348578,83.50114187,776,night,14.76816099
9839,107,6.704455377,15.86206596,573,afternoon,28.62733182
9840,79,26.13038,63.95316243,1072,night,14.43072542
9841,79,53.59763839,1.803539284,828,afternoon,28.0524365
9842,76,35.95227284,79.00445943,828,evening,25.48535144
9843,96,70.82621056,81.56295215,1056,night,44.7551482
9844,29,45.1682024,37.93777971,1306,night,137.9987606
9845,104,61.84788626,17.33332493,1000,afternoon,113.5849286
9846,99,42.55950219,81.10610733,1355,afternoon,3.96376737
9847,122,68.30912499,90.92090356,1135,night,18.05087263
9848,115,3.327233786,7.530670739,706,afternoon,16.46406977
9849,125,52.13272488,57.98067738,951,evening,6.346544509
9850,83,80.60830104,93.81543393,1097,evening,40.84618723
9851,58,20.8571734,64.37358645,1257,night,103.7756019
9852,122,65.04551818,82.03202019,884,night,4.968526879
9853,127,57.83513669,22.98219474,496,afternoon,9.533781863
9854,117,21.45027849,10.23353733,1378,evening,57.93504177
9855,76,56.9623526,37.61879387,750,morning,10.92657233
9856,37,56.81943171,39.51101577,1397,evening,17.46217452
9857,48,48.17575693,78.62036906,767,afternoon,40.45350541
9858,124,72.82772493,40.62944814,1150,afternoon,4.040642723
9859,140,70.06034246,23.66022545,1357,night,22.46869321
9860,124,66.29842675,88.63405131,613,evening,3.484811181
9861,61,78.03529985,78.26543344,703,night,10.93095297
9862,99,33.76342202,66.73016364,786,afternoon,8.111733851
9863,96,39.53682957,20.71126454,994,night,39.30581566
9864,37,36.82068812,20.48120274,1012,night,4.89918061
9865,115,39.77947746,49.13552193,963,night,32.535177
9866,110,40.16145738,53.09208269,578,night,25.71293125
9867,96,47.28414316,25.60953147,1256,morning,33.79232299
9868,115,42.29331798,12.33704008,796,afternoon,62.76465871
9869,40,28.24758079,36.32037149,1264,evening,22.91493537
9870,55,65.87557504,42.90832191,1369,night,38.25401849
9871,110,32.48633867,5.2541779,727,evening,48.97367463
9872,119,81.48781438,56.46398402,799,evening,35.68503762
9873,33,66.13584918,0.201066678,649,evening,11.52863182
9874,70,26.43684005,15.11729539,1102,afternoon,97.6846835
9875,129,49.60194366,14.69595973,568,night,1.87993894
9876,89,21.68363367,68.75545945,757,evening,13.97109104
9877,122,75.48364672,48.58917354,1181,night,51.66340503
9878,111,50.10105265,83.60363091,1029,night,12.9191903
9879,87,49.3337104,26.48486442,1439,evening,23.68483855
9880,73,54.41980156,21.05743791,1422,morning,4.333142731
9881,41,46.55076159,80.28950906,1338,afternoon,58.31879472
9882,93,36.82196438,44.42040855,730,night,80.2792683
9883,124,48.0756164,27.42306336,966,night,124.0933259
9884,106,75.08592094,41.82597966,927,morning,2.406859672
9885,68,38.8684008,42.52735248,961,afternoon,6.662956423
9886,61,77.8775945,57.2107658,719,evening,20.49538184
9887,74,40.55863545,3.766633016,1245,afternoon,9.548913445
9888,105,53.59485112,24.79490383,1210,evening,30.86903686
9889,125,89.22147315,46.68940842,947,evening,56.01414183
9890,121,61.29018126,54.22930664,830,morning,4.077040584
9891,52,57.07910257,15.87556057,965,night,0.09581804
9892,110,63.07145727,19.36224282,1328,afternoon,152.1618648
9893,76,69.97646722,72.76029219,893,afternoon,17.95892417
9894,93,33.2644246,78.55571613,1411,evening,2.127268895
9895,60,59.96634836,7.514249533,1188,morning,26.63834042
9896,90,55.15944907,99.0080068,976,morning,41.97510957
9897,104,6.671781898,43.31238513,1455,evening,48.47023644
9898,33,54.95706257,58.57509387,1456,morning,25.2696268
9899,86,30.1973957,59.36508646,1101,night,34.13755529
9900,62,52.25007785,34.60217608,861,morning,19.40279694
9901,64,69.68583297,54.47906104,691,morning,29.00832282
9902,88,31.31838638,58.34020794,809,night,90.84023596
9903,50,47.62489078,76.07628138,905,evening,131.5113867
9904,82,41.48454773,66.17924302,1423,morning,29.63075237
9905,89,72.8222636,44.66771187,1416,evening,26.306422
9906,125,39.00292599,19.13306117,1380,evening,12.71678114
9907,40,54.34315114,2.516002057,595,evening,11.75761348
9908,74,62.62748556,65.18539003,931,night,77.50656393
9909,71,65.19397892,47.7704868,1251,afternoon,32.82225191
9910,68,30.62224941,96.55247575,1025,evening,18.40673758
9911,109,44.91240459,9.831686584,646,afternoon,32.89392827
9912,79,82.02835619,7.26231991,1292,afternoon,3.866183122
9913,37,49.68921447,18.12784779,1222,afternoon,86.17429961
9914,49,70.60810243,37.68338769,812,evening,22.16475665
9915,124,91.15968837,17.51746732,585,night,12.19774482
9916,112,48.64890253,46.38460877,901,morning,0.401388276
9917,45,66.6233826,33.97079257,540,afternoon,33.91855275
9918,124,69.07426485,99.94929819,933,afternoon,104.7696255
9919,119,22.82975607,96.67031562,927,morning,24.529965
9920,31,58.03765369,36.48158894,1291,night,12.13455225
9921,83,80.06564724,79.20994549,1383,night,16.25566311
9922,48,18.44033916,24.16476637,650,afternoon,25.2275704
9923,64,47.72067243,5.774664033,897,afternoon,35.01530947
9924,116,52.29099885,4.048804669,1447,afternoon,6.075683799
9925,61,48.01205648,2.917708682,773,night,82.05556902
9926,100,45.98171957,73.59351415,1218,evening,16.04918534
9927,134,27.78355984,34.22226743,1136,afternoon,29.38148764
9928,100,57.70754043,82.38349065,757,morning,72.71879444
9929,64,35.08796209,87.38339362,1192,morning,25.90744914
9930,84,35.59192347,30.55052905,1323,afternoon,34.51744265
9931,71,12.25652968,28.91436068,1260,evening,30.0872352
9932,71,21.5162026,30.79280519,744,afternoon,8.552117018
9933,137,79.55920893,47.54486985,718,morning,98.86331642
9934,69,51.55246346,1.594475434,1206,morning,19.18341115
9935,39,64.79167019,1.084268293,835,morning,3.107297062
9936,51,32.25071368,73.54759996,1108,evening,186.236734
9937,61,11.11373518,80.82083713,690,afternoon,31.49652651
9938,34,36.86293314,20.41272128,914,night,28.13153084
9939,115,11.71229995,59.38770649,1204,afternoon,74.51678559
9940,91,35.99089353,21.60077985,1096,evening,23.41805274
9941,44,73.01144003,73.42134128,1029,afternoon,13.40733168
9942,71,48.02581091,42.05172142,747,afternoon,5.761742218
9943,105,78.97990268,82.27548136,1092,night,49.91399169
9944,95,61.4040622,94.85395059,1017,night,12.05943774
9945,31,71.32659224,55.54519554,1240,night,21.79495669
9946,67,45.13295163,90.06675179,787,morning,21.33214622
9947,45,22.1631126,3.379121862,1319,afternoon,40.45803976
9948,38,29.684431,46.26912747,1497,afternoon,34.57713015
9949,118,74.50736623,50.3495671,1125,morning,16.5274331
9950,61,53.5731166,41.58125793,1285,night,16.65574453
9951,126,22.50773549,31.48422717,1061,afternoon,9.454927578
9952,139,62.98885665,72.29621296,1248,afternoon,12.50717939
9953,102,18.83629202,55.26822195,1410,afternoon,37.28853038
9954,93,59.21713762,8.241638931,1152,evening,24.78920239
9955,40,44.8252266,95.07125019,1173,night,1.571925487
9956,114,63.78576105,88.75172943,1467,night,21.28954979
9957,78,44.71854846,35.3468349,1039,evening,93.06247884
9958,72,64.50345574,24.61968928,1099,evening,3.472264884
9959,31,19.38116647,62.84720109,911,morning,3.324716767
9960,62,56.68457567,4.330761025,799,night,33.05670004
9961,105,41.12039039,49.59936069,576,morning,94.92309979
9962,84,57.4704754,67.26253409,1243,night,0.812050082
9963,95,43.84783096,40.66852626,1333,afternoon,12.67224122
9964,34,32.11133532,97.22915465,506,evening,2.080550317
9965,61,47.90194212,71.88649304,1388,night,9.269889215
9966,48,74.75230904,93.40667545,825,morning,24.25791772
9967,82,37.92483046,90.78911958,616,night,17.50833385
9968,63,53.99688769,13.16971599,1159,night,13.54495733
9969,52,36.5305581,66.86292164,797,night,7.097356082
9970,36,10.71113799,59.66872341,1068,afternoon,28.98425598
9971,78,51.50150436,5.483072936,530,afternoon,25.7233506
9972,91,120,31.78871024,1434,morning,32.63761646
9973,104,23.25853685,53.45785161,747,night,47.28155284
9974,115,69.1708724,54.8154511,1321,afternoon,39.22094983
9975,88,2.577101853,81.40776463,1298,night,94.58812572
9976,117,48.89535829,58.76374808,704,evening,5.568836114
9977,85,22.14541588,46.65064875,804,afternoon,90.72730623
9978,113,58.65085596,75.19594007,1291,night,5.667404527
9979,94,38.95452741,57.08899688,470,morning,55.51437043
9980,21,38.23237692,88.37566004,989,evening,46.59788356
9981,51,27.34662924,90.54658114,844,evening,32.90450226
9982,42,7.011345004,60.43878031,740,evening,36.75043593
9983,105,44.11529726,56.43355948,643,morning,35.28335784
9984,123,35.7895587,70.12801095,505,morning,22.6451525
9985,55,41.66289719,72.5512617,1000,afternoon,0.996029187
9986,77,43.15728894,72.71687125,1048,night,25.99372316
9987,128,33.19150763,62.07064991,828,afternoon,14.78603184
9988,69,52.37706912,76.28136079,1023,night,9.538781048
9989,96,45.63519249,14.41155837,1005,afternoon,20.20760849
9990,37,66.51035691,82.14737424,654,afternoon,56.53777479
9991,130,97.5858202,31.04324113,899,morning,25.9075579
9992,52,54.56259233,88.56877493,1079,afternoon,100.3664801
9993,122,72.13834037,13.18262467,1111,morning,16.37133629
9994,69,52.50872631,0.360310555,896,afternoon,5.527815005
9995,61,59.307718,1.567262175,574,evening,11.33513019
9996,108,43.48000461,21.01599051,1377,night,4.687956094
9997,78,47.94993305,11.37746241,587,afternoon,34.64381792
9998,123,34.09683096,55.39128017,626,afternoon,5.213442898
9999,77,78.35345441,44.84141348,1496,morning,21.90996166
